queue_type,event_priority,latency_ns
FIFO,CRITICAL,87303900
FIFO,NORMAL,87248400
FIFO,NORMAL,87249700
FIFO,NORMAL,87251000
FIFO,NORMAL,87252100
FIFO,NORMAL,87253600
FIFO,NORMAL,87256700
FIFO,NORMAL,87268400
FIFO,NORMAL,87262500
FIFO,NORMAL,87263700
FIFO,LOW,87264900
FIFO,NORMAL,87266300
FIFO,NORMAL,87267600
FIFO,NORMAL,87268900
FIFO,NORMAL,87270100
FIFO,NORMAL,87271500
FIFO,NORMAL,87272700
FIFO,NORMAL,87274100
FIFO,NORMAL,87275300
FIFO,NORMAL,87276700
FIFO,LOW,87277900
FIFO,NORMAL,87279500
FIFO,NORMAL,87280800
FIFO,NORMAL,87282200
FIFO,NORMAL,87283300
FIFO,NORMAL,87284700
FIFO,NORMAL,87285900
FIFO,NORMAL,87287400
FIFO,NORMAL,87288700
FIFO,NORMAL,87289900
FIFO,LOW,87291200
FIFO,NORMAL,87292500
FIFO,NORMAL,87291100
FIFO,NORMAL,87274500
FIFO,NORMAL,87275800
FIFO,NORMAL,87277100
FIFO,NORMAL,87278300
FIFO,NORMAL,87274800
FIFO,NORMAL,87276000
FIFO,NORMAL,87277400
FIFO,LOW,87278500
FIFO,NORMAL,87279900
FIFO,NORMAL,87281400
FIFO,NORMAL,87282600
FIFO,NORMAL,87283900
FIFO,NORMAL,87285100
FIFO,NORMAL,87286500
FIFO,NORMAL,87287800
FIFO,NORMAL,87289200
FIFO,NORMAL,87290400
FIFO,LOW,87291800
FIFO,NORMAL,87293000
FIFO,NORMAL,87294200
FIFO,NORMAL,87295600
FIFO,NORMAL,87296800
FIFO,NORMAL,87298200
FIFO,NORMAL,87299500
FIFO,NORMAL,87300400
FIFO,NORMAL,87287900
FIFO,NORMAL,87288900
FIFO,LOW,87290500
FIFO,NORMAL,87291800
FIFO,NORMAL,87293200
FIFO,NORMAL,87294500
FIFO,NORMAL,87295800
FIFO,NORMAL,87297100
FIFO,NORMAL,87298200
FIFO,NORMAL,87299600
FIFO,NORMAL,87300900
FIFO,NORMAL,87302300
FIFO,LOW,87303400
FIFO,NORMAL,87304700
FIFO,NORMAL,87306100
FIFO,NORMAL,87307300
FIFO,NORMAL,87308600
FIFO,NORMAL,87309800
FIFO,NORMAL,87311200
FIFO,NORMAL,87312500
FIFO,NORMAL,87309400
FIFO,NORMAL,87310700
FIFO,LOW,87312000
FIFO,NORMAL,87315500
FIFO,NORMAL,87316600
FIFO,NORMAL,87301600
FIFO,NORMAL,87302900
FIFO,NORMAL,87346100
FIFO,NORMAL,87347500
FIFO,NORMAL,87348700
FIFO,NORMAL,87349900
FIFO,NORMAL,87350900
FIFO,LOW,87352100
FIFO,NORMAL,87353500
FIFO,NORMAL,87354800
FIFO,NORMAL,87356000
FIFO,NORMAL,87357400
FIFO,NORMAL,87358600
FIFO,NORMAL,87360100
FIFO,NORMAL,87361400
FIFO,NORMAL,87362500
FIFO,NORMAL,87363800
FIFO,HIGH,87365100
FIFO,NORMAL,87366300
FIFO,NORMAL,87367500
FIFO,NORMAL,87368800
FIFO,NORMAL,87370100
FIFO,NORMAL,87371400
FIFO,NORMAL,87372700
FIFO,NORMAL,87373700
FIFO,NORMAL,87370400
FIFO,NORMAL,87371400
FIFO,LOW,87372600
FIFO,NORMAL,87373800
FIFO,NORMAL,87375000
FIFO,NORMAL,87376300
FIFO,NORMAL,87377400
FIFO,NORMAL,87378600
FIFO,NORMAL,87379800
FIFO,NORMAL,87381100
FIFO,NORMAL,87382100
FIFO,NORMAL,87369400
FIFO,LOW,87370700
FIFO,NORMAL,87371800
FIFO,NORMAL,87373000
FIFO,NORMAL,87374400
FIFO,NORMAL,87375900
FIFO,NORMAL,87377200
FIFO,NORMAL,87378500
FIFO,NORMAL,87379800
FIFO,NORMAL,87381000
FIFO,NORMAL,87382200
FIFO,LOW,87383500
FIFO,NORMAL,87384900
FIFO,NORMAL,87385900
FIFO,NORMAL,87380800
FIFO,NORMAL,87382100
FIFO,NORMAL,87383300
FIFO,NORMAL,87384600
FIFO,NORMAL,87385900
FIFO,NORMAL,87387200
FIFO,NORMAL,87388400
FIFO,LOW,87389700
FIFO,NORMAL,87391000
FIFO,NORMAL,87392200
FIFO,NORMAL,87393500
FIFO,NORMAL,87394900
FIFO,NORMAL,87396300
FIFO,NORMAL,87397700
FIFO,NORMAL,87399100
FIFO,NORMAL,87400400
FIFO,NORMAL,87401700
FIFO,LOW,87402900
FIFO,NORMAL,87404200
FIFO,NORMAL,87405500
FIFO,NORMAL,87406800
FIFO,NORMAL,87408100
FIFO,NORMAL,87409600
FIFO,NORMAL,87411000
FIFO,NORMAL,87412000
FIFO,NORMAL,87398700
FIFO,NORMAL,87399900
FIFO,LOW,87396500
FIFO,NORMAL,87397800
FIFO,NORMAL,87399100
FIFO,NORMAL,87400400
FIFO,NORMAL,87401700
FIFO,NORMAL,87403000
FIFO,NORMAL,87404200
FIFO,NORMAL,87405500
FIFO,NORMAL,87406800
FIFO,NORMAL,87408100
FIFO,LOW,87409300
FIFO,NORMAL,87410600
FIFO,NORMAL,87412200
FIFO,NORMAL,87413400
FIFO,NORMAL,87414600
FIFO,NORMAL,87415900
FIFO,NORMAL,87417100
FIFO,NORMAL,87418500
FIFO,NORMAL,87419600
FIFO,NORMAL,87420900
FIFO,LOW,87422200
FIFO,NORMAL,87423500
FIFO,NORMAL,87424500
FIFO,NORMAL,87407500
FIFO,NORMAL,87406700
FIFO,NORMAL,87408000
FIFO,NORMAL,87409200
FIFO,NORMAL,87410600
FIFO,NORMAL,87412000
FIFO,NORMAL,87413000
FIFO,LOW,87414000
FIFO,NORMAL,87415200
FIFO,NORMAL,87416600
FIFO,NORMAL,87417800
FIFO,NORMAL,87419000
FIFO,NORMAL,87420400
FIFO,NORMAL,87421700
FIFO,NORMAL,87423100
FIFO,NORMAL,87424300
FIFO,NORMAL,87425600
FIFO,HIGH,87426900
FIFO,NORMAL,87423500
FIFO,NORMAL,87424900
FIFO,NORMAL,87426200
FIFO,NORMAL,87427300
FIFO,NORMAL,87428700
FIFO,NORMAL,87430000
FIFO,NORMAL,87431200
FIFO,NORMAL,87432400
FIFO,NORMAL,87435700
FIFO,LOW,87436900
FIFO,NORMAL,87438300
FIFO,NORMAL,87439600
FIFO,NORMAL,87440900
FIFO,NORMAL,87442100
FIFO,NORMAL,87443400
FIFO,NORMAL,87444700
FIFO,NORMAL,87446000
FIFO,NORMAL,87447300
FIFO,NORMAL,87448800
FIFO,LOW,87450100
FIFO,NORMAL,87451500
FIFO,NORMAL,87452800
FIFO,NORMAL,87454000
FIFO,NORMAL,87455600
FIFO,NORMAL,87456900
FIFO,NORMAL,87458300
FIFO,NORMAL,87459500
FIFO,NORMAL,87460800
FIFO,NORMAL,87462100
FIFO,LOW,87463500
FIFO,NORMAL,87464700
FIFO,NORMAL,87465900
FIFO,NORMAL,87466800
FIFO,NORMAL,87450700
FIFO,NORMAL,87450500
FIFO,NORMAL,87454100
FIFO,NORMAL,87461800
FIFO,NORMAL,87463000
FIFO,NORMAL,87464200
FIFO,LOW,87465500
FIFO,NORMAL,87466800
FIFO,NORMAL,87463700
FIFO,NORMAL,87464800
FIFO,NORMAL,87466300
FIFO,NORMAL,87467500
FIFO,NORMAL,87468700
FIFO,NORMAL,87470000
FIFO,NORMAL,87471300
FIFO,NORMAL,87472600
FIFO,LOW,87473800
FIFO,NORMAL,87475200
FIFO,NORMAL,87476500
FIFO,NORMAL,87477700
FIFO,NORMAL,87478800
FIFO,NORMAL,87480100
FIFO,NORMAL,87481500
FIFO,NORMAL,87482700
FIFO,NORMAL,87484000
FIFO,NORMAL,87485400
FIFO,LOW,87486600
FIFO,NORMAL,87487900
FIFO,NORMAL,87489200
FIFO,NORMAL,87490700
FIFO,NORMAL,87491800
FIFO,NORMAL,87493100
FIFO,NORMAL,87494400
FIFO,NORMAL,87495600
FIFO,NORMAL,87497100
FIFO,NORMAL,87498400
FIFO,LOW,87499700
FIFO,NORMAL,87501100
FIFO,NORMAL,87502400
FIFO,NORMAL,87503600
FIFO,NORMAL,87505100
FIFO,NORMAL,87506300
FIFO,NORMAL,87507700
FIFO,NORMAL,87508900
FIFO,NORMAL,87510300
FIFO,NORMAL,87511600
FIFO,LOW,87512600
FIFO,NORMAL,87513800
FIFO,NORMAL,87515100
FIFO,NORMAL,87502600
FIFO,NORMAL,87489100
FIFO,NORMAL,87488300
FIFO,NORMAL,87489300
FIFO,NORMAL,87490400
FIFO,NORMAL,87491500
FIFO,NORMAL,87492800
FIFO,LOW,87493900
FIFO,NORMAL,87495100
FIFO,NORMAL,87496300
FIFO,NORMAL,87497700
FIFO,NORMAL,87498800
FIFO,NORMAL,87500200
FIFO,NORMAL,87501300
FIFO,NORMAL,87502700
FIFO,NORMAL,87504000
FIFO,NORMAL,87505300
FIFO,HIGH,87506600
FIFO,NORMAL,87507800
FIFO,NORMAL,87509000
FIFO,NORMAL,87510200
FIFO,NORMAL,87511600
FIFO,NORMAL,87512800
FIFO,NORMAL,87514000
FIFO,NORMAL,87515200
FIFO,NORMAL,87516500
FIFO,NORMAL,87517800
FIFO,LOW,87519200
FIFO,NORMAL,87520500
FIFO,NORMAL,87521900
FIFO,NORMAL,87523100
FIFO,NORMAL,87524500
FIFO,NORMAL,87525800
FIFO,NORMAL,87527100
FIFO,NORMAL,87528400
FIFO,NORMAL,87529800
FIFO,NORMAL,87531200
FIFO,LOW,87532400
FIFO,NORMAL,87533700
FIFO,NORMAL,87534900
FIFO,NORMAL,87536300
FIFO,NORMAL,87529000
FIFO,NORMAL,87530200
FIFO,NORMAL,87531400
FIFO,NORMAL,87532600
FIFO,NORMAL,87533800
FIFO,NORMAL,87535200
FIFO,LOW,87536400
FIFO,NORMAL,87537700
FIFO,NORMAL,87538900
FIFO,NORMAL,87540000
FIFO,NORMAL,87540500
FIFO,NORMAL,87523600
FIFO,NORMAL,87522800
FIFO,NORMAL,87525900
FIFO,NORMAL,87527200
FIFO,NORMAL,87528500
FIFO,LOW,87529700
FIFO,NORMAL,87531000
FIFO,NORMAL,87532200
FIFO,NORMAL,87533500
FIFO,NORMAL,87534700
FIFO,NORMAL,87536000
FIFO,NORMAL,87537200
FIFO,NORMAL,87538700
FIFO,NORMAL,87540000
FIFO,NORMAL,87541400
FIFO,LOW,87542800
FIFO,NORMAL,87543900
FIFO,NORMAL,87545100
FIFO,NORMAL,87546500
FIFO,NORMAL,87547900
FIFO,NORMAL,87549300
FIFO,NORMAL,87550600
FIFO,NORMAL,87551800
FIFO,NORMAL,87553100
FIFO,NORMAL,87554500
FIFO,LOW,87556000
FIFO,NORMAL,87557200
FIFO,NORMAL,87558400
FIFO,NORMAL,87559700
FIFO,NORMAL,87560900
FIFO,NORMAL,87562000
FIFO,NORMAL,87563300
FIFO,NORMAL,87564300
FIFO,NORMAL,87565500
FIFO,NORMAL,87566600
FIFO,LOW,87567600
FIFO,NORMAL,87568800
FIFO,NORMAL,87570100
FIFO,NORMAL,87571300
FIFO,NORMAL,87572400
FIFO,NORMAL,87573600
FIFO,NORMAL,87574900
FIFO,NORMAL,87576100
FIFO,NORMAL,87577400
FIFO,NORMAL,87578600
FIFO,LOW,87580000
FIFO,NORMAL,87581200
FIFO,NORMAL,87582500
FIFO,NORMAL,87584000
FIFO,NORMAL,87585300
FIFO,NORMAL,87571700
FIFO,NORMAL,87572800
FIFO,NORMAL,87572300
FIFO,NORMAL,87573900
FIFO,NORMAL,87575100
FIFO,LOW,87576300
FIFO,NORMAL,87577400
FIFO,NORMAL,87578600
FIFO,NORMAL,87579900
FIFO,NORMAL,87581100
FIFO,NORMAL,87582500
FIFO,NORMAL,87583700
FIFO,NORMAL,87585000
FIFO,NORMAL,87586300
FIFO,NORMAL,87587500
FIFO,HIGH,87588900
FIFO,NORMAL,87590300
FIFO,NORMAL,87591600
FIFO,NORMAL,87593200
FIFO,NORMAL,87594400
FIFO,NORMAL,87595400
FIFO,NORMAL,87596700
FIFO,NORMAL,87597900
FIFO,NORMAL,87591000
FIFO,NORMAL,87592000
FIFO,LOW,87593200
FIFO,NORMAL,87594800
FIFO,NORMAL,87596000
FIFO,NORMAL,87597300
FIFO,NORMAL,87598800
FIFO,NORMAL,87600100
FIFO,NORMAL,87601400
FIFO,NORMAL,87602500
FIFO,NORMAL,87603800
FIFO,NORMAL,87604900
FIFO,LOW,87606300
FIFO,NORMAL,87607600
FIFO,NORMAL,87608800
FIFO,NORMAL,87610200
FIFO,NORMAL,87611400
FIFO,NORMAL,87612600
FIFO,NORMAL,87613800
FIFO,NORMAL,87615000
FIFO,NORMAL,87616200
FIFO,NORMAL,87617500
FIFO,LOW,87618700
FIFO,NORMAL,87619900
FIFO,NORMAL,87621200
FIFO,NORMAL,87622400
FIFO,NORMAL,87623500
FIFO,NORMAL,87623700
FIFO,NORMAL,87600900
FIFO,NORMAL,87602200
FIFO,NORMAL,87601600
FIFO,NORMAL,87602900
FIFO,LOW,87604300
FIFO,NORMAL,87605500
FIFO,NORMAL,87606800
FIFO,NORMAL,87608200
FIFO,NORMAL,87609700
FIFO,NORMAL,87611000
FIFO,NORMAL,87612400
FIFO,NORMAL,87613600
FIFO,NORMAL,87614900
FIFO,NORMAL,87616300
FIFO,LOW,87617500
FIFO,NORMAL,87618800
FIFO,NORMAL,87620000
FIFO,NORMAL,87621200
FIFO,NORMAL,87622600
FIFO,NORMAL,87623800
FIFO,NORMAL,87626900
FIFO,NORMAL,87628900
FIFO,NORMAL,87630200
FIFO,NORMAL,87631500
FIFO,LOW,87632700
FIFO,NORMAL,87634000
FIFO,NORMAL,87635300
FIFO,NORMAL,87636600
FIFO,NORMAL,87637900
FIFO,NORMAL,87641100
FIFO,NORMAL,87642600
FIFO,NORMAL,87643800
FIFO,NORMAL,87645100
FIFO,NORMAL,87646400
FIFO,LOW,87647700
FIFO,NORMAL,87649000
FIFO,NORMAL,87650300
FIFO,NORMAL,87651500
FIFO,NORMAL,87652800
FIFO,NORMAL,87654200
FIFO,NORMAL,87655500
FIFO,NORMAL,87659100
FIFO,NORMAL,87667200
FIFO,NORMAL,87668600
FIFO,LOW,87670000
FIFO,NORMAL,87671400
FIFO,NORMAL,87672800
FIFO,NORMAL,87674100
FIFO,NORMAL,87675300
FIFO,NORMAL,87676600
FIFO,NORMAL,87678000
FIFO,NORMAL,87679400
FIFO,NORMAL,87680800
FIFO,NORMAL,87680100
FIFO,LOW,87681400
FIFO,NORMAL,87682600
FIFO,NORMAL,87666700
FIFO,NORMAL,87666400
FIFO,NORMAL,87666300
FIFO,NORMAL,87656400
FIFO,NORMAL,87655900
FIFO,NORMAL,87655700
FIFO,NORMAL,87656000
FIFO,NORMAL,87656200
FIFO,HIGH,87656300
FIFO,NORMAL,87656600
FIFO,NORMAL,87656700
FIFO,NORMAL,87657000
FIFO,NORMAL,87657500
FIFO,NORMAL,87657200
FIFO,NORMAL,87657700
FIFO,NORMAL,87658400
FIFO,NORMAL,87658300
FIFO,NORMAL,87659100
FIFO,LOW,87659200
FIFO,NORMAL,87658700
FIFO,NORMAL,87659400
FIFO,NORMAL,87660600
FIFO,NORMAL,87661400
FIFO,NORMAL,87662100
FIFO,NORMAL,87662900
FIFO,NORMAL,87663000
FIFO,NORMAL,87663300
FIFO,NORMAL,87663900
FIFO,LOW,87664300
FIFO,NORMAL,87664100
FIFO,NORMAL,87663800
FIFO,NORMAL,87663600
FIFO,NORMAL,87663400
FIFO,NORMAL,87663400
FIFO,NORMAL,87663600
FIFO,NORMAL,87663600
FIFO,NORMAL,87652100
FIFO,NORMAL,87651900
FIFO,LOW,87645500
FIFO,NORMAL,87644600
FIFO,NORMAL,87642600
FIFO,NORMAL,87642800
FIFO,NORMAL,87640600
FIFO,NORMAL,87638900
FIFO,NORMAL,87636000
FIFO,NORMAL,87602300
FIFO,NORMAL,87601200
FIFO,NORMAL,87600500
FIFO,LOW,87597500
FIFO,NORMAL,87596700
FIFO,NORMAL,87595800
FIFO,NORMAL,87594900
FIFO,NORMAL,87594000
FIFO,NORMAL,87593100
FIFO,NORMAL,87592100
FIFO,NORMAL,87591100
FIFO,NORMAL,87590600
FIFO,NORMAL,87590600
FIFO,LOW,87590600
FIFO,NORMAL,87590900
FIFO,NORMAL,87586900
FIFO,NORMAL,87582900
FIFO,NORMAL,87579100
FIFO,NORMAL,87575000
FIFO,NORMAL,87570800
FIFO,NORMAL,87565900
FIFO,NORMAL,87562000
FIFO,NORMAL,87557800
FIFO,LOW,87551800
FIFO,NORMAL,87547800
FIFO,NORMAL,87543800
FIFO,NORMAL,87540000
FIFO,NORMAL,87536100
FIFO,NORMAL,87531800
FIFO,NORMAL,87527600
FIFO,NORMAL,87523000
FIFO,NORMAL,87518600
FIFO,NORMAL,87514700
FIFO,LOW,87514800
FIFO,NORMAL,87515300
FIFO,NORMAL,87514900
FIFO,NORMAL,87510600
FIFO,NORMAL,87504600
FIFO,NORMAL,87505600
FIFO,NORMAL,87490800
FIFO,NORMAL,87491800
FIFO,NORMAL,87493000
FIFO,NORMAL,87494300
FIFO,LOW,87495400
FIFO,NORMAL,87496800
FIFO,NORMAL,87497900
FIFO,NORMAL,87499300
FIFO,NORMAL,87500600
FIFO,NORMAL,87501900
FIFO,NORMAL,87503500
FIFO,NORMAL,87504700
FIFO,NORMAL,87506100
FIFO,NORMAL,87507500
FIFO,LOW,87508800
FIFO,NORMAL,87508300
FIFO,NORMAL,87509800
FIFO,NORMAL,87513100
FIFO,NORMAL,87514500
FIFO,NORMAL,87515900
FIFO,NORMAL,87517100
FIFO,NORMAL,87518500
FIFO,NORMAL,87519700
FIFO,NORMAL,87521100
FIFO,HIGH,87522300
FIFO,NORMAL,87523400
FIFO,NORMAL,87524700
FIFO,NORMAL,87526000
FIFO,NORMAL,87527300
FIFO,NORMAL,87528400
FIFO,NORMAL,87529500
FIFO,NORMAL,87530800
FIFO,NORMAL,87532100
FIFO,NORMAL,87533300
FIFO,LOW,87534600
FIFO,NORMAL,87535900
FIFO,NORMAL,87537200
FIFO,NORMAL,87538500
FIFO,NORMAL,87539900
FIFO,NORMAL,87541300
FIFO,NORMAL,87542600
FIFO,NORMAL,87544000
FIFO,NORMAL,87545200
FIFO,NORMAL,87546500
FIFO,LOW,87547600
FIFO,NORMAL,87549000
FIFO,NORMAL,87550300
FIFO,NORMAL,87551700
FIFO,NORMAL,87553100
FIFO,NORMAL,87554300
FIFO,NORMAL,87555600
FIFO,NORMAL,87556900
FIFO,NORMAL,87558300
FIFO,NORMAL,87559600
FIFO,LOW,87560900
FIFO,NORMAL,87562300
FIFO,NORMAL,87563600
FIFO,NORMAL,87564900
FIFO,NORMAL,87566100
FIFO,NORMAL,87567500
FIFO,NORMAL,87568800
FIFO,NORMAL,87569900
FIFO,NORMAL,87570100
FIFO,NORMAL,87548500
FIFO,LOW,87549600
FIFO,NORMAL,87550800
FIFO,NORMAL,87550300
FIFO,NORMAL,87551600
FIFO,NORMAL,87553000
FIFO,NORMAL,87554300
FIFO,NORMAL,87555600
FIFO,NORMAL,87556900
FIFO,NORMAL,87558200
FIFO,NORMAL,87559600
FIFO,LOW,87560800
FIFO,NORMAL,87562100
FIFO,NORMAL,87563400
FIFO,NORMAL,87564800
FIFO,NORMAL,87566000
FIFO,NORMAL,87567400
FIFO,NORMAL,87568800
FIFO,NORMAL,87570000
FIFO,NORMAL,87571300
FIFO,NORMAL,87572600
FIFO,LOW,87552500
FIFO,NORMAL,87553600
FIFO,NORMAL,87554900
FIFO,NORMAL,87556300
FIFO,NORMAL,87557700
FIFO,NORMAL,87558900
FIFO,NORMAL,87560200
FIFO,NORMAL,87561700
FIFO,NORMAL,87563100
FIFO,NORMAL,87564500
FIFO,LOW,87565700
FIFO,NORMAL,87566900
FIFO,NORMAL,87568300
FIFO,NORMAL,87569600
FIFO,NORMAL,87571100
FIFO,NORMAL,87572500
FIFO,NORMAL,87573800
FIFO,NORMAL,87575100
FIFO,NORMAL,87576400
FIFO,NORMAL,87577700
FIFO,LOW,87579100
FIFO,NORMAL,87580200
FIFO,NORMAL,87581500
FIFO,NORMAL,87582800
FIFO,NORMAL,87584200
FIFO,NORMAL,87585600
FIFO,NORMAL,87586900
FIFO,NORMAL,87588200
FIFO,NORMAL,87589500
FIFO,NORMAL,87590800
FIFO,LOW,87592100
FIFO,NORMAL,87593400
FIFO,NORMAL,87594700
FIFO,NORMAL,87594100
FIFO,NORMAL,87595500
FIFO,NORMAL,87596700
FIFO,NORMAL,87597900
FIFO,NORMAL,87599300
FIFO,NORMAL,87600600
FIFO,NORMAL,87602000
FIFO,HIGH,87603500
FIFO,NORMAL,87604800
FIFO,NORMAL,87606200
FIFO,NORMAL,87607400
FIFO,NORMAL,87608800
FIFO,NORMAL,87610300
FIFO,NORMAL,87611600
FIFO,NORMAL,87612800
FIFO,NORMAL,87614100
FIFO,NORMAL,87615200
FIFO,LOW,87616500
FIFO,NORMAL,87617800
FIFO,NORMAL,87619200
FIFO,NORMAL,87620400
FIFO,NORMAL,87621800
FIFO,NORMAL,87623100
FIFO,NORMAL,87624400
FIFO,NORMAL,87625700
FIFO,NORMAL,87627000
FIFO,NORMAL,87629000
FIFO,LOW,87638000
FIFO,NORMAL,87643700
FIFO,NORMAL,87655200
FIFO,NORMAL,87656700
FIFO,NORMAL,87658300
FIFO,NORMAL,87659600
FIFO,NORMAL,87660900
FIFO,NORMAL,87662300
FIFO,NORMAL,87663700
FIFO,NORMAL,87665000
FIFO,LOW,87666400
FIFO,NORMAL,87667800
FIFO,NORMAL,87669400
FIFO,NORMAL,87670700
FIFO,NORMAL,87672100
FIFO,NORMAL,87673500
FIFO,NORMAL,87674700
FIFO,NORMAL,87676100
FIFO,NORMAL,87677400
FIFO,NORMAL,87678700
FIFO,LOW,87658000
FIFO,NORMAL,87659100
FIFO,NORMAL,87660500
FIFO,NORMAL,87661800
FIFO,NORMAL,87661400
FIFO,NORMAL,87662600
FIFO,NORMAL,87664000
FIFO,NORMAL,87665200
FIFO,NORMAL,87666500
FIFO,NORMAL,87667900
FIFO,LOW,87669100
FIFO,NORMAL,87670500
FIFO,NORMAL,87671700
FIFO,NORMAL,87673100
FIFO,NORMAL,87674400
FIFO,NORMAL,87675700
FIFO,NORMAL,87676900
FIFO,NORMAL,87678300
FIFO,NORMAL,87679500
FIFO,NORMAL,87680800
FIFO,LOW,87681900
FIFO,NORMAL,87683200
FIFO,NORMAL,87684500
FIFO,NORMAL,87685900
FIFO,NORMAL,87687200
FIFO,NORMAL,87688600
FIFO,NORMAL,87690000
FIFO,NORMAL,87691300
FIFO,NORMAL,87692600
FIFO,NORMAL,87693900
FIFO,LOW,87695200
FIFO,NORMAL,87696400
FIFO,NORMAL,87697900
FIFO,NORMAL,87699200
FIFO,NORMAL,87700400
FIFO,NORMAL,87701700
FIFO,NORMAL,87703000
FIFO,NORMAL,87704300
FIFO,NORMAL,87705700
FIFO,NORMAL,87707100
FIFO,LOW,87708300
FIFO,NORMAL,87709700
FIFO,NORMAL,87711000
FIFO,NORMAL,87712200
FIFO,NORMAL,87713500
FIFO,NORMAL,87714900
FIFO,NORMAL,87716400
FIFO,NORMAL,87717700
FIFO,NORMAL,87718900
FIFO,NORMAL,87720300
FIFO,LOW,87721500
FIFO,NORMAL,87722700
FIFO,NORMAL,87724000
FIFO,NORMAL,87725400
FIFO,NORMAL,87726600
FIFO,NORMAL,87726100
FIFO,NORMAL,87727500
FIFO,NORMAL,87728700
FIFO,NORMAL,87730100
FIFO,NORMAL,87731400
FIFO,HIGH,87732700
FIFO,NORMAL,87734100
FIFO,NORMAL,87735300
FIFO,NORMAL,87736500
FIFO,NORMAL,87737900
FIFO,NORMAL,87739200
FIFO,NORMAL,87740600
FIFO,NORMAL,87741900
FIFO,NORMAL,87743300
FIFO,NORMAL,87744600
FIFO,LOW,87746100
FIFO,NORMAL,87747400
FIFO,NORMAL,87748900
FIFO,NORMAL,87750200
FIFO,NORMAL,87751600
FIFO,NORMAL,87752900
FIFO,NORMAL,87754400
FIFO,NORMAL,87755700
FIFO,NORMAL,87756900
FIFO,NORMAL,87758200
FIFO,LOW,87759300
FIFO,NORMAL,87760400
FIFO,NORMAL,87761700
FIFO,NORMAL,87762900
FIFO,NORMAL,87764600
FIFO,NORMAL,87765800
FIFO,NORMAL,87767000
FIFO,NORMAL,87768400
FIFO,NORMAL,87769600
FIFO,NORMAL,87755100
FIFO,LOW,87756300
FIFO,NORMAL,87757500
FIFO,NORMAL,87758800
FIFO,NORMAL,87760100
FIFO,NORMAL,87761500
FIFO,NORMAL,87762800
FIFO,NORMAL,87764100
FIFO,NORMAL,87768100
FIFO,NORMAL,87771000
FIFO,NORMAL,87772700
FIFO,LOW,87773800
FIFO,NORMAL,87774400
FIFO,NORMAL,87737700
FIFO,NORMAL,87739000
FIFO,NORMAL,87740500
FIFO,NORMAL,87741700
FIFO,NORMAL,87741000
FIFO,NORMAL,87742300
FIFO,NORMAL,87743700
FIFO,NORMAL,87746900
FIFO,LOW,87748300
FIFO,NORMAL,87749700
FIFO,NORMAL,87751100
FIFO,NORMAL,87752300
FIFO,NORMAL,87753800
FIFO,NORMAL,87755100
FIFO,NORMAL,87756300
FIFO,NORMAL,87757700
FIFO,NORMAL,87759100
FIFO,NORMAL,87760400
FIFO,LOW,87761800
FIFO,NORMAL,87763000
FIFO,NORMAL,87764400
FIFO,NORMAL,87765700
FIFO,NORMAL,87767000
FIFO,NORMAL,87768200
FIFO,NORMAL,87769500
FIFO,NORMAL,87770800
FIFO,NORMAL,87772100
FIFO,NORMAL,87773400
FIFO,LOW,87775200
FIFO,NORMAL,87776500
FIFO,NORMAL,87777900
FIFO,NORMAL,87779300
FIFO,NORMAL,87780600
FIFO,NORMAL,87782000
FIFO,NORMAL,87783300
FIFO,NORMAL,87784600
FIFO,NORMAL,87785900
FIFO,NORMAL,87787200
FIFO,LOW,87788600
FIFO,NORMAL,87790000
FIFO,NORMAL,87791200
FIFO,NORMAL,87792600
FIFO,NORMAL,87794100
FIFO,NORMAL,87795300
FIFO,NORMAL,87796500
FIFO,NORMAL,87797700
FIFO,NORMAL,87799000
FIFO,NORMAL,87800300
FIFO,LOW,87801500
FIFO,NORMAL,87802700
FIFO,NORMAL,87804100
FIFO,NORMAL,87805300
FIFO,NORMAL,87806500
FIFO,NORMAL,87807900
FIFO,NORMAL,87809200
FIFO,NORMAL,87808700
FIFO,NORMAL,87809900
FIFO,NORMAL,87811200
FIFO,HIGH,87812500
FIFO,NORMAL,87813800
FIFO,NORMAL,87815300
FIFO,NORMAL,87816800
FIFO,NORMAL,87818200
FIFO,NORMAL,87819600
FIFO,NORMAL,87820900
FIFO,NORMAL,87822200
FIFO,NORMAL,87823500
FIFO,NORMAL,87824900
FIFO,LOW,87826400
FIFO,NORMAL,87827700
FIFO,NORMAL,87829300
FIFO,NORMAL,87830700
FIFO,NORMAL,87832200
FIFO,NORMAL,87833600
FIFO,NORMAL,87834900
FIFO,NORMAL,87836300
FIFO,NORMAL,87837600
FIFO,NORMAL,87838900
FIFO,LOW,87840100
FIFO,NORMAL,87841400
FIFO,NORMAL,87842900
FIFO,NORMAL,87844100
FIFO,NORMAL,87845300
FIFO,NORMAL,87846600
FIFO,NORMAL,87847900
FIFO,NORMAL,87849200
FIFO,NORMAL,87850600
FIFO,NORMAL,87851900
FIFO,LOW,87853300
FIFO,NORMAL,87854500
FIFO,NORMAL,87855900
FIFO,NORMAL,87857100
FIFO,NORMAL,87858500
FIFO,NORMAL,87859800
FIFO,NORMAL,87861100
FIFO,NORMAL,87862500
FIFO,NORMAL,87863800
FIFO,NORMAL,87865100
FIFO,LOW,87866400
FIFO,NORMAL,87867700
FIFO,NORMAL,87869100
FIFO,NORMAL,87870300
FIFO,NORMAL,87871600
FIFO,NORMAL,87873000
FIFO,NORMAL,87874300
FIFO,NORMAL,87875700
FIFO,NORMAL,87875200
FIFO,NORMAL,87876400
FIFO,LOW,87877700
FIFO,NORMAL,87879000
FIFO,NORMAL,87880100
FIFO,NORMAL,87881300
FIFO,NORMAL,87882700
FIFO,NORMAL,87884000
FIFO,NORMAL,87885400
FIFO,NORMAL,87888700
FIFO,NORMAL,87897400
FIFO,NORMAL,87898800
FIFO,LOW,87900000
FIFO,NORMAL,87901300
FIFO,NORMAL,87902600
FIFO,NORMAL,87903800
FIFO,NORMAL,87905200
FIFO,NORMAL,87906600
FIFO,NORMAL,87908200
FIFO,NORMAL,87909700
FIFO,NORMAL,87911200
FIFO,NORMAL,87912500
FIFO,LOW,87914000
FIFO,NORMAL,87915400
FIFO,NORMAL,87916800
FIFO,NORMAL,87918200
FIFO,NORMAL,87919400
FIFO,NORMAL,87920700
FIFO,NORMAL,87921900
FIFO,NORMAL,87925200
FIFO,NORMAL,87926500
FIFO,NORMAL,87927800
FIFO,LOW,87929200
FIFO,NORMAL,87930500
FIFO,NORMAL,87931800
FIFO,NORMAL,87933000
FIFO,NORMAL,87934300
FIFO,NORMAL,87935600
FIFO,NORMAL,87936900
FIFO,NORMAL,87938100
FIFO,NORMAL,87939400
FIFO,NORMAL,87940700
FIFO,LOW,87942200
FIFO,NORMAL,87943500
FIFO,NORMAL,87944700
FIFO,NORMAL,87946100
FIFO,NORMAL,87947400
FIFO,NORMAL,87948600
FIFO,NORMAL,87950000
FIFO,NORMAL,87951300
FIFO,NORMAL,87931500
FIFO,NORMAL,87931000
FIFO,CRITICAL,87932300
FIFO,NORMAL,87933700
FIFO,NORMAL,87935000
FIFO,NORMAL,87936200
FIFO,NORMAL,87937700
FIFO,NORMAL,87939000
FIFO,NORMAL,87940300
FIFO,NORMAL,87941700
FIFO,NORMAL,87943000
FIFO,NORMAL,87944400
FIFO,LOW,87945700
FIFO,NORMAL,87946900
FIFO,NORMAL,87948400
FIFO,NORMAL,87949800
FIFO,NORMAL,87951100
FIFO,NORMAL,87952300
FIFO,NORMAL,87953700
FIFO,NORMAL,87954900
FIFO,NORMAL,87956200
FIFO,NORMAL,87957600
FIFO,LOW,87959000
FIFO,NORMAL,87960400
FIFO,NORMAL,87961700
FIFO,NORMAL,87963000
FIFO,NORMAL,87964300
FIFO,NORMAL,87965500
FIFO,NORMAL,87966800
FIFO,NORMAL,87968100
FIFO,NORMAL,87969400
FIFO,NORMAL,87970800
FIFO,LOW,87972300
FIFO,NORMAL,87973600
FIFO,NORMAL,87974900
FIFO,NORMAL,87976200
FIFO,NORMAL,87977800
FIFO,NORMAL,87979300
FIFO,NORMAL,87980400
FIFO,NORMAL,87981700
FIFO,NORMAL,87983100
FIFO,NORMAL,87984400
FIFO,LOW,87985800
FIFO,NORMAL,87987100
FIFO,NORMAL,87988300
FIFO,NORMAL,87990000
FIFO,NORMAL,87991200
FIFO,NORMAL,87992000
FIFO,NORMAL,87959300
FIFO,NORMAL,87960400
FIFO,NORMAL,87961700
FIFO,NORMAL,87963200
FIFO,LOW,87962500
FIFO,NORMAL,87963800
FIFO,NORMAL,87965100
FIFO,NORMAL,87966500
FIFO,NORMAL,87967700
FIFO,NORMAL,87969000
FIFO,NORMAL,87970300
FIFO,NORMAL,87971500
FIFO,NORMAL,87972900
FIFO,NORMAL,87974200
FIFO,LOW,87975500
FIFO,NORMAL,87976800
FIFO,NORMAL,87978200
FIFO,NORMAL,87979600
FIFO,NORMAL,87980900
FIFO,NORMAL,87982300
FIFO,NORMAL,87983800
FIFO,NORMAL,87985100
FIFO,NORMAL,87986500
FIFO,NORMAL,87987800
FIFO,LOW,87989100
FIFO,NORMAL,87990400
FIFO,NORMAL,87991700
FIFO,NORMAL,87993000
FIFO,NORMAL,87994500
FIFO,NORMAL,87995700
FIFO,NORMAL,87997000
FIFO,NORMAL,87998500
FIFO,NORMAL,87999700
FIFO,NORMAL,88000900
FIFO,LOW,88002300
FIFO,NORMAL,88003400
FIFO,NORMAL,88004700
FIFO,NORMAL,88006000
FIFO,NORMAL,88007500
FIFO,NORMAL,88008900
FIFO,NORMAL,88010200
FIFO,NORMAL,88011500
FIFO,NORMAL,88012800
FIFO,NORMAL,88014600
FIFO,LOW,88015900
FIFO,NORMAL,88017300
FIFO,NORMAL,88018600
FIFO,NORMAL,88020000
FIFO,NORMAL,88021200
FIFO,NORMAL,88022500
FIFO,NORMAL,88023900
FIFO,NORMAL,88025300
FIFO,NORMAL,88026600
FIFO,NORMAL,88028100
FIFO,HIGH,88029400
FIFO,NORMAL,88029100
FIFO,NORMAL,88030300
FIFO,NORMAL,88031700
FIFO,NORMAL,88033000
FIFO,NORMAL,88036100
FIFO,NORMAL,88037500
FIFO,NORMAL,88038900
FIFO,NORMAL,88040200
FIFO,NORMAL,88041600
FIFO,LOW,88042800
FIFO,NORMAL,88044100
FIFO,NORMAL,88045300
FIFO,NORMAL,88046700
FIFO,NORMAL,88048000
FIFO,NORMAL,88049300
FIFO,NORMAL,88050700
FIFO,NORMAL,88052000
FIFO,NORMAL,88053300
FIFO,NORMAL,88054600
FIFO,LOW,88055900
FIFO,NORMAL,88057200
FIFO,NORMAL,88058600
FIFO,NORMAL,88059900
FIFO,NORMAL,88061200
FIFO,NORMAL,88062700
FIFO,NORMAL,88064100
FIFO,NORMAL,88065300
FIFO,NORMAL,88066600
FIFO,NORMAL,88068100
FIFO,LOW,88069400
FIFO,NORMAL,88070700
FIFO,NORMAL,88072100
FIFO,NORMAL,88073500
FIFO,NORMAL,88074900
FIFO,NORMAL,88076100
FIFO,NORMAL,88077400
FIFO,NORMAL,88078600
FIFO,NORMAL,88080000
FIFO,NORMAL,88081200
FIFO,LOW,88082300
FIFO,NORMAL,88083800
FIFO,NORMAL,88085000
FIFO,NORMAL,88086400
FIFO,NORMAL,88087800
FIFO,NORMAL,88089200
FIFO,NORMAL,88090400
FIFO,NORMAL,88091700
FIFO,NORMAL,88093000
FIFO,NORMAL,88094200
FIFO,LOW,88095500
FIFO,NORMAL,88096800
FIFO,NORMAL,88098000
FIFO,NORMAL,88097500
FIFO,NORMAL,88098700
FIFO,NORMAL,88100000
FIFO,NORMAL,88101400
FIFO,NORMAL,88102600
FIFO,NORMAL,88104100
FIFO,NORMAL,88105600
FIFO,LOW,88106800
FIFO,NORMAL,88108300
FIFO,NORMAL,88109600
FIFO,NORMAL,88111000
FIFO,NORMAL,88112400
FIFO,NORMAL,88113700
FIFO,NORMAL,88115000
FIFO,NORMAL,88095100
FIFO,NORMAL,88096400
FIFO,NORMAL,88097500
FIFO,LOW,88098800
FIFO,NORMAL,88100000
FIFO,NORMAL,88101200
FIFO,NORMAL,88102600
FIFO,NORMAL,88103900
FIFO,NORMAL,88105100
FIFO,NORMAL,88106500
FIFO,NORMAL,88107800
FIFO,NORMAL,88109200
FIFO,NORMAL,88110400
FIFO,LOW,88111700
FIFO,NORMAL,88113000
FIFO,NORMAL,88114300
FIFO,NORMAL,88115600
FIFO,NORMAL,88116900
FIFO,NORMAL,88118200
FIFO,NORMAL,88119700
FIFO,NORMAL,88120900
FIFO,NORMAL,88122200
FIFO,NORMAL,88123500
FIFO,LOW,88124900
FIFO,NORMAL,88126400
FIFO,NORMAL,88127800
FIFO,NORMAL,88129100
FIFO,NORMAL,88130800
FIFO,NORMAL,88132000
FIFO,NORMAL,88133500
FIFO,NORMAL,88134800
FIFO,NORMAL,88136500
FIFO,NORMAL,88147200
FIFO,HIGH,88149200
FIFO,NORMAL,88150600
FIFO,NORMAL,88152000
FIFO,NORMAL,88153500
FIFO,NORMAL,88153100
FIFO,NORMAL,88154400
FIFO,NORMAL,88155700
FIFO,NORMAL,88156900
FIFO,NORMAL,88158300
FIFO,NORMAL,88159600
FIFO,LOW,88160800
FIFO,NORMAL,88162100
FIFO,NORMAL,88163500
FIFO,NORMAL,88164800
FIFO,NORMAL,88166100
FIFO,NORMAL,88167800
FIFO,NORMAL,88169000
FIFO,NORMAL,88170400
FIFO,NORMAL,88171600
FIFO,NORMAL,88173000
FIFO,LOW,88174200
FIFO,NORMAL,88175700
FIFO,NORMAL,88177200
FIFO,NORMAL,88178600
FIFO,NORMAL,88180100
FIFO,NORMAL,88181500
FIFO,NORMAL,88182900
FIFO,NORMAL,88184300
FIFO,NORMAL,88185600
FIFO,NORMAL,88186900
FIFO,LOW,88188300
FIFO,NORMAL,88189500
FIFO,NORMAL,88191000
FIFO,NORMAL,88194400
FIFO,NORMAL,88195700
FIFO,NORMAL,88197100
FIFO,NORMAL,88198400
FIFO,NORMAL,88199800
FIFO,NORMAL,88201100
FIFO,NORMAL,88202500
FIFO,LOW,88203700
FIFO,NORMAL,88204900
FIFO,NORMAL,88206300
FIFO,NORMAL,88207500
FIFO,NORMAL,88208700
FIFO,NORMAL,88210100
FIFO,NORMAL,88211300
FIFO,NORMAL,88212500
FIFO,NORMAL,88213800
FIFO,NORMAL,88214600
FIFO,LOW,88181400
FIFO,NORMAL,88182500
FIFO,NORMAL,88183700
FIFO,NORMAL,88184900
FIFO,NORMAL,88186400
FIFO,NORMAL,88185800
FIFO,NORMAL,88187200
FIFO,NORMAL,88188600
FIFO,NORMAL,88189900
FIFO,NORMAL,88191200
FIFO,LOW,88192500
FIFO,NORMAL,88193800
FIFO,NORMAL,88195200
FIFO,NORMAL,88196500
FIFO,NORMAL,88197800
FIFO,NORMAL,88199200
FIFO,NORMAL,88200700
FIFO,NORMAL,88202100
FIFO,NORMAL,88203400
FIFO,NORMAL,88204600
FIFO,LOW,88206100
FIFO,NORMAL,88207400
FIFO,NORMAL,88208600
FIFO,NORMAL,88209900
FIFO,NORMAL,88211400
FIFO,NORMAL,88212700
FIFO,NORMAL,88214000
FIFO,NORMAL,88215400
FIFO,NORMAL,88216800
FIFO,NORMAL,88218000
FIFO,LOW,88219200
FIFO,NORMAL,88220400
FIFO,NORMAL,88221600
FIFO,NORMAL,88223000
FIFO,NORMAL,88224200
FIFO,NORMAL,88225600
FIFO,NORMAL,88227000
FIFO,NORMAL,88228300
FIFO,NORMAL,88229800
FIFO,NORMAL,88231100
FIFO,LOW,88232600
FIFO,NORMAL,88234100
FIFO,NORMAL,88235300
FIFO,NORMAL,88236700
FIFO,NORMAL,88238200
FIFO,NORMAL,88239600
FIFO,NORMAL,88241100
FIFO,NORMAL,88242500
FIFO,NORMAL,88243700
FIFO,NORMAL,88245100
FIFO,HIGH,88246400
FIFO,NORMAL,88247800
FIFO,NORMAL,88249200
FIFO,NORMAL,88250500
FIFO,NORMAL,88251700
FIFO,NORMAL,88253100
FIFO,NORMAL,88252500
FIFO,NORMAL,88253900
FIFO,NORMAL,88255200
FIFO,NORMAL,88256600
FIFO,LOW,88257900
FIFO,NORMAL,88259200
FIFO,NORMAL,88260600
FIFO,NORMAL,88261900
FIFO,NORMAL,88263300
FIFO,NORMAL,88264500
FIFO,NORMAL,88265800
FIFO,NORMAL,88267100
FIFO,NORMAL,88268600
FIFO,NORMAL,88270000
FIFO,LOW,88271200
FIFO,NORMAL,88272500
FIFO,NORMAL,88274000
FIFO,NORMAL,88275300
FIFO,NORMAL,88276700
FIFO,NORMAL,88278200
FIFO,NORMAL,88279700
FIFO,NORMAL,88281200
FIFO,NORMAL,88282700
FIFO,NORMAL,88284100
FIFO,LOW,88285300
FIFO,NORMAL,88286600
FIFO,NORMAL,88288100
FIFO,NORMAL,88289400
FIFO,NORMAL,88290700
FIFO,NORMAL,88292000
FIFO,NORMAL,88258800
FIFO,NORMAL,88259900
FIFO,NORMAL,88261200
FIFO,NORMAL,88262500
FIFO,LOW,88263700
FIFO,NORMAL,88265100
FIFO,NORMAL,88266300
FIFO,NORMAL,88267600
FIFO,NORMAL,88268800
FIFO,NORMAL,88270200
FIFO,NORMAL,88271500
FIFO,NORMAL,88273000
FIFO,NORMAL,88274300
FIFO,NORMAL,88275700
FIFO,LOW,88277100
FIFO,NORMAL,88278400
FIFO,NORMAL,88279800
FIFO,NORMAL,88281400
FIFO,NORMAL,88282800
FIFO,NORMAL,88284100
FIFO,NORMAL,88285600
FIFO,NORMAL,88285200
FIFO,NORMAL,88286600
FIFO,NORMAL,88288000
FIFO,LOW,88289300
FIFO,NORMAL,88292500
FIFO,NORMAL,88293900
FIFO,NORMAL,88295400
FIFO,NORMAL,88296700
FIFO,NORMAL,88298000
FIFO,NORMAL,88299400
FIFO,NORMAL,88300800
FIFO,NORMAL,88302100
FIFO,NORMAL,88303500
FIFO,LOW,88304900
FIFO,NORMAL,88306300
FIFO,NORMAL,88307700
FIFO,NORMAL,88309000
FIFO,NORMAL,88310300
FIFO,NORMAL,88311600
FIFO,NORMAL,88312900
FIFO,NORMAL,88314200
FIFO,NORMAL,88315500
FIFO,NORMAL,88316700
FIFO,LOW,88318100
FIFO,NORMAL,88319400
FIFO,NORMAL,88320700
FIFO,NORMAL,88322100
FIFO,NORMAL,88323500
FIFO,NORMAL,88325100
FIFO,NORMAL,88326400
FIFO,NORMAL,88327800
FIFO,NORMAL,88329000
FIFO,NORMAL,88330400
FIFO,LOW,88331600
FIFO,NORMAL,88332900
FIFO,NORMAL,88334300
FIFO,NORMAL,88335800
FIFO,NORMAL,88337000
FIFO,NORMAL,88338400
FIFO,NORMAL,88339700
FIFO,NORMAL,88341000
FIFO,NORMAL,88342300
FIFO,NORMAL,88343700
FIFO,HIGH,88344900
FIFO,NORMAL,88346400
FIFO,NORMAL,88347600
FIFO,NORMAL,88348900
FIFO,NORMAL,88350200
FIFO,NORMAL,88351400
FIFO,NORMAL,88352800
FIFO,NORMAL,88353900
FIFO,NORMAL,88353300
FIFO,NORMAL,88354600
FIFO,LOW,88355900
FIFO,NORMAL,88357200
FIFO,NORMAL,88358500
FIFO,NORMAL,88359700
FIFO,NORMAL,88361300
FIFO,NORMAL,88362500
FIFO,NORMAL,88363900
FIFO,NORMAL,88365300
FIFO,NORMAL,88366800
FIFO,NORMAL,88368000
FIFO,LOW,88369200
FIFO,NORMAL,88370600
FIFO,NORMAL,88372100
FIFO,NORMAL,88373400
FIFO,NORMAL,88374700
FIFO,NORMAL,88376100
FIFO,NORMAL,88377500
FIFO,NORMAL,88378700
FIFO,NORMAL,88380100
FIFO,NORMAL,88381300
FIFO,LOW,88382600
FIFO,NORMAL,88383900
FIFO,NORMAL,88385300
FIFO,NORMAL,88386500
FIFO,NORMAL,88388000
FIFO,NORMAL,88389200
FIFO,NORMAL,88390600
FIFO,NORMAL,88391900
FIFO,NORMAL,88393300
FIFO,NORMAL,88396300
FIFO,LOW,88404900
FIFO,NORMAL,88406300
FIFO,NORMAL,88407700
FIFO,NORMAL,88409000
FIFO,NORMAL,88410300
FIFO,NORMAL,88411700
FIFO,NORMAL,88413100
FIFO,NORMAL,88414700
FIFO,NORMAL,88416200
FIFO,NORMAL,88417700
FIFO,LOW,88419100
FIFO,NORMAL,88420400
FIFO,NORMAL,88421700
FIFO,NORMAL,88423100
FIFO,NORMAL,88390000
FIFO,NORMAL,88391000
FIFO,NORMAL,88392400
FIFO,NORMAL,88394000
FIFO,NORMAL,88395300
FIFO,NORMAL,88394800
FIFO,LOW,88396200
FIFO,NORMAL,88397600
FIFO,NORMAL,88398900
FIFO,NORMAL,88400300
FIFO,NORMAL,88401500
FIFO,NORMAL,88402900
FIFO,NORMAL,88404200
FIFO,NORMAL,88405500
FIFO,NORMAL,88406800
FIFO,NORMAL,88408100
FIFO,LOW,88409400
FIFO,NORMAL,88410500
FIFO,NORMAL,88411700
FIFO,NORMAL,88412800
FIFO,NORMAL,88414200
FIFO,NORMAL,88415500
FIFO,NORMAL,88416800
FIFO,NORMAL,88418100
FIFO,NORMAL,88419600
FIFO,NORMAL,88420900
FIFO,LOW,88422300
FIFO,NORMAL,88423600
FIFO,NORMAL,88425000
FIFO,NORMAL,88426300
FIFO,NORMAL,88427700
FIFO,NORMAL,88428900
FIFO,NORMAL,88430300
FIFO,NORMAL,88431700
FIFO,NORMAL,88433000
FIFO,NORMAL,88436200
FIFO,LOW,88437500
FIFO,NORMAL,88438900
FIFO,NORMAL,88440200
FIFO,NORMAL,88441500
FIFO,NORMAL,88442900
FIFO,NORMAL,88444200
FIFO,NORMAL,88445500
FIFO,NORMAL,88446800
FIFO,NORMAL,88448000
FIFO,NORMAL,88449300
FIFO,HIGH,88450600
FIFO,NORMAL,88451800
FIFO,NORMAL,88453100
FIFO,NORMAL,88454400
FIFO,NORMAL,88455800
FIFO,NORMAL,88457000
FIFO,NORMAL,88458200
FIFO,NORMAL,88459400
FIFO,NORMAL,88460800
FIFO,NORMAL,88462100
FIFO,LOW,88461800
FIFO,NORMAL,88463100
FIFO,NORMAL,88464300
FIFO,NORMAL,88465700
FIFO,NORMAL,88467000
FIFO,NORMAL,88468500
FIFO,NORMAL,88469900
FIFO,NORMAL,88471200
FIFO,NORMAL,88472500
FIFO,NORMAL,88473700
FIFO,LOW,88475100
FIFO,NORMAL,88476400
FIFO,NORMAL,88477700
FIFO,NORMAL,88479000
FIFO,NORMAL,88480400
FIFO,NORMAL,88481800
FIFO,NORMAL,88483100
FIFO,NORMAL,88484400
FIFO,NORMAL,88485600
FIFO,NORMAL,88487200
FIFO,LOW,88488400
FIFO,NORMAL,88489800
FIFO,NORMAL,88491100
FIFO,NORMAL,88492400
FIFO,NORMAL,88493700
FIFO,NORMAL,88494900
FIFO,NORMAL,88496200
FIFO,NORMAL,88497500
FIFO,NORMAL,88498800
FIFO,NORMAL,88500000
FIFO,LOW,88501200
FIFO,NORMAL,88502600
FIFO,NORMAL,88504100
FIFO,NORMAL,88505400
FIFO,NORMAL,88506800
FIFO,NORMAL,88508100
FIFO,NORMAL,88509500
FIFO,NORMAL,88510800
FIFO,NORMAL,88512100
FIFO,NORMAL,88513300
FIFO,LOW,88514700
FIFO,NORMAL,88516000
FIFO,NORMAL,88517400
FIFO,NORMAL,88518700
FIFO,NORMAL,88520100
FIFO,NORMAL,88521500
FIFO,NORMAL,88522900
FIFO,NORMAL,88524000
FIFO,NORMAL,88525300
FIFO,NORMAL,88526600
FIFO,LOW,88527900
FIFO,NORMAL,88527600
FIFO,NORMAL,88528800
FIFO,NORMAL,88530200
FIFO,NORMAL,88531400
FIFO,NORMAL,88532700
FIFO,NORMAL,88533900
FIFO,NORMAL,88535300
FIFO,NORMAL,88536500
FIFO,NORMAL,88537800
FIFO,LOW,88539000
FIFO,NORMAL,88540300
FIFO,NORMAL,88541700
FIFO,NORMAL,88543000
FIFO,NORMAL,88544500
FIFO,NORMAL,88545800
FIFO,NORMAL,88547300
FIFO,NORMAL,88548800
FIFO,NORMAL,88550200
FIFO,NORMAL,88551600
FIFO,LOW,88552900
FIFO,NORMAL,88554200
FIFO,NORMAL,88555600
FIFO,NORMAL,88556900
FIFO,NORMAL,88558100
FIFO,NORMAL,88559500
FIFO,NORMAL,88561000
FIFO,NORMAL,88562200
FIFO,NORMAL,88563500
FIFO,NORMAL,88564900
FIFO,LOW,88566100
FIFO,NORMAL,88567300
FIFO,NORMAL,88568500
FIFO,NORMAL,88569800
FIFO,NORMAL,88571100
FIFO,NORMAL,88572400
FIFO,NORMAL,88573800
FIFO,NORMAL,88575100
FIFO,NORMAL,88576900
FIFO,NORMAL,88578900
FIFO,HIGH,88580800
FIFO,NORMAL,88582100
FIFO,NORMAL,88583900
FIFO,NORMAL,88585300
FIFO,NORMAL,88586600
FIFO,NORMAL,88587900
FIFO,NORMAL,88589400
FIFO,NORMAL,88590600
FIFO,NORMAL,88591800
FIFO,NORMAL,88593200
FIFO,LOW,88594700
FIFO,NORMAL,88595900
FIFO,NORMAL,88597400
FIFO,NORMAL,88596700
FIFO,NORMAL,88597800
FIFO,NORMAL,88599100
FIFO,NORMAL,88600400
FIFO,NORMAL,88603500
FIFO,NORMAL,88604900
FIFO,NORMAL,88606200
FIFO,LOW,88607500
FIFO,NORMAL,88608800
FIFO,NORMAL,88609900
FIFO,NORMAL,88611300
FIFO,NORMAL,88612500
FIFO,NORMAL,88613800
FIFO,NORMAL,88615100
FIFO,NORMAL,88616400
FIFO,NORMAL,88617600
FIFO,NORMAL,88618900
FIFO,LOW,88620100
FIFO,NORMAL,88621300
FIFO,NORMAL,88622700
FIFO,NORMAL,88624000
FIFO,NORMAL,88625100
FIFO,NORMAL,88626500
FIFO,NORMAL,88627600
FIFO,NORMAL,88628900
FIFO,NORMAL,88630200
FIFO,NORMAL,88631500
FIFO,LOW,88632800
FIFO,NORMAL,88634100
FIFO,NORMAL,88635400
FIFO,NORMAL,88636900
FIFO,NORMAL,88638300
FIFO,NORMAL,88639600
FIFO,NORMAL,88640900
FIFO,NORMAL,88642100
FIFO,NORMAL,88643500
FIFO,NORMAL,88645000
FIFO,LOW,88646300
FIFO,NORMAL,88647600
FIFO,NORMAL,88649100
FIFO,NORMAL,88650600
FIFO,NORMAL,88651700
FIFO,NORMAL,88653100
FIFO,NORMAL,88654400
FIFO,NORMAL,88655400
FIFO,NORMAL,88594300
FIFO,NORMAL,88595200
FIFO,LOW,88596400
FIFO,NORMAL,88597800
FIFO,NORMAL,88599100
FIFO,NORMAL,88600300
FIFO,NORMAL,88599800
FIFO,NORMAL,88601000
FIFO,NORMAL,88602300
FIFO,NORMAL,88603600
FIFO,NORMAL,88604900
FIFO,NORMAL,88606300
FIFO,LOW,88607500
FIFO,NORMAL,88608800
FIFO,NORMAL,88610200
FIFO,NORMAL,88611500
FIFO,NORMAL,88612600
FIFO,NORMAL,88613900
FIFO,NORMAL,88587300
FIFO,NORMAL,88588500
FIFO,NORMAL,88589700
FIFO,NORMAL,88591000
FIFO,LOW,88594100
FIFO,NORMAL,88603800
FIFO,NORMAL,88605400
FIFO,NORMAL,88606700
FIFO,NORMAL,88608000
FIFO,NORMAL,88609500
FIFO,NORMAL,88610600
FIFO,NORMAL,88612100
FIFO,NORMAL,88613400
FIFO,NORMAL,88614600
FIFO,LOW,88616000
FIFO,NORMAL,88617400
FIFO,NORMAL,88618700
FIFO,NORMAL,88620100
FIFO,NORMAL,88621500
FIFO,NORMAL,88622600
FIFO,NORMAL,88624000
FIFO,NORMAL,88625300
FIFO,NORMAL,88626700
FIFO,NORMAL,88627900
FIFO,HIGH,88629200
FIFO,NORMAL,88630500
FIFO,NORMAL,88631800
FIFO,NORMAL,88633100
FIFO,NORMAL,88634500
FIFO,NORMAL,88635700
FIFO,NORMAL,88637000
FIFO,NORMAL,88638300
FIFO,NORMAL,88639700
FIFO,NORMAL,88641000
FIFO,LOW,88642300
FIFO,NORMAL,88643600
FIFO,NORMAL,88644800
FIFO,NORMAL,88646200
FIFO,NORMAL,88647600
FIFO,NORMAL,88647000
FIFO,NORMAL,88648500
FIFO,NORMAL,88650000
FIFO,NORMAL,88651200
FIFO,NORMAL,88652500
FIFO,LOW,88653900
FIFO,NORMAL,88655100
FIFO,NORMAL,88656400
FIFO,NORMAL,88657700
FIFO,NORMAL,88659000
FIFO,NORMAL,88660400
FIFO,NORMAL,88661700
FIFO,NORMAL,88663100
FIFO,NORMAL,88664300
FIFO,NORMAL,88665700
FIFO,LOW,88667100
FIFO,NORMAL,88668300
FIFO,NORMAL,88669700
FIFO,NORMAL,88671000
FIFO,NORMAL,88672400
FIFO,NORMAL,88673700
FIFO,NORMAL,88675000
FIFO,NORMAL,88676400
FIFO,NORMAL,88677700
FIFO,NORMAL,88679100
FIFO,LOW,88680400
FIFO,NORMAL,88681700
FIFO,NORMAL,88682900
FIFO,NORMAL,88684300
FIFO,NORMAL,88685600
FIFO,NORMAL,88688900
FIFO,NORMAL,88690300
FIFO,NORMAL,88691800
FIFO,NORMAL,88693200
FIFO,NORMAL,88694500
FIFO,LOW,88695800
FIFO,NORMAL,88697300
FIFO,NORMAL,88698600
FIFO,NORMAL,88699800
FIFO,NORMAL,88701100
FIFO,NORMAL,88702400
FIFO,NORMAL,88703600
FIFO,NORMAL,88704900
FIFO,NORMAL,88706200
FIFO,NORMAL,88707800
FIFO,LOW,88709100
FIFO,NORMAL,88710300
FIFO,NORMAL,88711600
FIFO,NORMAL,88712900
FIFO,NORMAL,88714200
FIFO,NORMAL,88715600
FIFO,NORMAL,88715000
FIFO,NORMAL,88716400
FIFO,NORMAL,88717600
FIFO,NORMAL,88719000
FIFO,LOW,88720500
FIFO,NORMAL,88721900
FIFO,NORMAL,88723200
FIFO,NORMAL,88724400
FIFO,NORMAL,88725700
FIFO,NORMAL,88727100
FIFO,NORMAL,88728300
FIFO,NORMAL,88729800
FIFO,NORMAL,88731200
FIFO,NORMAL,88732600
FIFO,LOW,88734100
FIFO,NORMAL,88735300
FIFO,NORMAL,88736700
FIFO,NORMAL,88737900
FIFO,NORMAL,88739200
FIFO,NORMAL,88740600
FIFO,NORMAL,88741800
FIFO,NORMAL,88743100
FIFO,NORMAL,88744400
FIFO,NORMAL,88745800
FIFO,LOW,88747000
FIFO,NORMAL,88748600
FIFO,NORMAL,88749900
FIFO,NORMAL,88751100
FIFO,NORMAL,88752500
FIFO,NORMAL,88753700
FIFO,NORMAL,88755000
FIFO,NORMAL,88756700
FIFO,NORMAL,88758000
FIFO,NORMAL,88759500
FIFO,HIGH,88760800
FIFO,NORMAL,88762200
FIFO,NORMAL,88763500
FIFO,NORMAL,88764900
FIFO,NORMAL,88766100
FIFO,NORMAL,88767500
FIFO,NORMAL,88768800
FIFO,NORMAL,88770000
FIFO,NORMAL,88771200
FIFO,NORMAL,88772700
FIFO,LOW,88774000
FIFO,NORMAL,88775500
FIFO,NORMAL,88777000
FIFO,NORMAL,88778100
FIFO,NORMAL,88779400
FIFO,NORMAL,88780700
FIFO,NORMAL,88782300
FIFO,NORMAL,88781700
FIFO,NORMAL,88782900
FIFO,NORMAL,88784400
FIFO,LOW,88785600
FIFO,NORMAL,88786900
FIFO,NORMAL,88788100
FIFO,NORMAL,88789500
FIFO,NORMAL,88790700
FIFO,NORMAL,88791900
FIFO,NORMAL,88793300
FIFO,NORMAL,88794600
FIFO,NORMAL,88795900
FIFO,NORMAL,88797200
FIFO,LOW,88798500
FIFO,NORMAL,88799900
FIFO,NORMAL,88801200
FIFO,NORMAL,88802500
FIFO,NORMAL,88803700
FIFO,NORMAL,88805000
FIFO,NORMAL,88806300
FIFO,NORMAL,88807700
FIFO,NORMAL,88809000
FIFO,NORMAL,88810200
FIFO,LOW,88811400
FIFO,NORMAL,88812900
FIFO,NORMAL,88814400
FIFO,NORMAL,88815800
FIFO,NORMAL,88817100
FIFO,NORMAL,88818400
FIFO,NORMAL,88819600
FIFO,NORMAL,88821000
FIFO,NORMAL,88822500
FIFO,NORMAL,88823800
FIFO,LOW,88825200
FIFO,NORMAL,88826500
FIFO,NORMAL,88827800
FIFO,NORMAL,88829200
FIFO,NORMAL,88830600
FIFO,NORMAL,88831800
FIFO,NORMAL,88833100
FIFO,NORMAL,88834300
FIFO,NORMAL,88835500
FIFO,NORMAL,88836900
FIFO,LOW,88838200
FIFO,NORMAL,88839500
FIFO,NORMAL,88840800
FIFO,NORMAL,88842000
FIFO,NORMAL,88843400
FIFO,NORMAL,88844800
FIFO,NORMAL,88846100
FIFO,NORMAL,88847400
FIFO,NORMAL,88846800
FIFO,NORMAL,88847900
FIFO,LOW,88849400
FIFO,NORMAL,88850600
FIFO,NORMAL,88852000
FIFO,NORMAL,88855400
FIFO,NORMAL,88856700
FIFO,NORMAL,88858000
FIFO,NORMAL,88859500
FIFO,NORMAL,88860700
FIFO,NORMAL,88862100
FIFO,NORMAL,88863400
FIFO,LOW,88864700
FIFO,NORMAL,88866000
FIFO,NORMAL,88867200
FIFO,NORMAL,88868500
FIFO,NORMAL,88870000
FIFO,NORMAL,88871300
FIFO,NORMAL,88872600
FIFO,NORMAL,88873800
FIFO,NORMAL,88875100
FIFO,NORMAL,88876300
FIFO,LOW,88877700
FIFO,NORMAL,88878900
FIFO,NORMAL,88880400
FIFO,NORMAL,88881600
FIFO,NORMAL,88882800
FIFO,NORMAL,88884200
FIFO,NORMAL,88885400
FIFO,NORMAL,88886800
FIFO,NORMAL,88888200
FIFO,NORMAL,88889700
FIFO,HIGH,88891000
FIFO,NORMAL,88892400
FIFO,NORMAL,88893600
FIFO,NORMAL,88895000
FIFO,NORMAL,88896200
FIFO,NORMAL,88897600
FIFO,NORMAL,88898900
FIFO,NORMAL,88900300
FIFO,NORMAL,88901700
FIFO,NORMAL,88903100
FIFO,LOW,88904300
FIFO,NORMAL,88905800
FIFO,NORMAL,88907100
FIFO,NORMAL,88908400
FIFO,NORMAL,88909700
FIFO,NORMAL,88911000
FIFO,NORMAL,88912300
FIFO,NORMAL,88913700
FIFO,NORMAL,88914900
FIFO,NORMAL,88914500
FIFO,LOW,88915800
FIFO,NORMAL,88917700
FIFO,NORMAL,88927200
FIFO,NORMAL,88929000
FIFO,NORMAL,88930500
FIFO,NORMAL,88931700
FIFO,NORMAL,88933000
FIFO,NORMAL,88934400
FIFO,NORMAL,88935700
FIFO,NORMAL,88937100
FIFO,LOW,88938500
FIFO,NORMAL,88939800
FIFO,NORMAL,88941200
FIFO,NORMAL,88942500
FIFO,NORMAL,88943800
FIFO,NORMAL,88945000
FIFO,NORMAL,88946400
FIFO,NORMAL,88947800
FIFO,NORMAL,88949200
FIFO,NORMAL,88950600
FIFO,LOW,88951900
FIFO,NORMAL,88953200
FIFO,NORMAL,88954600
FIFO,NORMAL,88955900
FIFO,NORMAL,88957200
FIFO,NORMAL,88958400
FIFO,NORMAL,88959800
FIFO,NORMAL,88961500
FIFO,NORMAL,88962800
FIFO,NORMAL,88964200
FIFO,LOW,88965500
FIFO,NORMAL,88966900
FIFO,NORMAL,88968100
FIFO,NORMAL,88969500
FIFO,NORMAL,88970900
FIFO,NORMAL,88972200
FIFO,NORMAL,88973600
FIFO,NORMAL,88974800
FIFO,NORMAL,88976200
FIFO,NORMAL,88977500
FIFO,LOW,88978800
FIFO,NORMAL,88980300
FIFO,NORMAL,88981700
FIFO,NORMAL,88982900
FIFO,NORMAL,88984200
FIFO,NORMAL,88985700
FIFO,NORMAL,88987000
FIFO,NORMAL,88988400
FIFO,NORMAL,88989700
FIFO,NORMAL,88991200
FIFO,LOW,88992500
FIFO,NORMAL,88992100
FIFO,NORMAL,88937900
FIFO,NORMAL,88939200
FIFO,NORMAL,88940400
FIFO,NORMAL,88941800
FIFO,NORMAL,88943600
FIFO,NORMAL,88944700
FIFO,NORMAL,88946600
FIFO,NORMAL,88948000
FIFO,LOW,88949600
FIFO,NORMAL,88951000
FIFO,NORMAL,88952200
FIFO,NORMAL,88953500
FIFO,NORMAL,88954900
FIFO,NORMAL,88956100
FIFO,NORMAL,88957400
FIFO,NORMAL,88958700
FIFO,NORMAL,88960000
FIFO,NORMAL,88961300
FIFO,LOW,88962500
FIFO,NORMAL,88963800
FIFO,NORMAL,88965100
FIFO,NORMAL,88966400
FIFO,NORMAL,88967600
FIFO,NORMAL,88969100
FIFO,NORMAL,88970400
FIFO,NORMAL,88971600
FIFO,NORMAL,88972900
FIFO,NORMAL,88974300
FIFO,CRITICAL,88975600
FIFO,NORMAL,88978900
FIFO,NORMAL,88980300
FIFO,NORMAL,88981800
FIFO,NORMAL,88983000
FIFO,NORMAL,88984400
FIFO,NORMAL,88985700
FIFO,NORMAL,88986800
FIFO,NORMAL,88988200
FIFO,NORMAL,88989500
FIFO,LOW,88990700
FIFO,NORMAL,88992000
FIFO,NORMAL,88993600
FIFO,NORMAL,88994900
FIFO,NORMAL,88996300
FIFO,NORMAL,88997700
FIFO,NORMAL,88959300
FIFO,NORMAL,88960500
FIFO,NORMAL,88961800
FIFO,NORMAL,88963000
FIFO,LOW,88964300
FIFO,NORMAL,88965500
FIFO,NORMAL,88964800
FIFO,NORMAL,88966000
FIFO,NORMAL,88967200
FIFO,NORMAL,88968500
FIFO,NORMAL,88969900
FIFO,NORMAL,88971100
FIFO,NORMAL,88972400
FIFO,NORMAL,88973700
FIFO,LOW,88975000
FIFO,NORMAL,88976200
FIFO,NORMAL,88977600
FIFO,NORMAL,88979000
FIFO,NORMAL,88980500
FIFO,NORMAL,88981700
FIFO,NORMAL,88983200
FIFO,NORMAL,88984500
FIFO,NORMAL,88985800
FIFO,NORMAL,88987100
FIFO,LOW,88988400
FIFO,NORMAL,88989900
FIFO,NORMAL,88991200
FIFO,NORMAL,88992500
FIFO,NORMAL,88993900
FIFO,NORMAL,88995100
FIFO,NORMAL,88996500
FIFO,NORMAL,88997800
FIFO,NORMAL,88999200
FIFO,NORMAL,89000600
FIFO,LOW,89002000
FIFO,NORMAL,89003200
FIFO,NORMAL,89004500
FIFO,NORMAL,89005900
FIFO,NORMAL,89007100
FIFO,NORMAL,89008300
FIFO,NORMAL,89009500
FIFO,NORMAL,89010800
FIFO,NORMAL,89012100
FIFO,NORMAL,89013300
FIFO,LOW,89014400
FIFO,NORMAL,89015500
FIFO,NORMAL,89016700
FIFO,NORMAL,89018000
FIFO,NORMAL,89019100
FIFO,NORMAL,89020700
FIFO,NORMAL,88959400
FIFO,NORMAL,88961900
FIFO,NORMAL,88964000
FIFO,NORMAL,88966400
FIFO,LOW,88969600
FIFO,NORMAL,88972500
FIFO,NORMAL,88975200
FIFO,NORMAL,88975300
FIFO,NORMAL,88978400
FIFO,NORMAL,88981200
FIFO,NORMAL,88984100
FIFO,NORMAL,88987700
FIFO,NORMAL,88991200
FIFO,NORMAL,88994400
FIFO,LOW,88997300
FIFO,NORMAL,89000700
FIFO,NORMAL,89003800
FIFO,NORMAL,89005800
FIFO,NORMAL,89007100
FIFO,NORMAL,89008400
FIFO,NORMAL,89009800
FIFO,NORMAL,89011400
FIFO,NORMAL,89012600
FIFO,NORMAL,89014000
FIFO,LOW,89015500
FIFO,NORMAL,89016800
FIFO,NORMAL,89018300
FIFO,NORMAL,89019600
FIFO,NORMAL,89021000
FIFO,NORMAL,89022200
FIFO,NORMAL,89023600
FIFO,NORMAL,89025000
FIFO,NORMAL,89026500
FIFO,NORMAL,89028000
FIFO,HIGH,89029400
FIFO,NORMAL,89030800
FIFO,NORMAL,89032000
FIFO,NORMAL,89033300
FIFO,NORMAL,89034700
FIFO,NORMAL,89036100
FIFO,NORMAL,89037500
FIFO,NORMAL,89038700
FIFO,NORMAL,89040100
FIFO,NORMAL,89041300
FIFO,LOW,89042700
FIFO,NORMAL,89044000
FIFO,NORMAL,89045400
FIFO,NORMAL,89046800
FIFO,NORMAL,89048200
FIFO,NORMAL,89049400
FIFO,NORMAL,89050800
FIFO,NORMAL,89052000
FIFO,NORMAL,89053300
FIFO,NORMAL,89054500
FIFO,LOW,89055800
FIFO,NORMAL,89057100
FIFO,NORMAL,89058500
FIFO,NORMAL,89059700
FIFO,NORMAL,89058900
FIFO,NORMAL,89060300
FIFO,NORMAL,89061700
FIFO,NORMAL,89063100
FIFO,NORMAL,89064400
FIFO,NORMAL,89067900
FIFO,LOW,89069300
FIFO,NORMAL,89070800
FIFO,NORMAL,89072300
FIFO,NORMAL,89073500
FIFO,NORMAL,89074900
FIFO,NORMAL,89076100
FIFO,NORMAL,89077500
FIFO,NORMAL,89078900
FIFO,NORMAL,89080200
FIFO,NORMAL,89081500
FIFO,LOW,89082700
FIFO,NORMAL,89084200
FIFO,NORMAL,89085600
FIFO,NORMAL,89087100
FIFO,NORMAL,89088400
FIFO,NORMAL,89089700
FIFO,NORMAL,89091100
FIFO,NORMAL,89092300
FIFO,NORMAL,89093700
FIFO,NORMAL,89094900
FIFO,LOW,89096400
FIFO,NORMAL,89097600
FIFO,NORMAL,89098900
FIFO,NORMAL,89100300
FIFO,NORMAL,89101500
FIFO,NORMAL,89103900
FIFO,NORMAL,89112800
FIFO,NORMAL,89114500
FIFO,NORMAL,89115800
FIFO,NORMAL,89117100
FIFO,LOW,89118300
FIFO,NORMAL,89119600
FIFO,NORMAL,89121000
FIFO,NORMAL,89122600
FIFO,NORMAL,89124100
FIFO,NORMAL,89125500
FIFO,NORMAL,89126800
FIFO,NORMAL,89128200
FIFO,NORMAL,89129400
FIFO,NORMAL,89130700
FIFO,LOW,89132200
FIFO,NORMAL,89133400
FIFO,NORMAL,89134800
FIFO,NORMAL,89136100
FIFO,NORMAL,89137300
FIFO,NORMAL,89136600
FIFO,NORMAL,89137900
FIFO,NORMAL,89139200
FIFO,NORMAL,89140600
FIFO,NORMAL,89141900
FIFO,LOW,89143300
FIFO,NORMAL,89144700
FIFO,NORMAL,89145900
FIFO,NORMAL,89147200
FIFO,NORMAL,89148500
FIFO,NORMAL,89149700
FIFO,NORMAL,89150900
FIFO,NORMAL,89152200
FIFO,NORMAL,89153600
FIFO,NORMAL,89155200
FIFO,LOW,89156500
FIFO,NORMAL,89158000
FIFO,NORMAL,89159100
FIFO,NORMAL,89160700
FIFO,NORMAL,89162200
FIFO,NORMAL,89163400
FIFO,NORMAL,89165000
FIFO,NORMAL,89166300
FIFO,NORMAL,89167600
FIFO,NORMAL,89169000
FIFO,HIGH,89170300
FIFO,NORMAL,89171600
FIFO,NORMAL,89172800
FIFO,NORMAL,89174300
FIFO,NORMAL,89175500
FIFO,NORMAL,89176800
FIFO,NORMAL,89178100
FIFO,NORMAL,89179500
FIFO,NORMAL,89180900
FIFO,NORMAL,89182200
FIFO,LOW,89239400
FIFO,NORMAL,89240600
FIFO,NORMAL,89241900
FIFO,NORMAL,89243400
FIFO,NORMAL,89244900
FIFO,NORMAL,89246100
FIFO,NORMAL,89247500
FIFO,NORMAL,89248800
FIFO,NORMAL,89250100
FIFO,NORMAL,89251400
FIFO,LOW,89252600
FIFO,NORMAL,89253800
FIFO,NORMAL,89255200
FIFO,NORMAL,89256500
FIFO,NORMAL,89257800
FIFO,NORMAL,89259200
FIFO,NORMAL,89258400
FIFO,NORMAL,89260000
FIFO,NORMAL,89261200
FIFO,NORMAL,89262600
FIFO,LOW,89264000
FIFO,NORMAL,89265300
FIFO,NORMAL,89266700
FIFO,NORMAL,89268000
FIFO,NORMAL,89269300
FIFO,NORMAL,89270800
FIFO,NORMAL,89272300
FIFO,NORMAL,89273700
FIFO,NORMAL,89275000
FIFO,NORMAL,89276300
FIFO,LOW,89277700
FIFO,NORMAL,89278900
FIFO,NORMAL,89280300
FIFO,NORMAL,89281600
FIFO,NORMAL,89282900
FIFO,NORMAL,89284300
FIFO,NORMAL,89285600
FIFO,NORMAL,89286900
FIFO,NORMAL,89288100
FIFO,NORMAL,89289400
FIFO,LOW,89290700
FIFO,NORMAL,89292100
FIFO,NORMAL,89293500
FIFO,NORMAL,89295200
FIFO,NORMAL,89296500
FIFO,NORMAL,89297900
FIFO,NORMAL,89299400
FIFO,NORMAL,89302700
FIFO,NORMAL,89304200
FIFO,NORMAL,89305500
FIFO,LOW,89306800
FIFO,NORMAL,89308200
FIFO,NORMAL,89309600
FIFO,NORMAL,89311100
FIFO,NORMAL,89312400
FIFO,NORMAL,89313900
FIFO,NORMAL,89315200
FIFO,NORMAL,89316600
FIFO,NORMAL,89318000
FIFO,NORMAL,89319400
FIFO,LOW,89320800
FIFO,NORMAL,89322100
FIFO,NORMAL,89323400
FIFO,NORMAL,89324700
FIFO,NORMAL,89326000
FIFO,NORMAL,89327400
FIFO,NORMAL,89328700
FIFO,NORMAL,89328100
FIFO,NORMAL,89329400
FIFO,NORMAL,89330800
FIFO,LOW,89332000
FIFO,NORMAL,89333300
FIFO,NORMAL,89334600
FIFO,NORMAL,89336000
FIFO,NORMAL,89337300
FIFO,NORMAL,89338600
FIFO,NORMAL,89339900
FIFO,NORMAL,89341200
FIFO,NORMAL,89342400
FIFO,NORMAL,89343900
FIFO,LOW,89345100
FIFO,NORMAL,89346500
FIFO,NORMAL,89347900
FIFO,NORMAL,89349200
FIFO,NORMAL,89350700
FIFO,NORMAL,89352100
FIFO,NORMAL,89353500
FIFO,NORMAL,89354800
FIFO,NORMAL,89356100
FIFO,NORMAL,89357400
FIFO,HIGH,89358600
FIFO,NORMAL,89360000
FIFO,NORMAL,89361200
FIFO,NORMAL,89362400
FIFO,NORMAL,89363700
FIFO,NORMAL,89365100
FIFO,NORMAL,89366400
FIFO,NORMAL,89367700
FIFO,NORMAL,89369000
FIFO,NORMAL,89370300
FIFO,LOW,89371700
FIFO,NORMAL,89372900
FIFO,NORMAL,89374300
FIFO,NORMAL,89375500
FIFO,NORMAL,89376800
FIFO,NORMAL,89378100
FIFO,NORMAL,89379500
FIFO,NORMAL,89380700
FIFO,NORMAL,89382000
FIFO,NORMAL,89383500
FIFO,LOW,89384800
FIFO,NORMAL,89386300
FIFO,NORMAL,89387800
FIFO,NORMAL,89389300
FIFO,NORMAL,89390700
FIFO,NORMAL,89391900
FIFO,NORMAL,89393200
FIFO,NORMAL,89394700
FIFO,NORMAL,89396100
FIFO,NORMAL,89395200
FIFO,LOW,89396600
FIFO,NORMAL,89397900
FIFO,NORMAL,89399200
FIFO,NORMAL,89400600
FIFO,NORMAL,89401800
FIFO,NORMAL,89403200
FIFO,NORMAL,89404400
FIFO,NORMAL,89405600
FIFO,NORMAL,89407100
FIFO,NORMAL,89408200
FIFO,LOW,89409500
FIFO,NORMAL,89410800
FIFO,NORMAL,89412200
FIFO,NORMAL,89413600
FIFO,NORMAL,89414900
FIFO,NORMAL,89416300
FIFO,NORMAL,89417700
FIFO,NORMAL,89418900
FIFO,NORMAL,89420200
FIFO,NORMAL,89421500
FIFO,LOW,89422700
FIFO,NORMAL,89424000
FIFO,NORMAL,89425300
FIFO,NORMAL,89426700
FIFO,NORMAL,89428000
FIFO,NORMAL,89429400
FIFO,NORMAL,89393600
FIFO,NORMAL,89394900
FIFO,NORMAL,89396100
FIFO,NORMAL,89397400
FIFO,LOW,89398600
FIFO,NORMAL,89400000
FIFO,NORMAL,89401400
FIFO,NORMAL,89402700
FIFO,NORMAL,89404000
FIFO,NORMAL,89405400
FIFO,NORMAL,89406900
FIFO,NORMAL,89408400
FIFO,NORMAL,89409600
FIFO,NORMAL,89411000
FIFO,LOW,89412200
FIFO,NORMAL,89413500
FIFO,NORMAL,89414900
FIFO,NORMAL,89416200
FIFO,NORMAL,89417400
FIFO,NORMAL,89418800
FIFO,NORMAL,89420000
FIFO,NORMAL,89421400
FIFO,NORMAL,89422500
FIFO,NORMAL,89424000
FIFO,LOW,89423100
FIFO,NORMAL,89424500
FIFO,NORMAL,89425800
FIFO,NORMAL,89427900
FIFO,NORMAL,89437100
FIFO,NORMAL,89441100
FIFO,NORMAL,89442700
FIFO,NORMAL,89444300
FIFO,NORMAL,89445700
FIFO,NORMAL,89447100
FIFO,LOW,89448500
FIFO,NORMAL,89449700
FIFO,NORMAL,89451000
FIFO,NORMAL,89452400
FIFO,NORMAL,89453600
FIFO,NORMAL,89455000
FIFO,NORMAL,89456100
FIFO,NORMAL,89457400
FIFO,NORMAL,89458800
FIFO,NORMAL,89460100
FIFO,HIGH,89461700
FIFO,NORMAL,89463000
FIFO,NORMAL,89464200
FIFO,NORMAL,89465600
FIFO,NORMAL,89467200
FIFO,NORMAL,89468500
FIFO,NORMAL,89469700
FIFO,NORMAL,89471200
FIFO,NORMAL,89472400
FIFO,NORMAL,89473800
FIFO,LOW,89475100
FIFO,NORMAL,89476400
FIFO,NORMAL,89477700
FIFO,NORMAL,89478900
FIFO,NORMAL,89480400
FIFO,NORMAL,89481600
FIFO,NORMAL,89483000
FIFO,NORMAL,89484500
FIFO,NORMAL,89485700
FIFO,NORMAL,89487100
FIFO,LOW,89488700
FIFO,NORMAL,89489900
FIFO,NORMAL,89491400
FIFO,NORMAL,89492600
FIFO,NORMAL,89494000
FIFO,NORMAL,89495300
FIFO,NORMAL,89496500
FIFO,NORMAL,89497900
FIFO,NORMAL,89499200
FIFO,NORMAL,89500600
FIFO,LOW,89501900
FIFO,NORMAL,89501000
FIFO,NORMAL,89502300
FIFO,NORMAL,89503600
FIFO,NORMAL,89505000
FIFO,NORMAL,89506300
FIFO,NORMAL,89507600
FIFO,NORMAL,89509000
FIFO,NORMAL,89510200
FIFO,NORMAL,89511600
FIFO,LOW,89512800
FIFO,NORMAL,89514100
FIFO,NORMAL,89515300
FIFO,NORMAL,89516600
FIFO,NORMAL,89518000
FIFO,NORMAL,89519300
FIFO,NORMAL,89520600
FIFO,NORMAL,89521900
FIFO,NORMAL,89523300
FIFO,NORMAL,89524700
FIFO,LOW,89526000
FIFO,NORMAL,89527300
FIFO,NORMAL,89529000
FIFO,NORMAL,89530400
FIFO,NORMAL,89531900
FIFO,NORMAL,89533700
FIFO,NORMAL,89535000
FIFO,NORMAL,89536300
FIFO,NORMAL,89537700
FIFO,NORMAL,89539400
FIFO,LOW,89540800
FIFO,NORMAL,89542000
FIFO,NORMAL,89543300
FIFO,NORMAL,89544600
FIFO,NORMAL,89545900
FIFO,NORMAL,89547100
FIFO,NORMAL,89548400
FIFO,NORMAL,89549800
FIFO,NORMAL,89551100
FIFO,NORMAL,89552300
FIFO,LOW,89553700
FIFO,NORMAL,89555100
FIFO,NORMAL,89556300
FIFO,NORMAL,89557400
FIFO,NORMAL,89557700
FIFO,NORMAL,89480800
FIFO,NORMAL,89481800
FIFO,NORMAL,89483100
FIFO,NORMAL,89484300
FIFO,NORMAL,89485700
FIFO,LOW,89487000
FIFO,NORMAL,89488300
FIFO,NORMAL,89487400
FIFO,NORMAL,89489000
FIFO,NORMAL,89490100
FIFO,NORMAL,89491400
FIFO,NORMAL,89492600
FIFO,NORMAL,89493900
FIFO,NORMAL,89495200
FIFO,NORMAL,89496500
FIFO,LOW,89497700
FIFO,NORMAL,89499000
FIFO,NORMAL,89500400
FIFO,NORMAL,89501800
FIFO,NORMAL,89503100
FIFO,NORMAL,89504600
FIFO,NORMAL,89506100
FIFO,NORMAL,89507400
FIFO,NORMAL,89508700
FIFO,NORMAL,89510100
FIFO,HIGH,89511300
FIFO,NORMAL,89512600
FIFO,NORMAL,89513900
FIFO,NORMAL,89515100
FIFO,NORMAL,89516400
FIFO,NORMAL,89517800
FIFO,NORMAL,89519100
FIFO,NORMAL,89520400
FIFO,NORMAL,89521600
FIFO,NORMAL,89523100
FIFO,LOW,89524500
FIFO,NORMAL,89525600
FIFO,NORMAL,89527000
FIFO,NORMAL,89530500
FIFO,NORMAL,89532000
FIFO,NORMAL,89533100
FIFO,NORMAL,89534500
FIFO,NORMAL,89536000
FIFO,NORMAL,89537400
FIFO,NORMAL,89538800
FIFO,LOW,89540200
FIFO,NORMAL,89541500
FIFO,NORMAL,89542700
FIFO,NORMAL,89545200
FIFO,NORMAL,89558800
FIFO,NORMAL,89560200
FIFO,NORMAL,89561700
FIFO,NORMAL,89563100
FIFO,NORMAL,89564600
FIFO,NORMAL,89566000
FIFO,LOW,89567300
FIFO,NORMAL,89568800
FIFO,NORMAL,89570000
FIFO,NORMAL,89569300
FIFO,NORMAL,89570600
FIFO,NORMAL,89571800
FIFO,NORMAL,89573200
FIFO,NORMAL,89574500
FIFO,NORMAL,89575900
FIFO,NORMAL,89577200
FIFO,LOW,89578600
FIFO,NORMAL,89579900
FIFO,NORMAL,89581200
FIFO,NORMAL,89582600
FIFO,NORMAL,89583800
FIFO,NORMAL,89585200
FIFO,NORMAL,89586600
FIFO,NORMAL,89588000
FIFO,NORMAL,89589400
FIFO,NORMAL,89590700
FIFO,LOW,89592100
FIFO,NORMAL,89593400
FIFO,NORMAL,89594700
FIFO,NORMAL,89596200
FIFO,NORMAL,89597400
FIFO,NORMAL,89598700
FIFO,NORMAL,89600100
FIFO,NORMAL,89601500
FIFO,NORMAL,89603200
FIFO,NORMAL,89604600
FIFO,LOW,89605900
FIFO,NORMAL,89607400
FIFO,NORMAL,89608800
FIFO,NORMAL,89610000
FIFO,NORMAL,89611500
FIFO,NORMAL,89612800
FIFO,NORMAL,89614300
FIFO,NORMAL,89615700
FIFO,NORMAL,89617200
FIFO,NORMAL,89618400
FIFO,LOW,89619900
FIFO,NORMAL,89621100
FIFO,NORMAL,89622500
FIFO,NORMAL,89623800
FIFO,NORMAL,89625100
FIFO,NORMAL,89626500
FIFO,NORMAL,89628300
FIFO,NORMAL,89629600
FIFO,NORMAL,89630900
FIFO,NORMAL,89633800
FIFO,LOW,89635100
FIFO,NORMAL,89636500
FIFO,NORMAL,89637700
FIFO,NORMAL,89639100
FIFO,NORMAL,89638400
FIFO,NORMAL,89640200
FIFO,NORMAL,89641600
FIFO,NORMAL,89643000
FIFO,NORMAL,89644400
FIFO,NORMAL,89645800
FIFO,LOW,89647200
FIFO,NORMAL,89648700
FIFO,NORMAL,89650000
FIFO,NORMAL,89651300
FIFO,NORMAL,89652700
FIFO,NORMAL,89654100
FIFO,NORMAL,89655400
FIFO,NORMAL,89656800
FIFO,NORMAL,89658100
FIFO,NORMAL,89659400
FIFO,HIGH,89660700
FIFO,NORMAL,89662600
FIFO,NORMAL,89663900
FIFO,NORMAL,89665100
FIFO,NORMAL,89666400
FIFO,NORMAL,89667700
FIFO,NORMAL,89669000
FIFO,NORMAL,89670300
FIFO,NORMAL,89671600
FIFO,NORMAL,89672900
FIFO,LOW,89674300
FIFO,NORMAL,89675500
FIFO,NORMAL,89677000
FIFO,NORMAL,89678300
FIFO,NORMAL,89679600
FIFO,NORMAL,89680800
FIFO,NORMAL,89682100
FIFO,NORMAL,89683400
FIFO,NORMAL,89684800
FIFO,NORMAL,89686000
FIFO,LOW,89689600
FIFO,NORMAL,89697900
FIFO,NORMAL,89699400
FIFO,NORMAL,89700900
FIFO,NORMAL,89702200
FIFO,NORMAL,89703600
FIFO,NORMAL,89704900
FIFO,NORMAL,89706300
FIFO,NORMAL,89707800
FIFO,NORMAL,89709100
FIFO,LOW,89710300
FIFO,NORMAL,89711700
FIFO,NORMAL,89712900
FIFO,NORMAL,89714200
FIFO,NORMAL,89715600
FIFO,NORMAL,89714900
FIFO,NORMAL,89716200
FIFO,NORMAL,89717500
FIFO,NORMAL,89718800
FIFO,NORMAL,89720100
FIFO,LOW,89721400
FIFO,NORMAL,89724800
FIFO,NORMAL,89726100
FIFO,NORMAL,89727400
FIFO,NORMAL,89728800
FIFO,NORMAL,89730100
FIFO,NORMAL,89731400
FIFO,NORMAL,89732600
FIFO,NORMAL,89734000
FIFO,NORMAL,89735200
FIFO,LOW,89736400
FIFO,NORMAL,89737900
FIFO,NORMAL,89739200
FIFO,NORMAL,89740500
FIFO,NORMAL,89741700
FIFO,NORMAL,89742900
FIFO,NORMAL,89744400
FIFO,NORMAL,89745800
FIFO,NORMAL,89747200
FIFO,NORMAL,89748600
FIFO,LOW,89749800
FIFO,NORMAL,89751100
FIFO,NORMAL,89752400
FIFO,NORMAL,89753700
FIFO,NORMAL,89755000
FIFO,NORMAL,89756300
FIFO,NORMAL,89757600
FIFO,NORMAL,89758800
FIFO,NORMAL,89760000
FIFO,NORMAL,89761300
FIFO,LOW,89762600
FIFO,NORMAL,89764000
FIFO,NORMAL,89765300
FIFO,NORMAL,89766700
FIFO,NORMAL,89767800
FIFO,NORMAL,89769100
FIFO,NORMAL,89770500
FIFO,NORMAL,89771700
FIFO,NORMAL,89773000
FIFO,NORMAL,89774200
FIFO,LOW,89775400
FIFO,NORMAL,89776700
FIFO,NORMAL,89778000
FIFO,NORMAL,89779400
FIFO,NORMAL,89780600
FIFO,NORMAL,89782100
FIFO,NORMAL,89783400
FIFO,NORMAL,89782600
FIFO,NORMAL,89783800
FIFO,NORMAL,89785300
FIFO,LOW,89786500
FIFO,NORMAL,89787800
FIFO,NORMAL,89789100
FIFO,NORMAL,89790300
FIFO,NORMAL,89791600
FIFO,NORMAL,89792900
FIFO,NORMAL,89754200
FIFO,NORMAL,89755400
FIFO,NORMAL,89757000
FIFO,NORMAL,89758500
FIFO,HIGH,89759900
FIFO,NORMAL,89761200
FIFO,NORMAL,89762600
FIFO,NORMAL,89763900
FIFO,NORMAL,89765200
FIFO,NORMAL,89766500
FIFO,NORMAL,89767800
FIFO,NORMAL,89769200
FIFO,NORMAL,89770500
FIFO,NORMAL,89771600
FIFO,LOW,89773000
FIFO,NORMAL,89774200
FIFO,NORMAL,89775500
FIFO,NORMAL,89776700
FIFO,NORMAL,89778000
FIFO,NORMAL,89779700
FIFO,NORMAL,89781100
FIFO,NORMAL,89782500
FIFO,NORMAL,89783800
FIFO,NORMAL,89785100
FIFO,LOW,89786400
FIFO,NORMAL,89787700
FIFO,NORMAL,89789100
FIFO,NORMAL,89790500
FIFO,NORMAL,89791800
FIFO,NORMAL,89793100
FIFO,NORMAL,89794400
FIFO,NORMAL,89795700
FIFO,NORMAL,89796900
FIFO,NORMAL,89798200
FIFO,LOW,89799500
FIFO,NORMAL,89800800
FIFO,NORMAL,89802100
FIFO,NORMAL,89803400
FIFO,NORMAL,89804700
FIFO,NORMAL,89805900
FIFO,NORMAL,89807300
FIFO,NORMAL,89808600
FIFO,NORMAL,89807900
FIFO,NORMAL,89809200
FIFO,LOW,89810500
FIFO,NORMAL,89811800
FIFO,NORMAL,89813200
FIFO,NORMAL,89814500
FIFO,NORMAL,89815900
FIFO,NORMAL,89817200
FIFO,NORMAL,89818600
FIFO,NORMAL,89819800
FIFO,NORMAL,89821200
FIFO,NORMAL,89822500
FIFO,LOW,89823800
FIFO,NORMAL,89825200
FIFO,NORMAL,89826600
FIFO,NORMAL,89827900
FIFO,NORMAL,89829400
FIFO,NORMAL,89830600
FIFO,NORMAL,89832000
FIFO,NORMAL,89833400
FIFO,NORMAL,89834600
FIFO,NORMAL,89836000
FIFO,LOW,89837300
FIFO,NORMAL,89838600
FIFO,NORMAL,89839900
FIFO,NORMAL,89841300
FIFO,NORMAL,89842700
FIFO,NORMAL,89843900
FIFO,NORMAL,89845300
FIFO,NORMAL,89846500
FIFO,NORMAL,89847800
FIFO,NORMAL,89851300
FIFO,LOW,89852700
FIFO,NORMAL,89853900
FIFO,NORMAL,89855300
FIFO,NORMAL,89856700
FIFO,NORMAL,89858000
FIFO,NORMAL,89859300
FIFO,NORMAL,89860500
FIFO,NORMAL,89861900
FIFO,NORMAL,89863100
FIFO,NORMAL,89864500
FIFO,LOW,89865700
FIFO,NORMAL,89867000
FIFO,NORMAL,89868500
FIFO,NORMAL,89869800
FIFO,NORMAL,89871200
FIFO,NORMAL,89872500
FIFO,NORMAL,89873700
FIFO,NORMAL,89875100
FIFO,NORMAL,89876400
FIFO,NORMAL,89875700
FIFO,LOW,89876900
FIFO,NORMAL,89878300
FIFO,NORMAL,89879700
FIFO,NORMAL,89880900
FIFO,NORMAL,89882300
FIFO,NORMAL,89883700
FIFO,NORMAL,89884900
FIFO,NORMAL,89886200
FIFO,NORMAL,89887500
FIFO,NORMAL,89888800
FIFO,HIGH,89890200
FIFO,NORMAL,89891400
FIFO,NORMAL,89892800
FIFO,NORMAL,89894000
FIFO,NORMAL,89895500
FIFO,NORMAL,89896700
FIFO,NORMAL,89898200
FIFO,NORMAL,89899500
FIFO,NORMAL,89900800
FIFO,NORMAL,89902100
FIFO,LOW,89903500
FIFO,NORMAL,89904900
FIFO,NORMAL,89906600
FIFO,NORMAL,89908000
FIFO,NORMAL,89909200
FIFO,NORMAL,89910700
FIFO,NORMAL,89912200
FIFO,NORMAL,89913600
FIFO,NORMAL,89915000
FIFO,NORMAL,89916300
FIFO,LOW,89917700
FIFO,NORMAL,89918900
FIFO,NORMAL,89920100
FIFO,NORMAL,89921400
FIFO,NORMAL,89922600
FIFO,NORMAL,89923800
FIFO,NORMAL,89925200
FIFO,NORMAL,89926500
FIFO,NORMAL,89928000
FIFO,NORMAL,89929200
FIFO,LOW,89930600
FIFO,NORMAL,89931800
FIFO,NORMAL,89933300
FIFO,NORMAL,89934600
FIFO,NORMAL,89936100
FIFO,NORMAL,89937300
FIFO,NORMAL,89938700
FIFO,NORMAL,89940100
FIFO,NORMAL,89941300
FIFO,NORMAL,89942600
FIFO,LOW,89941800
FIFO,NORMAL,89942900
FIFO,NORMAL,89944200
FIFO,NORMAL,89945800
FIFO,NORMAL,89947200
FIFO,NORMAL,89948500
FIFO,NORMAL,89949900
FIFO,NORMAL,89951100
FIFO,NORMAL,89952500
FIFO,NORMAL,89953800
FIFO,LOW,89955200
FIFO,NORMAL,89956400
FIFO,NORMAL,89957700
FIFO,NORMAL,89959200
FIFO,NORMAL,89960200
FIFO,NORMAL,89961400
FIFO,NORMAL,89962600
FIFO,NORMAL,89963900
FIFO,NORMAL,89965200
FIFO,NORMAL,89966300
FIFO,LOW,89967600
FIFO,NORMAL,89970500
FIFO,NORMAL,89979100
FIFO,NORMAL,89980600
FIFO,NORMAL,89981900
FIFO,NORMAL,89983200
FIFO,NORMAL,89984500
FIFO,NORMAL,89985700
FIFO,NORMAL,89987100
FIFO,NORMAL,89988300
FIFO,LOW,89989600
FIFO,NORMAL,89990800
FIFO,NORMAL,89992100
FIFO,NORMAL,89993300
FIFO,NORMAL,89994600
FIFO,NORMAL,89996000
FIFO,NORMAL,89997700
FIFO,NORMAL,89999000
FIFO,NORMAL,90000100
FIFO,NORMAL,90001500
FIFO,LOW,90002900
FIFO,NORMAL,90004300
FIFO,NORMAL,90005500
FIFO,NORMAL,89942100
FIFO,NORMAL,89943100
FIFO,NORMAL,89944300
FIFO,NORMAL,89945600
FIFO,NORMAL,89946900
FIFO,NORMAL,89948100
FIFO,NORMAL,89949600
FIFO,LOW,89950900
FIFO,NORMAL,89950100
FIFO,NORMAL,89951500
FIFO,NORMAL,89952700
FIFO,NORMAL,89954100
FIFO,NORMAL,89955400
FIFO,NORMAL,89956600
FIFO,NORMAL,89960000
FIFO,NORMAL,89961300
FIFO,NORMAL,89962600
FIFO,HIGH,89963900
FIFO,NORMAL,89965500
FIFO,NORMAL,89966600
FIFO,NORMAL,89968100
FIFO,NORMAL,89969400
FIFO,NORMAL,89970800
FIFO,NORMAL,89972000
FIFO,NORMAL,89973500
FIFO,NORMAL,89975000
FIFO,NORMAL,89976700
FIFO,LOW,89978100
FIFO,NORMAL,89979700
FIFO,NORMAL,89980900
FIFO,NORMAL,89982300
FIFO,NORMAL,89983600
FIFO,NORMAL,89984900
FIFO,NORMAL,89986200
FIFO,NORMAL,89987600
FIFO,NORMAL,89988800
FIFO,NORMAL,89990200
FIFO,LOW,89991400
FIFO,NORMAL,89992800
FIFO,NORMAL,89994200
FIFO,NORMAL,89995500
FIFO,NORMAL,89996800
FIFO,NORMAL,89998200
FIFO,NORMAL,89999500
FIFO,NORMAL,90000800
FIFO,NORMAL,90002100
FIFO,NORMAL,90003500
FIFO,LOW,90004800
FIFO,NORMAL,90006000
FIFO,NORMAL,90007500
FIFO,NORMAL,90008900
FIFO,NORMAL,90010100
FIFO,NORMAL,90011400
FIFO,NORMAL,90012600
FIFO,NORMAL,90013900
FIFO,NORMAL,90015400
FIFO,NORMAL,90016800
FIFO,LOW,90018100
FIFO,NORMAL,90019500
FIFO,NORMAL,90018900
FIFO,NORMAL,90020400
FIFO,NORMAL,90021600
FIFO,NORMAL,90022900
FIFO,NORMAL,90024300
FIFO,NORMAL,90025600
FIFO,NORMAL,90026800
FIFO,NORMAL,90028200
FIFO,LOW,90029500
FIFO,NORMAL,90030800
FIFO,NORMAL,90031900
FIFO,NORMAL,90033100
FIFO,NORMAL,90034500
FIFO,NORMAL,90035800
FIFO,NORMAL,90037100
FIFO,NORMAL,90038400
FIFO,NORMAL,90039700
FIFO,NORMAL,90041100
FIFO,LOW,90042300
FIFO,NORMAL,90043700
FIFO,NORMAL,90044900
FIFO,NORMAL,90047300
FIFO,NORMAL,90048600
FIFO,NORMAL,90049800
FIFO,NORMAL,90051200
FIFO,NORMAL,90052600
FIFO,NORMAL,90053900
FIFO,NORMAL,90055400
FIFO,LOW,90056600
FIFO,NORMAL,90058100
FIFO,NORMAL,90059500
FIFO,NORMAL,90060900
FIFO,NORMAL,90062300
FIFO,NORMAL,90063600
FIFO,NORMAL,90065000
FIFO,NORMAL,90066400
FIFO,NORMAL,90067700
FIFO,NORMAL,90069100
FIFO,LOW,90070400
FIFO,NORMAL,90071700
FIFO,NORMAL,90073000
FIFO,NORMAL,90074300
FIFO,NORMAL,90075700
FIFO,NORMAL,90077100
FIFO,NORMAL,90078400
FIFO,NORMAL,90079700
FIFO,NORMAL,90081000
FIFO,NORMAL,90082300
FIFO,LOW,90083600
FIFO,NORMAL,90085000
FIFO,NORMAL,90086300
FIFO,NORMAL,90085700
FIFO,NORMAL,90087300
FIFO,NORMAL,90088700
FIFO,NORMAL,90090100
FIFO,NORMAL,90091300
FIFO,NORMAL,90092500
FIFO,NORMAL,90093800
FIFO,CRITICAL,90095400
FIFO,NORMAL,90096600
FIFO,NORMAL,90097900
FIFO,NORMAL,90099500
FIFO,NORMAL,90100800
FIFO,NORMAL,90102100
FIFO,NORMAL,90103600
FIFO,NORMAL,90105100
FIFO,NORMAL,90106300
FIFO,NORMAL,90107700
FIFO,LOW,90109000
FIFO,NORMAL,90110300
FIFO,NORMAL,90111700
FIFO,NORMAL,90113200
FIFO,NORMAL,90114400
FIFO,NORMAL,90115700
FIFO,NORMAL,90117000
FIFO,NORMAL,90118400
FIFO,NORMAL,90119700
FIFO,NORMAL,90121100
FIFO,LOW,90122300
FIFO,NORMAL,90123800
FIFO,NORMAL,90125200
FIFO,NORMAL,90126400
FIFO,NORMAL,90127700
FIFO,NORMAL,90131100
FIFO,NORMAL,90132600
FIFO,NORMAL,90133900
FIFO,NORMAL,90135300
FIFO,NORMAL,90136600
FIFO,LOW,90137900
FIFO,NORMAL,90139200
FIFO,NORMAL,90140500
FIFO,NORMAL,90141800
FIFO,NORMAL,90143000
FIFO,NORMAL,90144300
FIFO,NORMAL,90075700
FIFO,NORMAL,90076800
FIFO,NORMAL,90078200
FIFO,NORMAL,90079500
FIFO,LOW,90080800
FIFO,NORMAL,90082000
FIFO,NORMAL,90083200
FIFO,NORMAL,90084500
FIFO,NORMAL,90083600
FIFO,NORMAL,90084900
FIFO,NORMAL,90086200
FIFO,NORMAL,90087600
FIFO,NORMAL,90088900
FIFO,NORMAL,90090500
FIFO,LOW,90091800
FIFO,NORMAL,90093200
FIFO,NORMAL,90094500
FIFO,NORMAL,90095900
FIFO,NORMAL,90097100
FIFO,NORMAL,90098400
FIFO,NORMAL,90099600
FIFO,NORMAL,90101000
FIFO,NORMAL,90102400
FIFO,NORMAL,90103800
FIFO,LOW,90105300
FIFO,NORMAL,90106700
FIFO,NORMAL,90108000
FIFO,NORMAL,90109300
FIFO,NORMAL,90110700
FIFO,NORMAL,90112000
FIFO,NORMAL,90113200
FIFO,NORMAL,90114900
FIFO,NORMAL,90116600
FIFO,NORMAL,90117900
FIFO,LOW,90119200
FIFO,NORMAL,90120500
FIFO,NORMAL,90121800
FIFO,NORMAL,90123200
FIFO,NORMAL,90124400
FIFO,NORMAL,90125600
FIFO,NORMAL,90127000
FIFO,NORMAL,90128200
FIFO,NORMAL,90129500
FIFO,NORMAL,90130800
FIFO,LOW,90132100
FIFO,NORMAL,90133400
FIFO,NORMAL,90134700
FIFO,NORMAL,90135900
FIFO,NORMAL,90137400
FIFO,NORMAL,90138600
FIFO,NORMAL,90139900
FIFO,NORMAL,90141100
FIFO,NORMAL,90142500
FIFO,NORMAL,90143800
FIFO,LOW,90145100
FIFO,NORMAL,90146500
FIFO,NORMAL,90147700
FIFO,NORMAL,90148900
FIFO,NORMAL,90150300
FIFO,NORMAL,90151600
FIFO,NORMAL,90150800
FIFO,NORMAL,90152100
FIFO,NORMAL,90153500
FIFO,NORMAL,90154800
FIFO,HIGH,90156100
FIFO,NORMAL,90157400
FIFO,NORMAL,90161400
FIFO,NORMAL,90169100
FIFO,NORMAL,90170300
FIFO,NORMAL,90171600
FIFO,NORMAL,90173000
FIFO,NORMAL,90174400
FIFO,NORMAL,90175700
FIFO,NORMAL,90177000
FIFO,LOW,90178600
FIFO,NORMAL,90179900
FIFO,NORMAL,90181200
FIFO,NORMAL,90182600
FIFO,NORMAL,90184000
FIFO,NORMAL,90185200
FIFO,NORMAL,90186400
FIFO,NORMAL,90187700
FIFO,NORMAL,90189000
FIFO,NORMAL,90190200
FIFO,LOW,90191700
FIFO,NORMAL,90193000
FIFO,NORMAL,90194300
FIFO,NORMAL,90195800
FIFO,NORMAL,90197100
FIFO,NORMAL,90198600
FIFO,NORMAL,90199800
FIFO,NORMAL,90201200
FIFO,NORMAL,90202500
FIFO,NORMAL,90203800
FIFO,LOW,90205100
FIFO,NORMAL,90206600
FIFO,NORMAL,90208000
FIFO,NORMAL,90209400
FIFO,NORMAL,90211000
FIFO,NORMAL,90212300
FIFO,NORMAL,90213900
FIFO,NORMAL,90215100
FIFO,NORMAL,90216600
FIFO,NORMAL,90218100
FIFO,LOW,90219400
FIFO,NORMAL,90220800
FIFO,NORMAL,90222100
FIFO,NORMAL,90223500
FIFO,NORMAL,90224800
FIFO,NORMAL,90226000
FIFO,NORMAL,90227400
FIFO,NORMAL,90226700
FIFO,NORMAL,90228100
FIFO,NORMAL,90229500
FIFO,LOW,90230700
FIFO,NORMAL,90232100
FIFO,NORMAL,90233400
FIFO,NORMAL,90236900
FIFO,NORMAL,90238200
FIFO,NORMAL,90239400
FIFO,NORMAL,90240800
FIFO,NORMAL,90242100
FIFO,NORMAL,90243300
FIFO,NORMAL,90244600
FIFO,LOW,90245900
FIFO,NORMAL,90247300
FIFO,NORMAL,90248500
FIFO,NORMAL,90249800
FIFO,NORMAL,90251200
FIFO,NORMAL,90252700
FIFO,NORMAL,90253900
FIFO,NORMAL,90255100
FIFO,NORMAL,90256300
FIFO,NORMAL,90257800
FIFO,LOW,90259000
FIFO,NORMAL,90260300
FIFO,NORMAL,90261700
FIFO,NORMAL,90263000
FIFO,NORMAL,90264700
FIFO,NORMAL,90266000
FIFO,NORMAL,90267300
FIFO,NORMAL,90268600
FIFO,NORMAL,90269800
FIFO,NORMAL,90271200
FIFO,LOW,90272400
FIFO,NORMAL,90273600
FIFO,NORMAL,90274800
FIFO,NORMAL,90276200
FIFO,NORMAL,90277500
FIFO,NORMAL,90278900
FIFO,NORMAL,90280200
FIFO,NORMAL,90281700
FIFO,NORMAL,90283100
FIFO,NORMAL,90284500
FIFO,LOW,90285900
FIFO,NORMAL,90287200
FIFO,NORMAL,90288500
FIFO,NORMAL,90289800
FIFO,NORMAL,90291100
FIFO,NORMAL,90292900
FIFO,NORMAL,90294300
FIFO,NORMAL,90295800
FIFO,NORMAL,90295000
FIFO,NORMAL,90296300
FIFO,HIGH,90297600
FIFO,NORMAL,90299000
FIFO,NORMAL,90300400
FIFO,NORMAL,90301700
FIFO,NORMAL,90302900
FIFO,NORMAL,90304200
FIFO,NORMAL,90305500
FIFO,NORMAL,90306800
FIFO,NORMAL,90308200
FIFO,NORMAL,90309500
FIFO,LOW,90310800
FIFO,NORMAL,90312100
FIFO,NORMAL,90313500
FIFO,NORMAL,90314900
FIFO,NORMAL,90316100
FIFO,NORMAL,90317300
FIFO,NORMAL,90318600
FIFO,NORMAL,90319600
FIFO,NORMAL,90321100
FIFO,NORMAL,90322500
FIFO,LOW,90323800
FIFO,NORMAL,90325200
FIFO,NORMAL,90326500
FIFO,NORMAL,90327800
FIFO,NORMAL,90329200
FIFO,NORMAL,90330500
FIFO,NORMAL,90331800
FIFO,NORMAL,90333300
FIFO,NORMAL,90334700
FIFO,NORMAL,90336500
FIFO,LOW,90337600
FIFO,NORMAL,90339000
FIFO,NORMAL,90340400
FIFO,NORMAL,90341700
FIFO,NORMAL,90343000
FIFO,NORMAL,90344100
FIFO,NORMAL,90345400
FIFO,NORMAL,90346700
FIFO,NORMAL,90348100
FIFO,NORMAL,90349300
FIFO,LOW,90350600
FIFO,NORMAL,90352100
FIFO,NORMAL,90353500
FIFO,NORMAL,90354900
FIFO,NORMAL,90356200
FIFO,NORMAL,90357500
FIFO,NORMAL,90358900
FIFO,NORMAL,90360200
FIFO,NORMAL,90361500
FIFO,NORMAL,90360800
FIFO,LOW,90362100
FIFO,NORMAL,90363500
FIFO,NORMAL,90364800
FIFO,NORMAL,90366200
FIFO,NORMAL,90367700
FIFO,NORMAL,90368900
FIFO,NORMAL,90370300
FIFO,NORMAL,90371400
FIFO,NORMAL,90372800
FIFO,NORMAL,90374300
FIFO,LOW,90375800
FIFO,NORMAL,90377000
FIFO,NORMAL,90378200
FIFO,NORMAL,90379500
FIFO,NORMAL,90380900
FIFO,NORMAL,90382200
FIFO,NORMAL,90383700
FIFO,NORMAL,90385100
FIFO,NORMAL,90386500
FIFO,NORMAL,90388100
FIFO,LOW,90389300
FIFO,NORMAL,90390600
FIFO,NORMAL,90392000
FIFO,NORMAL,90393300
FIFO,NORMAL,90394500
FIFO,NORMAL,90395800
FIFO,NORMAL,90397200
FIFO,NORMAL,90398500
FIFO,NORMAL,90399800
FIFO,NORMAL,90401100
FIFO,LOW,90402400
FIFO,NORMAL,90405900
FIFO,NORMAL,90407300
FIFO,NORMAL,90408700
FIFO,NORMAL,90409900
FIFO,NORMAL,90411100
FIFO,NORMAL,90412400
FIFO,NORMAL,90413700
FIFO,NORMAL,90414900
FIFO,NORMAL,90416200
FIFO,LOW,90418100
FIFO,NORMAL,90420900
FIFO,NORMAL,90283900
FIFO,NORMAL,90287700
FIFO,NORMAL,90291200
FIFO,NORMAL,90294700
FIFO,NORMAL,90299200
FIFO,NORMAL,90302200
FIFO,NORMAL,90303700
FIFO,NORMAL,90305000
FIFO,HIGH,90304200
FIFO,NORMAL,90305500
FIFO,NORMAL,90306800
FIFO,NORMAL,90308100
FIFO,NORMAL,90309300
FIFO,NORMAL,90310600
FIFO,NORMAL,90311900
FIFO,NORMAL,90313200
FIFO,NORMAL,90314500
FIFO,NORMAL,90315800
FIFO,LOW,90317100
FIFO,NORMAL,90318400
FIFO,NORMAL,90319700
FIFO,NORMAL,90321000
FIFO,NORMAL,90322400
FIFO,NORMAL,90323900
FIFO,NORMAL,90325300
FIFO,NORMAL,90326600
FIFO,NORMAL,90327900
FIFO,NORMAL,90329200
FIFO,LOW,90330400
FIFO,NORMAL,90331800
FIFO,NORMAL,90333100
FIFO,NORMAL,90334400
FIFO,NORMAL,90335800
FIFO,NORMAL,90337100
FIFO,NORMAL,90338400
FIFO,NORMAL,90339700
FIFO,NORMAL,90340900
FIFO,NORMAL,90342200
FIFO,LOW,90343600
FIFO,NORMAL,90345000
FIFO,NORMAL,90346400
FIFO,NORMAL,90347600
FIFO,NORMAL,90349000
FIFO,NORMAL,90350600
FIFO,NORMAL,90352000
FIFO,NORMAL,90353300
FIFO,NORMAL,90356800
FIFO,NORMAL,90365000
FIFO,LOW,90366500
FIFO,NORMAL,90368000
FIFO,NORMAL,90369300
FIFO,NORMAL,90370700
FIFO,NORMAL,90372000
FIFO,NORMAL,90373400
FIFO,NORMAL,90374900
FIFO,NORMAL,90376200
FIFO,NORMAL,90377600
FIFO,NORMAL,90378800
FIFO,LOW,90380200
FIFO,NORMAL,90379500
FIFO,NORMAL,90380700
FIFO,NORMAL,90382100
FIFO,NORMAL,90383400
FIFO,NORMAL,90384700
FIFO,NORMAL,90385800
FIFO,NORMAL,90387100
FIFO,NORMAL,90388400
FIFO,NORMAL,90389800
FIFO,LOW,90391100
FIFO,NORMAL,90392400
FIFO,NORMAL,90393800
FIFO,NORMAL,90395100
FIFO,NORMAL,90396400
FIFO,NORMAL,90398400
FIFO,NORMAL,90408000
FIFO,NORMAL,90409600
FIFO,NORMAL,90411100
FIFO,NORMAL,90412500
FIFO,LOW,90413700
FIFO,NORMAL,90415100
FIFO,NORMAL,90416500
FIFO,NORMAL,90417800
FIFO,NORMAL,90419200
FIFO,NORMAL,90420600
FIFO,NORMAL,90421900
FIFO,NORMAL,90423200
FIFO,NORMAL,90424600
FIFO,NORMAL,90426000
FIFO,LOW,90427300
FIFO,NORMAL,90428700
FIFO,NORMAL,90430000
FIFO,NORMAL,90431300
FIFO,NORMAL,90432800
FIFO,NORMAL,90434200
FIFO,NORMAL,90435500
FIFO,NORMAL,90436800
FIFO,NORMAL,90438100
FIFO,NORMAL,90439400
FIFO,LOW,90440700
FIFO,NORMAL,90442100
FIFO,NORMAL,90443400
FIFO,NORMAL,90444700
FIFO,NORMAL,90445900
FIFO,NORMAL,90447200
FIFO,NORMAL,90448500
FIFO,NORMAL,90449800
FIFO,NORMAL,90451200
FIFO,NORMAL,90452500
FIFO,HIGH,90453900
FIFO,NORMAL,90455200
FIFO,NORMAL,90456600
FIFO,NORMAL,90456100
FIFO,NORMAL,90457400
FIFO,NORMAL,90458700
FIFO,NORMAL,90460000
FIFO,NORMAL,90461300
FIFO,NORMAL,90462500
FIFO,NORMAL,90466100
FIFO,LOW,90467100
FIFO,NORMAL,90468400
FIFO,NORMAL,90471200
FIFO,NORMAL,90473900
FIFO,NORMAL,90476800
FIFO,NORMAL,90479300
FIFO,NORMAL,90482200
FIFO,NORMAL,90484600
FIFO,NORMAL,90488600
FIFO,NORMAL,90491500
FIFO,LOW,90493600
FIFO,NORMAL,90496300
FIFO,NORMAL,90499200
FIFO,NORMAL,90501700
FIFO,NORMAL,90505300
FIFO,NORMAL,90507500
FIFO,NORMAL,90510000
FIFO,NORMAL,90513100
FIFO,NORMAL,90516100
FIFO,NORMAL,90522600
FIFO,LOW,90531700
FIFO,NORMAL,90534300
FIFO,NORMAL,90536800
FIFO,NORMAL,90539300
FIFO,NORMAL,90542800
FIFO,NORMAL,90547900
FIFO,NORMAL,90550500
FIFO,NORMAL,90553200
FIFO,NORMAL,90558700
FIFO,NORMAL,90561400
FIFO,LOW,90563900
FIFO,NORMAL,90570300
FIFO,NORMAL,90580900
FIFO,NORMAL,90584400
FIFO,NORMAL,90588400
FIFO,NORMAL,90592300
FIFO,NORMAL,90596100
FIFO,NORMAL,90599600
FIFO,NORMAL,90603400
FIFO,NORMAL,90607600
FIFO,LOW,90611500
FIFO,NORMAL,90615200
FIFO,NORMAL,90664200
FIFO,NORMAL,90670000
FIFO,NORMAL,90672200
FIFO,NORMAL,90675100
FIFO,NORMAL,90681600
FIFO,NORMAL,90687500
FIFO,NORMAL,90693500
FIFO,NORMAL,90699500
FIFO,LOW,90704200
FIFO,NORMAL,90707800
FIFO,NORMAL,90712300
FIFO,NORMAL,90717600
FIFO,NORMAL,90728400
FIFO,NORMAL,90733100
FIFO,NORMAL,90734900
FIFO,NORMAL,90736600
FIFO,NORMAL,90738600
FIFO,NORMAL,90741700
FIFO,LOW,90750600
FIFO,NORMAL,90778900
FIFO,NORMAL,90783300
FIFO,NORMAL,90790300
FIFO,NORMAL,90797400
FIFO,NORMAL,90811100
FIFO,NORMAL,90821500
FIFO,NORMAL,90825000
FIFO,NORMAL,90890100
FIFO,NORMAL,90895800
FIFO,LOW,90909000
FIFO,NORMAL,90918000
FIFO,NORMAL,90921600
FIFO,NORMAL,90924400
FIFO,NORMAL,90927900
FIFO,NORMAL,90931100
FIFO,NORMAL,90934100
FIFO,NORMAL,90937400
FIFO,NORMAL,90946800
FIFO,NORMAL,90951100
FIFO,LOW,90955000
FIFO,NORMAL,90959000
FIFO,NORMAL,90963000
FIFO,NORMAL,90967900
FIFO,NORMAL,90971400
FIFO,NORMAL,90981100
FIFO,NORMAL,90985300
FIFO,NORMAL,90994800
FIFO,NORMAL,91000800
FIFO,NORMAL,91007500
FIFO,HIGH,91013700
FIFO,NORMAL,91018600
FIFO,NORMAL,91023500
FIFO,NORMAL,91026700
FIFO,NORMAL,91029500
FIFO,NORMAL,91030100
FIFO,NORMAL,91032800
FIFO,NORMAL,91037500
FIFO,NORMAL,91043000
FIFO,NORMAL,91048800
FIFO,LOW,91053700
FIFO,NORMAL,91059000
FIFO,NORMAL,91064800
FIFO,NORMAL,91070900
FIFO,NORMAL,91077400
FIFO,NORMAL,91084200
FIFO,NORMAL,91091300
FIFO,NORMAL,91098500
FIFO,NORMAL,91105700
FIFO,NORMAL,91112800
FIFO,LOW,91120000
FIFO,NORMAL,91127100
FIFO,NORMAL,91134300
FIFO,NORMAL,91141500
FIFO,NORMAL,91148900
FIFO,NORMAL,91156200
FIFO,NORMAL,91163600
FIFO,NORMAL,91170800
FIFO,NORMAL,91178100
FIFO,NORMAL,91185400
FIFO,LOW,91192600
FIFO,NORMAL,91199800
FIFO,NORMAL,91207000
FIFO,NORMAL,91214400
FIFO,NORMAL,91221700
FIFO,NORMAL,91229000
FIFO,NORMAL,91279700
FIFO,NORMAL,91289200
FIFO,NORMAL,91296500
FIFO,NORMAL,91303700
FIFO,LOW,91310800
FIFO,NORMAL,91318100
FIFO,NORMAL,91325300
FIFO,NORMAL,91332500
FIFO,NORMAL,91339800
FIFO,NORMAL,91346800
FIFO,NORMAL,91354000
FIFO,NORMAL,91361200
FIFO,NORMAL,91368300
FIFO,NORMAL,91375600
FIFO,LOW,91382700
FIFO,NORMAL,91389800
FIFO,NORMAL,91397100
FIFO,NORMAL,91404300
FIFO,NORMAL,91411500
FIFO,NORMAL,91418600
FIFO,NORMAL,91423800
FIFO,NORMAL,91431000
FIFO,NORMAL,91438300
FIFO,NORMAL,91445600
FIFO,LOW,91452900
FIFO,NORMAL,91460300
FIFO,NORMAL,91467500
FIFO,NORMAL,91474700
FIFO,NORMAL,91482000
FIFO,NORMAL,91489100
FIFO,NORMAL,91496400
FIFO,NORMAL,91503500
FIFO,NORMAL,91510800
FIFO,NORMAL,91518000
FIFO,LOW,91525100
FIFO,NORMAL,91532300
FIFO,NORMAL,91539600
FIFO,NORMAL,91546800
FIFO,NORMAL,91554000
FIFO,NORMAL,91561100
FIFO,NORMAL,91568400
FIFO,NORMAL,91575800
FIFO,NORMAL,91582800
FIFO,NORMAL,91590100
FIFO,LOW,91597300
FIFO,NORMAL,91604600
FIFO,NORMAL,91611700
FIFO,NORMAL,91625300
FIFO,NORMAL,91632700
FIFO,NORMAL,91639900
FIFO,NORMAL,91647000
FIFO,NORMAL,91654400
FIFO,NORMAL,91661700
FIFO,NORMAL,91669200
FIFO,LOW,91676300
FIFO,NORMAL,91683400
FIFO,NORMAL,91690400
FIFO,NORMAL,91697700
FIFO,NORMAL,91704900
FIFO,NORMAL,91712000
FIFO,NORMAL,91719500
FIFO,NORMAL,91726800
FIFO,NORMAL,91734100
FIFO,NORMAL,91741400
FIFO,HIGH,91748500
FIFO,NORMAL,91755700
FIFO,NORMAL,91762700
FIFO,NORMAL,91770100
FIFO,NORMAL,91777300
FIFO,NORMAL,91784500
FIFO,NORMAL,91791700
FIFO,NORMAL,91796800
FIFO,NORMAL,91803900
FIFO,NORMAL,91811200
FIFO,LOW,91818500
FIFO,NORMAL,91825700
FIFO,NORMAL,91832800
FIFO,NORMAL,91840100
FIFO,NORMAL,91847300
FIFO,NORMAL,91854400
FIFO,NORMAL,91861700
FIFO,NORMAL,91868800
FIFO,NORMAL,91876100
FIFO,NORMAL,91883300
FIFO,LOW,91890400
FIFO,NORMAL,91897500
FIFO,NORMAL,91904800
FIFO,NORMAL,91912100
FIFO,NORMAL,91919200
FIFO,NORMAL,91926500
FIFO,NORMAL,91933800
FIFO,NORMAL,91941000
FIFO,NORMAL,91948300
FIFO,NORMAL,91955500
FIFO,LOW,91962700
FIFO,NORMAL,91970000
FIFO,NORMAL,91977400
FIFO,NORMAL,91984600
FIFO,NORMAL,91991800
FIFO,NORMAL,91999100
FIFO,NORMAL,92006300
FIFO,NORMAL,92013500
FIFO,NORMAL,92020700
FIFO,NORMAL,92027500
FIFO,LOW,92034200
FIFO,NORMAL,92040100
FIFO,NORMAL,92045600
FIFO,NORMAL,92050700
FIFO,NORMAL,92056100
FIFO,NORMAL,92058900
FIFO,NORMAL,92064400
FIFO,NORMAL,92071100
FIFO,NORMAL,92077500
FIFO,NORMAL,92084100
FIFO,LOW,92091000
FIFO,NORMAL,92098000
FIFO,NORMAL,92104700
FIFO,NORMAL,92111500
FIFO,NORMAL,92117900
FIFO,NORMAL,92120700
FIFO,NORMAL,92127000
FIFO,NORMAL,92130200
FIFO,NORMAL,92135900
FIFO,NORMAL,92140700
FIFO,LOW,92147600
FIFO,NORMAL,92154800
FIFO,NORMAL,92161900
FIFO,NORMAL,92168500
FIFO,NORMAL,92173400
FIFO,NORMAL,92179800
FIFO,NORMAL,92184300
FIFO,NORMAL,92191400
FIFO,NORMAL,92198300
FIFO,NORMAL,92205600
FIFO,LOW,92212500
FIFO,NORMAL,92216600
FIFO,NORMAL,92223800
FIFO,NORMAL,92231100
FIFO,NORMAL,92238400
FIFO,NORMAL,92245200
FIFO,NORMAL,92249200
FIFO,NORMAL,92255300
FIFO,NORMAL,92259300
FIFO,NORMAL,92266200
FIFO,LOW,92273300
FIFO,NORMAL,92280500
FIFO,NORMAL,92285700
FIFO,NORMAL,92292800
FIFO,NORMAL,92300100
FIFO,NORMAL,92307400
FIFO,NORMAL,92312800
FIFO,NORMAL,92319200
FIFO,NORMAL,92330000
FIFO,NORMAL,92336700
FIFO,LOW,92343600
FIFO,NORMAL,92350900
FIFO,NORMAL,92357600
FIFO,NORMAL,92362700
FIFO,NORMAL,92369200
FIFO,NORMAL,92375600
FIFO,NORMAL,92382600
FIFO,NORMAL,92389400
FIFO,NORMAL,92396600
FIFO,NORMAL,92403300
FIFO,HIGH,92409200
FIFO,NORMAL,92414900
FIFO,NORMAL,92422100
FIFO,NORMAL,92429300
FIFO,NORMAL,92434500
FIFO,NORMAL,92441700
FIFO,NORMAL,92449000
FIFO,NORMAL,92456100
FIFO,NORMAL,92460000
FIFO,NORMAL,92465200
FIFO,LOW,92470100
FIFO,NORMAL,92477300
FIFO,NORMAL,92484500
FIFO,NORMAL,92491000
FIFO,NORMAL,92496700
FIFO,NORMAL,92501900
FIFO,NORMAL,92509200
FIFO,NORMAL,92449700
FIFO,NORMAL,92456100
FIFO,NORMAL,92463200
FIFO,LOW,92470200
FIFO,NORMAL,92477200
FIFO,NORMAL,92483200
FIFO,NORMAL,92489300
FIFO,NORMAL,92493400
FIFO,NORMAL,92500400
FIFO,NORMAL,92507500
FIFO,NORMAL,92514400
FIFO,NORMAL,92519400
FIFO,NORMAL,92526500
FIFO,LOW,92533900
FIFO,NORMAL,92540900
FIFO,NORMAL,92545600
FIFO,NORMAL,92551500
FIFO,NORMAL,92557900
FIFO,NORMAL,92565000
FIFO,NORMAL,92572300
FIFO,NORMAL,92577300
FIFO,NORMAL,92584300
FIFO,NORMAL,92591600
FIFO,LOW,92598700
FIFO,NORMAL,92602700
FIFO,NORMAL,92608000
FIFO,NORMAL,92614600
FIFO,NORMAL,92621700
FIFO,NORMAL,92628800
FIFO,NORMAL,92634000
FIFO,NORMAL,92641200
FIFO,NORMAL,92648500
FIFO,NORMAL,92655400
FIFO,LOW,92661100
FIFO,NORMAL,92666900
FIFO,NORMAL,92673900
FIFO,NORMAL,92683100
FIFO,NORMAL,92689200
FIFO,NORMAL,92696200
FIFO,NORMAL,92703500
FIFO,NORMAL,92710600
FIFO,NORMAL,92715000
FIFO,NORMAL,92720600
FIFO,LOW,92727000
FIFO,NORMAL,92732000
FIFO,NORMAL,92739200
FIFO,NORMAL,92744400
FIFO,NORMAL,92751400
FIFO,NORMAL,92758800
FIFO,NORMAL,92765700
FIFO,NORMAL,92771300
FIFO,NORMAL,92775100
FIFO,NORMAL,92782200
FIFO,LOW,92789300
FIFO,NORMAL,92796500
FIFO,NORMAL,92803200
FIFO,NORMAL,92810300
FIFO,NORMAL,92817500
FIFO,NORMAL,92823200
FIFO,NORMAL,92829100
FIFO,NORMAL,92835300
FIFO,NORMAL,92842400
FIFO,NORMAL,92849600
FIFO,LOW,92854700
FIFO,NORMAL,92861900
FIFO,NORMAL,92869200
FIFO,NORMAL,92876400
FIFO,NORMAL,92881400
FIFO,NORMAL,92885600
FIFO,NORMAL,92892600
FIFO,NORMAL,92899700
FIFO,NORMAL,92906800
FIFO,NORMAL,92912600
FIFO,LOW,92919800
FIFO,NORMAL,92927000
FIFO,NORMAL,92933900
FIFO,NORMAL,92942000
FIFO,NORMAL,92947100
FIFO,NORMAL,92959300
FIFO,NORMAL,92977100
FIFO,NORMAL,92984400
FIFO,NORMAL,92991500
FIFO,NORMAL,92997500
FIFO,HIGH,93004700
FIFO,NORMAL,93012000
FIFO,NORMAL,93018600
FIFO,NORMAL,93023700
FIFO,NORMAL,93027800
FIFO,NORMAL,93034800
FIFO,NORMAL,93041700
FIFO,NORMAL,93048900
FIFO,NORMAL,93055400
FIFO,NORMAL,93062500
FIFO,LOW,93069600
FIFO,NORMAL,93076400
FIFO,NORMAL,93079700
FIFO,NORMAL,93084900
FIFO,NORMAL,93092000
FIFO,NORMAL,93099300
FIFO,NORMAL,93104900
FIFO,NORMAL,93111900
FIFO,NORMAL,93119200
FIFO,NORMAL,93126200
FIFO,LOW,93130100
FIFO,NORMAL,93135600
FIFO,NORMAL,93142100
FIFO,NORMAL,93149100
FIFO,NORMAL,93156100
FIFO,NORMAL,93161100
FIFO,NORMAL,93168400
FIFO,NORMAL,93175600
FIFO,NORMAL,93182500
FIFO,NORMAL,93186900
FIFO,LOW,93192500
FIFO,NORMAL,93198600
FIFO,NORMAL,93205600
FIFO,NORMAL,93212700
FIFO,NORMAL,93217800
FIFO,NORMAL,93224800
FIFO,NORMAL,93232000
FIFO,NORMAL,93239100
FIFO,NORMAL,93243500
FIFO,NORMAL,93248200
FIFO,LOW,93255200
FIFO,NORMAL,93262300
FIFO,NORMAL,93269600
FIFO,NORMAL,93276100
FIFO,NORMAL,93283400
FIFO,NORMAL,93290700
FIFO,NORMAL,93297000
FIFO,NORMAL,93303000
FIFO,NORMAL,93308600
FIFO,NORMAL,93315600
FIFO,LOW,93323000
FIFO,NORMAL,93328200
FIFO,NORMAL,93335200
FIFO,NORMAL,93342500
FIFO,NORMAL,93349400
FIFO,NORMAL,93353700
FIFO,NORMAL,93359400
FIFO,NORMAL,93365800
FIFO,NORMAL,93372900
FIFO,NORMAL,93380200
FIFO,LOW,93385100
FIFO,NORMAL,93392100
FIFO,NORMAL,93399400
FIFO,NORMAL,93404400
FIFO,NORMAL,93408000
FIFO,NORMAL,93413200
FIFO,NORMAL,93419900
FIFO,NORMAL,93427500
FIFO,NORMAL,93434500
FIFO,NORMAL,93442300
FIFO,LOW,93449100
FIFO,NORMAL,93456400
FIFO,NORMAL,93463700
FIFO,NORMAL,93468800
FIFO,NORMAL,93474500
FIFO,NORMAL,93481000
FIFO,NORMAL,93488200
FIFO,NORMAL,93495400
FIFO,NORMAL,93500700
FIFO,NORMAL,93507900
FIFO,LOW,93515100
FIFO,NORMAL,93522200
FIFO,NORMAL,93526000
FIFO,NORMAL,93533200
FIFO,NORMAL,93539800
FIFO,NORMAL,93546900
FIFO,NORMAL,93554200
FIFO,NORMAL,93559400
FIFO,NORMAL,93566600
FIFO,NORMAL,93574100
FIFO,LOW,93581100
FIFO,NORMAL,93585200
FIFO,NORMAL,93589900
FIFO,NORMAL,93596900
FIFO,NORMAL,93604300
FIFO,NORMAL,93611500
FIFO,NORMAL,93617600
FIFO,NORMAL,93625000
FIFO,NORMAL,93632400
FIFO,NORMAL,93638600
FIFO,HIGH,93644300
FIFO,NORMAL,93649400
FIFO,NORMAL,93661800
FIFO,NORMAL,93669000
FIFO,NORMAL,93676000
FIFO,NORMAL,93680600
FIFO,NORMAL,93687600
FIFO,NORMAL,93694800
FIFO,NORMAL,93701800
FIFO,NORMAL,93705500
FIFO,LOW,93710900
FIFO,NORMAL,93717200
FIFO,NORMAL,93724200
FIFO,NORMAL,93731400
FIFO,NORMAL,93734400
FIFO,NORMAL,93741700
FIFO,NORMAL,93748900
FIFO,NORMAL,93756200
FIFO,NORMAL,93759900
FIFO,NORMAL,93765600
FIFO,LOW,93773800
FIFO,NORMAL,93783000
FIFO,NORMAL,93790300
FIFO,NORMAL,93795400
FIFO,NORMAL,93802600
FIFO,NORMAL,93809900
FIFO,NORMAL,93816800
FIFO,NORMAL,93821500
FIFO,NORMAL,93825900
FIFO,NORMAL,93833000
FIFO,LOW,93840100
FIFO,NORMAL,93847200
FIFO,NORMAL,93852700
FIFO,NORMAL,93859900
FIFO,NORMAL,93867500
FIFO,NORMAL,93874400
FIFO,NORMAL,93879400
FIFO,NORMAL,93883700
FIFO,NORMAL,93890800
FIFO,NORMAL,93898000
FIFO,LOW,93905100
FIFO,NORMAL,93911800
FIFO,NORMAL,93919200
FIFO,NORMAL,93926700
FIFO,NORMAL,93933000
FIFO,NORMAL,93938800
FIFO,NORMAL,93943900
FIFO,NORMAL,93951000
FIFO,NORMAL,93958400
FIFO,NORMAL,93964500
FIFO,LOW,93971400
FIFO,NORMAL,93978800
FIFO,NORMAL,93985700
FIFO,NORMAL,93990400
FIFO,NORMAL,93996000
FIFO,NORMAL,94002200
FIFO,NORMAL,94009200
FIFO,NORMAL,94016500
FIFO,NORMAL,94021700
FIFO,NORMAL,94028600
FIFO,LOW,94036000
FIFO,NORMAL,94042900
FIFO,NORMAL,94047000
FIFO,NORMAL,94052400
FIFO,NORMAL,94058900
FIFO,NORMAL,94066100
FIFO,NORMAL,94071400
FIFO,NORMAL,94076200
FIFO,NORMAL,94083200
FIFO,NORMAL,94090600
FIFO,LOW,94097600
FIFO,NORMAL,94102700
FIFO,NORMAL,94107200
FIFO,NORMAL,94114400
FIFO,NORMAL,94121400
FIFO,NORMAL,94128600
FIFO,NORMAL,94135400
FIFO,NORMAL,94142500
FIFO,NORMAL,94149700
FIFO,NORMAL,94155700
FIFO,LOW,94161700
FIFO,NORMAL,94167200
FIFO,NORMAL,94174300
FIFO,NORMAL,94181500
FIFO,NORMAL,94187100
FIFO,NORMAL,94194100
FIFO,NORMAL,94201400
FIFO,NORMAL,94208300
FIFO,NORMAL,94213500
FIFO,NORMAL,94219200
FIFO,LOW,94225600
FIFO,NORMAL,94232500
FIFO,NORMAL,94239600
FIFO,NORMAL,94245100
FIFO,NORMAL,94252200
FIFO,NORMAL,94259500
FIFO,NORMAL,94266400
FIFO,NORMAL,94270900
FIFO,NORMAL,94276700
FIFO,NORMAL,94282800
FIFO,CRITICAL,94290000
FIFO,NORMAL,94297300
FIFO,NORMAL,94302400
FIFO,NORMAL,94309600
FIFO,NORMAL,94317100
FIFO,NORMAL,94324100
FIFO,NORMAL,94328400
FIFO,NORMAL,94333900
FIFO,NORMAL,94340700
FIFO,NORMAL,94347900
FIFO,LOW,94360400
FIFO,NORMAL,94367100
FIFO,NORMAL,94373800
FIFO,NORMAL,94381300
FIFO,NORMAL,94388300
FIFO,NORMAL,94394200
FIFO,NORMAL,94398500
FIFO,NORMAL,94401400
FIFO,NORMAL,94408500
FIFO,NORMAL,94415600
FIFO,LOW,94421600
FIFO,NORMAL,94428700
FIFO,NORMAL,94436200
FIFO,NORMAL,94443200
FIFO,NORMAL,94448500
FIFO,NORMAL,94454600
FIFO,NORMAL,94460700
FIFO,NORMAL,94467800
FIFO,NORMAL,94474700
FIFO,NORMAL,94479600
FIFO,LOW,94486600
FIFO,NORMAL,94494000
FIFO,NORMAL,94501100
FIFO,NORMAL,94504800
FIFO,NORMAL,94510100
FIFO,NORMAL,94517000
FIFO,NORMAL,94524200
FIFO,NORMAL,94531300
FIFO,NORMAL,94537800
FIFO,NORMAL,94545100
FIFO,LOW,94552400
FIFO,NORMAL,94559400
FIFO,NORMAL,94564800
FIFO,NORMAL,94568900
FIFO,NORMAL,94576000
FIFO,NORMAL,94583100
FIFO,NORMAL,94590300
FIFO,NORMAL,94597000
FIFO,NORMAL,94604000
FIFO,NORMAL,94613300
FIFO,LOW,94619500
FIFO,NORMAL,94625300
FIFO,NORMAL,94630700
FIFO,NORMAL,94637800
FIFO,NORMAL,94644900
FIFO,NORMAL,94650200
FIFO,NORMAL,94657200
FIFO,NORMAL,94664600
FIFO,NORMAL,94671600
FIFO,NORMAL,94676000
FIFO,LOW,94681800
FIFO,NORMAL,94688400
FIFO,NORMAL,94695300
FIFO,NORMAL,94702600
FIFO,NORMAL,94707500
FIFO,NORMAL,94714600
FIFO,NORMAL,94721600
FIFO,NORMAL,94728600
FIFO,NORMAL,94731200
FIFO,NORMAL,94735800
FIFO,LOW,94742800
FIFO,NORMAL,94749900
FIFO,NORMAL,94757000
FIFO,NORMAL,94762500
FIFO,NORMAL,94769700
FIFO,NORMAL,94777100
FIFO,NORMAL,94784000
FIFO,NORMAL,94788700
FIFO,NORMAL,94793000
FIFO,NORMAL,94800200
FIFO,LOW,94807200
FIFO,NORMAL,94814200
FIFO,NORMAL,94822400
FIFO,NORMAL,94829600
FIFO,NORMAL,94837000
FIFO,NORMAL,94844000
FIFO,NORMAL,94848700
FIFO,NORMAL,94853600
FIFO,NORMAL,94860500
FIFO,NORMAL,94867800
FIFO,LOW,94874800
FIFO,NORMAL,94882000
FIFO,NORMAL,94889200
FIFO,NORMAL,94896300
FIFO,NORMAL,94901700
FIFO,NORMAL,94907500
FIFO,NORMAL,94913300
FIFO,NORMAL,94920200
FIFO,NORMAL,94927500
FIFO,NORMAL,94932900
FIFO,HIGH,94940100
FIFO,NORMAL,94947400
FIFO,NORMAL,94954900
FIFO,NORMAL,94960100
FIFO,NORMAL,94965300
FIFO,NORMAL,94971900
FIFO,NORMAL,94979100
FIFO,NORMAL,94985900
FIFO,NORMAL,94990900
FIFO,NORMAL,94864900
FIFO,LOW,94871900
FIFO,NORMAL,94878700
FIFO,NORMAL,94883800
FIFO,NORMAL,94888200
FIFO,NORMAL,94895300
FIFO,NORMAL,94902500
FIFO,NORMAL,94909500
FIFO,NORMAL,94921000
FIFO,NORMAL,94927900
FIFO,NORMAL,94933000
FIFO,LOW,94939900
FIFO,NORMAL,94945000
FIFO,NORMAL,94950900
FIFO,NORMAL,94957100
FIFO,NORMAL,94964000
FIFO,NORMAL,94971200
FIFO,NORMAL,94976600
FIFO,NORMAL,94983900
FIFO,NORMAL,94991400
FIFO,NORMAL,94998500
FIFO,LOW,95002500
FIFO,NORMAL,95008100
FIFO,NORMAL,95014300
FIFO,NORMAL,95021500
FIFO,NORMAL,95028700
FIFO,NORMAL,95034300
FIFO,NORMAL,95041300
FIFO,NORMAL,95048600
FIFO,NORMAL,95055800
FIFO,NORMAL,95060000
FIFO,LOW,95064600
FIFO,NORMAL,95071500
FIFO,NORMAL,95078600
FIFO,NORMAL,95085700
FIFO,NORMAL,95091600
FIFO,NORMAL,95098700
FIFO,NORMAL,95106000
FIFO,NORMAL,95113100
FIFO,NORMAL,95118500
FIFO,NORMAL,95122500
FIFO,LOW,95129800
FIFO,NORMAL,95137100
FIFO,NORMAL,95144300
FIFO,NORMAL,95150800
FIFO,NORMAL,95157900
FIFO,NORMAL,95165400
FIFO,NORMAL,95171400
FIFO,NORMAL,95177300
FIFO,NORMAL,95182800
FIFO,NORMAL,95190000
FIFO,LOW,95197200
FIFO,NORMAL,95203200
FIFO,NORMAL,95210300
FIFO,NORMAL,95217600
FIFO,NORMAL,95224800
FIFO,NORMAL,95229700
FIFO,NORMAL,95235600
FIFO,NORMAL,95241500
FIFO,NORMAL,95248500
FIFO,NORMAL,95255700
FIFO,LOW,95258400
FIFO,NORMAL,95265500
FIFO,NORMAL,95272800
FIFO,NORMAL,95280000
FIFO,NORMAL,95284300
FIFO,NORMAL,95289500
FIFO,NORMAL,95296400
FIFO,NORMAL,95305500
FIFO,NORMAL,95313000
FIFO,NORMAL,95318300
FIFO,LOW,95325700
FIFO,NORMAL,95333000
FIFO,NORMAL,95340100
FIFO,NORMAL,95345000
FIFO,NORMAL,95349200
FIFO,NORMAL,95356300
FIFO,NORMAL,95363400
FIFO,NORMAL,95370600
FIFO,NORMAL,95377000
FIFO,NORMAL,95384000
FIFO,LOW,95391400
FIFO,NORMAL,95397900
FIFO,NORMAL,95403000
FIFO,NORMAL,95407700
FIFO,NORMAL,95414600
FIFO,NORMAL,95421900
FIFO,NORMAL,95429200
FIFO,NORMAL,95436000
FIFO,NORMAL,95443100
FIFO,NORMAL,95450300
FIFO,HIGH,95456000
FIFO,NORMAL,95461900
FIFO,NORMAL,95466800
FIFO,NORMAL,95473900
FIFO,NORMAL,95481100
FIFO,NORMAL,95486900
FIFO,NORMAL,95493900
FIFO,NORMAL,95501400
FIFO,NORMAL,95779700
FIFO,NORMAL,95786300
FIFO,LOW,95790500
FIFO,NORMAL,95797700
FIFO,NORMAL,95804900
FIFO,NORMAL,95812200
FIFO,NORMAL,95819100
FIFO,NORMAL,95826400
FIFO,NORMAL,95833900
FIFO,NORMAL,95839800
FIFO,NORMAL,95848000
FIFO,NORMAL,95853300
FIFO,LOW,95860500
FIFO,NORMAL,95865700
FIFO,NORMAL,95871900
FIFO,NORMAL,95878900
FIFO,NORMAL,95886300
FIFO,NORMAL,95893600
FIFO,NORMAL,95898100
FIFO,NORMAL,95904000
FIFO,NORMAL,95910400
FIFO,NORMAL,95917700
FIFO,LOW,95925200
FIFO,NORMAL,95930600
FIFO,NORMAL,95937700
FIFO,NORMAL,95945100
FIFO,NORMAL,95952100
FIFO,NORMAL,95956600
FIFO,NORMAL,95961100
FIFO,NORMAL,95968300
FIFO,NORMAL,95975600
FIFO,NORMAL,95982800
FIFO,LOW,95989600
FIFO,NORMAL,95996400
FIFO,NORMAL,96003700
FIFO,NORMAL,96009700
FIFO,NORMAL,96015700
FIFO,NORMAL,96021600
FIFO,NORMAL,96028600
FIFO,NORMAL,96035900
FIFO,NORMAL,96041400
FIFO,NORMAL,96048600
FIFO,LOW,96056000
FIFO,NORMAL,96063100
FIFO,NORMAL,96067500
FIFO,NORMAL,96072900
FIFO,NORMAL,96079300
FIFO,NORMAL,96086500
FIFO,NORMAL,96093800
FIFO,NORMAL,96099300
FIFO,NORMAL,96106500
FIFO,NORMAL,96114000
FIFO,LOW,96121100
FIFO,NORMAL,96126000
FIFO,NORMAL,96130200
FIFO,NORMAL,96137200
FIFO,NORMAL,96144600
FIFO,NORMAL,96151900
FIFO,NORMAL,96158800
FIFO,NORMAL,96166000
FIFO,NORMAL,96173200
FIFO,NORMAL,96178500
FIFO,LOW,96184800
FIFO,NORMAL,96190300
FIFO,NORMAL,96197400
FIFO,NORMAL,96202600
FIFO,NORMAL,96208000
FIFO,NORMAL,96215300
FIFO,NORMAL,96222800
FIFO,NORMAL,96229900
FIFO,NORMAL,96234000
FIFO,NORMAL,96239600
FIFO,LOW,96245800
FIFO,NORMAL,96252900
FIFO,NORMAL,96260100
FIFO,NORMAL,96265200
FIFO,NORMAL,96272400
FIFO,NORMAL,96279800
FIFO,NORMAL,96286700
FIFO,NORMAL,96291100
FIFO,NORMAL,96296600
FIFO,NORMAL,96302900
FIFO,LOW,96310000
FIFO,NORMAL,96317100
FIFO,NORMAL,96322700
FIFO,NORMAL,96329700
FIFO,NORMAL,96337200
FIFO,NORMAL,96344300
FIFO,NORMAL,96348100
FIFO,NORMAL,96353800
FIFO,NORMAL,96360200
FIFO,NORMAL,96367200
FIFO,HIGH,96374500
FIFO,NORMAL,96380000
FIFO,NORMAL,96387200
FIFO,NORMAL,96399700
FIFO,NORMAL,96407200
FIFO,NORMAL,96415400
FIFO,NORMAL,96420800
FIFO,NORMAL,96425900
FIFO,NORMAL,96433100
FIFO,NORMAL,96440500
FIFO,LOW,96447600
FIFO,NORMAL,96454500
FIFO,NORMAL,96461900
FIFO,NORMAL,96469000
FIFO,NORMAL,96474300
FIFO,NORMAL,96480400
FIFO,NORMAL,96486100
FIFO,NORMAL,96493500
FIFO,NORMAL,96500600
FIFO,NORMAL,96506100
FIFO,LOW,96513000
FIFO,NORMAL,96520700
FIFO,NORMAL,96527800
FIFO,NORMAL,96531500
FIFO,NORMAL,96535000
FIFO,NORMAL,96541600
FIFO,NORMAL,96548800
FIFO,NORMAL,96556100
FIFO,NORMAL,96561500
FIFO,NORMAL,96568700
FIFO,LOW,96575900
FIFO,NORMAL,96583100
FIFO,NORMAL,96587600
FIFO,NORMAL,96592200
FIFO,NORMAL,96599300
FIFO,NORMAL,96606500
FIFO,NORMAL,96614000
FIFO,NORMAL,96620800
FIFO,NORMAL,96628100
FIFO,NORMAL,96635600
FIFO,LOW,96641300
FIFO,NORMAL,96647300
FIFO,NORMAL,96650800
FIFO,NORMAL,96657900
FIFO,NORMAL,96664900
FIFO,NORMAL,96672200
FIFO,NORMAL,96679200
FIFO,NORMAL,96683800
FIFO,NORMAL,96690800
FIFO,NORMAL,96698000
FIFO,LOW,96705400
FIFO,NORMAL,96712400
FIFO,NORMAL,96716400
FIFO,NORMAL,96722100
FIFO,NORMAL,96725900
FIFO,NORMAL,96732900
FIFO,NORMAL,96739800
FIFO,NORMAL,96747000
FIFO,NORMAL,96754000
FIFO,NORMAL,96758500
FIFO,LOW,96765700
FIFO,NORMAL,96772900
FIFO,NORMAL,96780200
FIFO,NORMAL,96787300
FIFO,NORMAL,96791200
FIFO,NORMAL,96797100
FIFO,NORMAL,96802900
FIFO,NORMAL,96810000
FIFO,NORMAL,96817200
FIFO,NORMAL,96824200
FIFO,LOW,96828700
FIFO,NORMAL,96834300
FIFO,NORMAL,96840500
FIFO,NORMAL,96847300
FIFO,NORMAL,96854600
FIFO,NORMAL,96859600
FIFO,NORMAL,96863700
FIFO,NORMAL,96869100
FIFO,NORMAL,96872700
FIFO,NORMAL,96877000
FIFO,LOW,96884200
FIFO,NORMAL,96891100
FIFO,NORMAL,96898200
FIFO,NORMAL,96905100
FIFO,NORMAL,96910800
FIFO,NORMAL,96916400
FIFO,NORMAL,96923500
FIFO,NORMAL,96930800
FIFO,NORMAL,96938200
FIFO,NORMAL,96945200
FIFO,LOW,96948800
FIFO,NORMAL,96957000
FIFO,NORMAL,96960800
FIFO,NORMAL,96967600
FIFO,NORMAL,96974900
FIFO,NORMAL,96982000
FIFO,NORMAL,96988000
FIFO,NORMAL,96993400
FIFO,NORMAL,96929600
FIFO,NORMAL,96935900
FIFO,HIGH,96942800
FIFO,NORMAL,96949800
FIFO,NORMAL,96957200
FIFO,NORMAL,96962000
FIFO,NORMAL,96969100
FIFO,NORMAL,96976300
FIFO,NORMAL,96983800
FIFO,NORMAL,96990500
FIFO,NORMAL,96994300
FIFO,NORMAL,96999000
FIFO,LOW,97003500
FIFO,NORMAL,97010500
FIFO,NORMAL,97022700
FIFO,NORMAL,97030200
FIFO,NORMAL,97037300
FIFO,NORMAL,97043200
FIFO,NORMAL,97050200
FIFO,NORMAL,97057800
FIFO,NORMAL,97064900
FIFO,NORMAL,97070400
FIFO,LOW,97075900
FIFO,NORMAL,97080100
FIFO,NORMAL,97086300
FIFO,NORMAL,97093500
FIFO,NORMAL,97100800
FIFO,NORMAL,97108100
FIFO,NORMAL,97112000
FIFO,NORMAL,97119100
FIFO,NORMAL,97126600
FIFO,NORMAL,97133500
FIFO,LOW,97138700
FIFO,NORMAL,97145000
FIFO,NORMAL,97148500
FIFO,NORMAL,97157400
FIFO,NORMAL,97164600
FIFO,NORMAL,97172000
FIFO,NORMAL,97179000
FIFO,NORMAL,97185500
FIFO,NORMAL,97192700
FIFO,NORMAL,97200000
FIFO,LOW,97207000
FIFO,NORMAL,97211500
FIFO,NORMAL,97217700
FIFO,NORMAL,97221200
FIFO,NORMAL,97228400
FIFO,NORMAL,97235500
FIFO,NORMAL,97242700
FIFO,NORMAL,97248600
FIFO,NORMAL,97255600
FIFO,NORMAL,97262600
FIFO,LOW,97269800
FIFO,NORMAL,97276900
FIFO,NORMAL,97281100
FIFO,NORMAL,97287200
FIFO,NORMAL,97290700
FIFO,NORMAL,97297800
FIFO,NORMAL,97304800
FIFO,NORMAL,97312100
FIFO,NORMAL,97318500
FIFO,NORMAL,97324800
FIFO,LOW,97331700
FIFO,NORMAL,97338900
FIFO,NORMAL,97345900
FIFO,NORMAL,97350700
FIFO,NORMAL,97356700
FIFO,NORMAL,97360300
FIFO,NORMAL,97367300
FIFO,NORMAL,97374700
FIFO,NORMAL,97382100
FIFO,NORMAL,97387800
FIFO,LOW,97394800
FIFO,NORMAL,97402100
FIFO,NORMAL,97409600
FIFO,NORMAL,97416500
FIFO,NORMAL,97420500
FIFO,NORMAL,97426300
FIFO,NORMAL,97430200
FIFO,NORMAL,97435200
FIFO,NORMAL,97442300
FIFO,NORMAL,97449400
FIFO,LOW,97454700
FIFO,NORMAL,97461800
FIFO,NORMAL,97469100
FIFO,NORMAL,97476500
FIFO,NORMAL,97483500
FIFO,NORMAL,97487000
FIFO,NORMAL,97492400
FIFO,NORMAL,97496500
FIFO,NORMAL,97503600
FIFO,NORMAL,97510600
FIFO,LOW,97517900
FIFO,NORMAL,97523000
FIFO,NORMAL,97530100
FIFO,NORMAL,97537400
FIFO,NORMAL,97544800
FIFO,NORMAL,97551600
FIFO,NORMAL,97555700
FIFO,NORMAL,97561000
FIFO,NORMAL,97565500
FIFO,NORMAL,97572500
FIFO,HIGH,97579700
FIFO,NORMAL,97587000
FIFO,NORMAL,97591000
FIFO,NORMAL,97598000
FIFO,NORMAL,97605300
FIFO,NORMAL,97612500
FIFO,NORMAL,97619200
FIFO,NORMAL,97623200
FIFO,NORMAL,97627900
FIFO,NORMAL,97632200
FIFO,LOW,97639000
FIFO,NORMAL,97646100
FIFO,NORMAL,97653200
FIFO,NORMAL,97658000
FIFO,NORMAL,97665200
FIFO,NORMAL,97672600
FIFO,NORMAL,97680100
FIFO,NORMAL,97686600
FIFO,NORMAL,97690600
FIFO,NORMAL,97695200
FIFO,LOW,97699700
FIFO,NORMAL,97706600
FIFO,NORMAL,97719100
FIFO,NORMAL,97726100
FIFO,NORMAL,97733100
FIFO,NORMAL,97738500
FIFO,NORMAL,97746200
FIFO,NORMAL,97753500
FIFO,NORMAL,97758600
FIFO,NORMAL,97765200
FIFO,LOW,97769000
FIFO,NORMAL,97773900
FIFO,NORMAL,97778000
FIFO,NORMAL,97785100
FIFO,NORMAL,97792200
FIFO,NORMAL,97799500
FIFO,NORMAL,97804600
FIFO,NORMAL,97811700
FIFO,NORMAL,97818800
FIFO,NORMAL,97826200
FIFO,LOW,97832900
FIFO,NORMAL,97837000
FIFO,NORMAL,97842700
FIFO,NORMAL,97846400
FIFO,NORMAL,97853700
FIFO,NORMAL,97860800
FIFO,NORMAL,97868000
FIFO,NORMAL,97873300
FIFO,NORMAL,97880600
FIFO,NORMAL,97887600
FIFO,LOW,97894800
FIFO,NORMAL,97902300
FIFO,NORMAL,97906000
FIFO,NORMAL,97948900
FIFO,NORMAL,97952300
FIFO,NORMAL,97959400
FIFO,NORMAL,97966400
FIFO,NORMAL,97973600
FIFO,NORMAL,97979400
FIFO,NORMAL,97986600
FIFO,LOW,97993700
FIFO,NORMAL,98003300
FIFO,NORMAL,98010300
FIFO,NORMAL,98014400
FIFO,NORMAL,98020000
FIFO,NORMAL,98023700
FIFO,NORMAL,98030600
FIFO,NORMAL,98037600
FIFO,NORMAL,98044800
FIFO,NORMAL,98050500
FIFO,LOW,98059600
FIFO,NORMAL,98066900
FIFO,NORMAL,98074200
FIFO,NORMAL,98081000
FIFO,NORMAL,98085100
FIFO,NORMAL,98090500
FIFO,NORMAL,98093900
FIFO,NORMAL,98100900
FIFO,NORMAL,98108100
FIFO,NORMAL,98115200
FIFO,LOW,98119300
FIFO,NORMAL,98125500
FIFO,NORMAL,98132500
FIFO,NORMAL,98139700
FIFO,NORMAL,98146700
FIFO,NORMAL,98151200
FIFO,NORMAL,98157100
FIFO,NORMAL,98160500
FIFO,NORMAL,98167600
FIFO,NORMAL,98174700
FIFO,LOW,98181900
FIFO,NORMAL,98188100
FIFO,NORMAL,98194600
FIFO,NORMAL,98201700
FIFO,NORMAL,98209000
FIFO,NORMAL,98216100
FIFO,NORMAL,98220400
FIFO,NORMAL,98226400
FIFO,NORMAL,98230000
FIFO,NORMAL,98237200
FIFO,HIGH,98244300
FIFO,NORMAL,98251600
FIFO,NORMAL,98257500
FIFO,NORMAL,98264600
FIFO,NORMAL,98271800
FIFO,NORMAL,98279200
FIFO,NORMAL,98286300
FIFO,NORMAL,98290300
FIFO,NORMAL,98295800
FIFO,NORMAL,98299600
FIFO,LOW,98306600
FIFO,NORMAL,98313700
FIFO,NORMAL,98320700
FIFO,NORMAL,98326500
FIFO,NORMAL,98333700
FIFO,NORMAL,98341000
FIFO,NORMAL,98348300
FIFO,NORMAL,98355300
FIFO,NORMAL,98359300
FIFO,NORMAL,98364500
FIFO,LOW,98368200
FIFO,NORMAL,98375300
FIFO,NORMAL,98382400
FIFO,NORMAL,98389500
FIFO,NORMAL,98395000
FIFO,NORMAL,98402100
FIFO,NORMAL,98409300
FIFO,NORMAL,98421800
FIFO,NORMAL,98429300
FIFO,NORMAL,98433900
FIFO,LOW,98439700
FIFO,NORMAL,98441700
FIFO,NORMAL,98448000
FIFO,NORMAL,98455100
FIFO,NORMAL,98462500
FIFO,NORMAL,98469300
FIFO,NORMAL,98475100
FIFO,NORMAL,98482200
FIFO,NORMAL,98489400
FIFO,NORMAL,98496400
FIFO,LOW,98502400
FIFO,NORMAL,98507900
FIFO,NORMAL,98512100
FIFO,NORMAL,98518100
FIFO,NORMAL,98525000
FIFO,NORMAL,98532300
FIFO,NORMAL,98539200
FIFO,NORMAL,98544400
FIFO,NORMAL,98551500
FIFO,NORMAL,98558800
FIFO,LOW,98565900
FIFO,NORMAL,98571900
FIFO,NORMAL,98576500
FIFO,NORMAL,98580900
FIFO,NORMAL,98587100
FIFO,NORMAL,98594200
FIFO,NORMAL,98601600
FIFO,NORMAL,98609000
FIFO,NORMAL,98614000
FIFO,NORMAL,98620900
FIFO,LOW,98628200
FIFO,NORMAL,98635500
FIFO,NORMAL,98642200
FIFO,NORMAL,98646200
FIFO,NORMAL,98653100
FIFO,NORMAL,98657700
FIFO,NORMAL,98664700
FIFO,NORMAL,98671700
FIFO,NORMAL,98679100
FIFO,NORMAL,98684000
FIFO,LOW,98691100
FIFO,NORMAL,98698500
FIFO,NORMAL,98705800
FIFO,NORMAL,98712600
FIFO,NORMAL,98716200
FIFO,NORMAL,98721500
FIFO,NORMAL,98725400
FIFO,NORMAL,98732500
FIFO,NORMAL,98739600
FIFO,NORMAL,98746900
FIFO,LOW,98752200
FIFO,NORMAL,98759400
FIFO,NORMAL,98764600
FIFO,NORMAL,98771800
FIFO,NORMAL,98778600
FIFO,NORMAL,98782400
FIFO,NORMAL,98787700
FIFO,NORMAL,98791000
FIFO,NORMAL,98798200
FIFO,NORMAL,98807600
FIFO,LOW,98814800
FIFO,NORMAL,98820200
FIFO,NORMAL,98827600
FIFO,NORMAL,98834700
FIFO,NORMAL,98841900
FIFO,NORMAL,98848900
FIFO,NORMAL,98852800
FIFO,NORMAL,98858300
FIFO,NORMAL,98861700
FIFO,NORMAL,98868900
FIFO,HIGH,98876000
FIFO,NORMAL,98883200
FIFO,NORMAL,98888400
FIFO,NORMAL,98895700
FIFO,NORMAL,98903000
FIFO,NORMAL,98910300
FIFO,NORMAL,98917300
FIFO,NORMAL,98921200
FIFO,NORMAL,98926500
FIFO,NORMAL,98930100
FIFO,LOW,98937100
FIFO,NORMAL,98944300
FIFO,NORMAL,98951500
FIFO,NORMAL,98956600
FIFO,NORMAL,98963900
FIFO,NORMAL,98971100
FIFO,NORMAL,98978400
FIFO,NORMAL,98985300
FIFO,NORMAL,98989500
FIFO,NORMAL,98994400
FIFO,LOW,98998300
FIFO,NORMAL,99005000
FIFO,NORMAL,99013100
FIFO,NORMAL,99021500
FIFO,NORMAL,99030900
FIFO,NORMAL,99037900
FIFO,NORMAL,99045300
FIFO,NORMAL,99052200
FIFO,NORMAL,99057400
FIFO,NORMAL,99063300
FIFO,LOW,99067000
FIFO,NORMAL,99073400
FIFO,NORMAL,99080400
FIFO,NORMAL,99085600
FIFO,NORMAL,99092500
FIFO,NORMAL,99098500
FIFO,NORMAL,99105500
FIFO,NORMAL,99117800
FIFO,NORMAL,99125200
FIFO,NORMAL,99132200
FIFO,LOW,99136600
FIFO,NORMAL,99142400
FIFO,NORMAL,99145800
FIFO,NORMAL,99153200
FIFO,NORMAL,99160500
FIFO,NORMAL,99167700
FIFO,NORMAL,99173600
FIFO,NORMAL,99182300
FIFO,NORMAL,99189600
FIFO,NORMAL,99196700
FIFO,LOW,99203700
FIFO,NORMAL,99207800
FIFO,NORMAL,99213700
FIFO,NORMAL,99217100
FIFO,NORMAL,99224300
FIFO,NORMAL,99231300
FIFO,NORMAL,99238600
FIFO,NORMAL,99245600
FIFO,NORMAL,99251400
FIFO,NORMAL,99256000
FIFO,LOW,99260100
FIFO,NORMAL,99266500
FIFO,NORMAL,99273400
FIFO,NORMAL,99280400
FIFO,NORMAL,99287400
FIFO,NORMAL,99293700
FIFO,NORMAL,99298200
FIFO,NORMAL,99302600
FIFO,NORMAL,99308200
FIFO,NORMAL,99315100
FIFO,LOW,99322200
FIFO,NORMAL,99329300
FIFO,NORMAL,99336000
FIFO,NORMAL,99340200
FIFO,NORMAL,99345200
FIFO,NORMAL,99350800
FIFO,NORMAL,99357800
FIFO,NORMAL,99365000
FIFO,NORMAL,99372000
FIFO,NORMAL,99378500
FIFO,LOW,99385800
FIFO,NORMAL,99393000
FIFO,NORMAL,99398800
FIFO,NORMAL,99403600
FIFO,NORMAL,99405900
FIFO,NORMAL,99409700
FIFO,NORMAL,99417000
FIFO,NORMAL,99424000
FIFO,NORMAL,99431200
FIFO,NORMAL,99438500
FIFO,LOW,99445400
FIFO,NORMAL,99449600
FIFO,NORMAL,99456100
FIFO,NORMAL,99459600
FIFO,NORMAL,99466600
FIFO,NORMAL,99473600
FIFO,NORMAL,99481000
FIFO,NORMAL,99488100
FIFO,NORMAL,99493100
FIFO,NORMAL,99498800
FIFO,HIGH,99502700
FIFO,NORMAL,99509700
FIFO,NORMAL,99516600
FIFO,NORMAL,99523700
FIFO,NORMAL,99530600
FIFO,NORMAL,99535200
FIFO,NORMAL,99541200
FIFO,NORMAL,99544600
FIFO,NORMAL,99550800
FIFO,NORMAL,99558000
FIFO,LOW,99565200
FIFO,NORMAL,99572300
FIFO,NORMAL,99576900
FIFO,NORMAL,99584000
FIFO,NORMAL,99591300
FIFO,NORMAL,99598600
FIFO,NORMAL,99605500
FIFO,NORMAL,99611900
FIFO,NORMAL,99617500
FIFO,NORMAL,99620900
FIFO,LOW,99628200
FIFO,NORMAL,99635100
FIFO,NORMAL,99642300
FIFO,NORMAL,99649600
FIFO,NORMAL,99654200
FIFO,NORMAL,99660700
FIFO,NORMAL,99664300
FIFO,NORMAL,99671300
FIFO,NORMAL,99678600
FIFO,NORMAL,99685800
FIFO,LOW,99692900
FIFO,NORMAL,99697100
FIFO,NORMAL,99703200
FIFO,NORMAL,99706600
FIFO,NORMAL,99713600
FIFO,NORMAL,99720600
FIFO,NORMAL,99725800
FIFO,NORMAL,99732300
FIFO,NORMAL,99738900
FIFO,NORMAL,99746100
FIFO,LOW,99753500
FIFO,NORMAL,99760500
FIFO,NORMAL,99764600
FIFO,NORMAL,99770600
FIFO,NORMAL,99774700
FIFO,NORMAL,99781800
FIFO,NORMAL,99789000
FIFO,NORMAL,99796000
FIFO,NORMAL,99806400
FIFO,NORMAL,99812200
FIFO,LOW,99816600
FIFO,NORMAL,99823500
FIFO,NORMAL,99830600
FIFO,NORMAL,99837700
FIFO,NORMAL,99844500
FIFO,NORMAL,99849000
FIFO,NORMAL,99855400
FIFO,NORMAL,99860100
FIFO,NORMAL,99867200
FIFO,NORMAL,99874300
FIFO,LOW,99881200
FIFO,NORMAL,99887500
FIFO,NORMAL,99892500
FIFO,NORMAL,99896500
FIFO,NORMAL,99903400
FIFO,NORMAL,99910400
FIFO,NORMAL,99917800
FIFO,NORMAL,99923400
FIFO,NORMAL,99930400
FIFO,NORMAL,99937800
FIFO,LOW,99944800
FIFO,NORMAL,99949800
FIFO,NORMAL,99955800
FIFO,NORMAL,99959400
FIFO,NORMAL,99966600
FIFO,NORMAL,99973600
FIFO,NORMAL,99980800
FIFO,NORMAL,99986800
FIFO,NORMAL,99993400
FIFO,NORMAL,100000600
FIFO,LOW,100008100
FIFO,NORMAL,100014700
FIFO,NORMAL,100019100
FIFO,NORMAL,100024000
FIFO,NORMAL,100029400
FIFO,NORMAL,100036500
FIFO,NORMAL,100043700
FIFO,NORMAL,100048800
FIFO,NORMAL,100053700
FIFO,NORMAL,100060600
FIFO,LOW,100067700
FIFO,NORMAL,100075100
FIFO,NORMAL,100080900
FIFO,NORMAL,100085900
FIFO,NORMAL,100090000
FIFO,NORMAL,100096300
FIFO,NORMAL,100104200
FIFO,NORMAL,100112100
FIFO,NORMAL,100119100
FIFO,NORMAL,100125100
FIFO,HIGH,100135400
FIFO,NORMAL,100142900
FIFO,NORMAL,100149800
FIFO,NORMAL,100155300
FIFO,NORMAL,100159900
FIFO,NORMAL,100163900
FIFO,NORMAL,100170900
FIFO,NORMAL,100178100
FIFO,NORMAL,100185200
FIFO,NORMAL,100190300
FIFO,LOW,100197100
FIFO,NORMAL,100204500
FIFO,NORMAL,100211600
FIFO,NORMAL,100216000
FIFO,NORMAL,100221100
FIFO,NORMAL,100227100
FIFO,NORMAL,100234400
FIFO,NORMAL,100241900
FIFO,NORMAL,100248900
FIFO,NORMAL,100253400
FIFO,LOW,100259600
FIFO,NORMAL,100264000
FIFO,NORMAL,100270900
FIFO,NORMAL,100278300
FIFO,NORMAL,100285300
FIFO,NORMAL,100290600
FIFO,NORMAL,100296500
FIFO,NORMAL,100299900
FIFO,NORMAL,100306500
FIFO,NORMAL,100313600
FIFO,LOW,100320700
FIFO,NORMAL,100326800
FIFO,NORMAL,100331600
FIFO,NORMAL,100335900
FIFO,NORMAL,100341800
FIFO,NORMAL,100349400
FIFO,NORMAL,100356400
FIFO,NORMAL,100363300
FIFO,NORMAL,100368000
FIFO,NORMAL,100371700
FIFO,LOW,100377200
FIFO,NORMAL,100381600
FIFO,NORMAL,100388800
FIFO,NORMAL,100395900
FIFO,NORMAL,100403000
FIFO,NORMAL,100414000
FIFO,NORMAL,100421200
FIFO,NORMAL,100428200
FIFO,NORMAL,100433700
FIFO,NORMAL,100438300
FIFO,LOW,100441800
FIFO,NORMAL,100316800
FIFO,NORMAL,100323300
FIFO,NORMAL,100330400
FIFO,NORMAL,100337300
FIFO,NORMAL,100340900
FIFO,NORMAL,100345700
FIFO,NORMAL,100348800
FIFO,NORMAL,100361300
FIFO,NORMAL,100368800
FIFO,LOW,100376000
FIFO,NORMAL,100383200
FIFO,NORMAL,100390500
FIFO,NORMAL,100394800
FIFO,NORMAL,100401200
FIFO,NORMAL,100404700
FIFO,NORMAL,100411800
FIFO,NORMAL,100418900
FIFO,NORMAL,100426100
FIFO,NORMAL,100433100
FIFO,LOW,100437300
FIFO,NORMAL,100441700
FIFO,NORMAL,100448000
FIFO,NORMAL,100455000
FIFO,NORMAL,100462000
FIFO,NORMAL,100467500
FIFO,NORMAL,100474700
FIFO,NORMAL,100482300
FIFO,NORMAL,100489300
FIFO,NORMAL,100494400
FIFO,LOW,100500400
FIFO,NORMAL,100504500
FIFO,NORMAL,100511500
FIFO,NORMAL,100518300
FIFO,NORMAL,100525700
FIFO,NORMAL,100532500
FIFO,NORMAL,100537000
FIFO,NORMAL,100543200
FIFO,NORMAL,100546600
FIFO,NORMAL,100551400
FIFO,LOW,100558600
FIFO,NORMAL,100565900
FIFO,NORMAL,100573100
FIFO,NORMAL,100579100
FIFO,NORMAL,100584100
FIFO,NORMAL,100588300
FIFO,NORMAL,100594500
FIFO,NORMAL,100601700
FIFO,NORMAL,100609000
FIFO,NORMAL,100615900
FIFO,CRITICAL,100619900
FIFO,NORMAL,100624700
FIFO,NORMAL,100627900
FIFO,NORMAL,100635000
FIFO,NORMAL,100641800
FIFO,NORMAL,100648900
FIFO,NORMAL,100655900
FIFO,NORMAL,100660700
FIFO,NORMAL,100667800
FIFO,NORMAL,100674800
FIFO,LOW,100682200
FIFO,NORMAL,100689400
FIFO,NORMAL,100693900
FIFO,NORMAL,100700300
FIFO,NORMAL,100704300
FIFO,NORMAL,100711500
FIFO,NORMAL,100718800
FIFO,NORMAL,100726000
FIFO,NORMAL,100732900
FIFO,NORMAL,100736600
FIFO,LOW,100741800
FIFO,NORMAL,100745000
FIFO,NORMAL,100752300
FIFO,NORMAL,100759600
FIFO,NORMAL,100766900
FIFO,NORMAL,100771400
FIFO,NORMAL,100778700
FIFO,NORMAL,100786000
FIFO,NORMAL,100793200
FIFO,NORMAL,100798600
FIFO,LOW,100803300
FIFO,NORMAL,100807200
FIFO,NORMAL,100812100
FIFO,NORMAL,100819000
FIFO,NORMAL,100826200
FIFO,NORMAL,100833400
FIFO,NORMAL,100838100
FIFO,NORMAL,100845100
FIFO,NORMAL,100852300
FIFO,NORMAL,100859700
FIFO,LOW,100864400
FIFO,NORMAL,100867500
FIFO,NORMAL,100872900
FIFO,NORMAL,100877800
FIFO,NORMAL,100885000
FIFO,NORMAL,100892100
FIFO,NORMAL,100899100
FIFO,NORMAL,100904300
FIFO,NORMAL,100909600
FIFO,NORMAL,100913400
FIFO,LOW,100921200
FIFO,NORMAL,100929800
FIFO,NORMAL,100937100
FIFO,NORMAL,100943500
FIFO,NORMAL,100949300
FIFO,NORMAL,100953000
FIFO,NORMAL,100960000
FIFO,NORMAL,100967300
FIFO,NORMAL,100974500
FIFO,NORMAL,100980600
FIFO,LOW,100985500
FIFO,NORMAL,100989800
FIFO,NORMAL,100994200
FIFO,NORMAL,101001400
FIFO,NORMAL,101008500
FIFO,NORMAL,101016100
FIFO,NORMAL,101022400
FIFO,NORMAL,101028600
FIFO,NORMAL,101035900
FIFO,NORMAL,101043000
FIFO,LOW,101055400
FIFO,NORMAL,101116500
FIFO,NORMAL,101120200
FIFO,NORMAL,101125800
FIFO,NORMAL,101128600
FIFO,NORMAL,101130800
FIFO,NORMAL,101133700
FIFO,NORMAL,101136600
FIFO,NORMAL,101139100
FIFO,NORMAL,101076900
FIFO,LOW,101079200
FIFO,NORMAL,101081500
FIFO,NORMAL,101084700
FIFO,NORMAL,101087200
FIFO,NORMAL,101089800
FIFO,NORMAL,101132600
FIFO,NORMAL,101169500
FIFO,NORMAL,101173000
FIFO,NORMAL,101175600
FIFO,NORMAL,101178000
FIFO,LOW,101180800
FIFO,NORMAL,101181500
FIFO,NORMAL,101185100
FIFO,NORMAL,101187800
FIFO,NORMAL,101190700
FIFO,NORMAL,101193700
FIFO,NORMAL,101196500
FIFO,NORMAL,101198900
FIFO,NORMAL,101201600
FIFO,NORMAL,101204700
FIFO,HIGH,101207200
FIFO,NORMAL,101209600
FIFO,NORMAL,101212200
FIFO,NORMAL,101215300
FIFO,NORMAL,101218400
FIFO,NORMAL,101221500
FIFO,NORMAL,101224200
FIFO,NORMAL,101227600
FIFO,NORMAL,101230200
FIFO,NORMAL,101235000
FIFO,LOW,101242000
FIFO,NORMAL,101304400
FIFO,NORMAL,101308700
FIFO,NORMAL,101311400
FIFO,NORMAL,101345400
FIFO,NORMAL,101351300
FIFO,NORMAL,101357100
FIFO,NORMAL,101361300
FIFO,NORMAL,101367200
FIFO,NORMAL,101374400
FIFO,LOW,101381800
FIFO,NORMAL,101389000
FIFO,NORMAL,101394900
FIFO,NORMAL,101400000
FIFO,NORMAL,101404300
FIFO,NORMAL,101410900
FIFO,NORMAL,101417900
FIFO,NORMAL,101425000
FIFO,NORMAL,101431900
FIFO,NORMAL,101437600
FIFO,LOW,101443200
FIFO,NORMAL,101447500
FIFO,NORMAL,101453300
FIFO,NORMAL,101460100
FIFO,NORMAL,101467100
FIFO,NORMAL,101474400
FIFO,NORMAL,101481700
FIFO,NORMAL,101486300
FIFO,NORMAL,101492400
FIFO,NORMAL,101496400
FIFO,LOW,101502300
FIFO,NORMAL,101509200
FIFO,NORMAL,101514300
FIFO,NORMAL,101521300
FIFO,NORMAL,101528400
FIFO,NORMAL,101531700
FIFO,NORMAL,101537300
FIFO,NORMAL,101541200
FIFO,NORMAL,101548100
FIFO,NORMAL,101555500
FIFO,LOW,101562700
FIFO,NORMAL,101569400
FIFO,NORMAL,101576400
FIFO,NORMAL,101580100
FIFO,NORMAL,101585200
FIFO,NORMAL,101589500
FIFO,NORMAL,101596200
FIFO,NORMAL,101603200
FIFO,NORMAL,101610500
FIFO,NORMAL,101664800
FIFO,LOW,101673100
FIFO,NORMAL,101680400
FIFO,NORMAL,101736300
FIFO,NORMAL,101743200
FIFO,NORMAL,101749300
FIFO,NORMAL,101794100
FIFO,NORMAL,101802100
FIFO,NORMAL,101809600
FIFO,NORMAL,101818800
FIFO,NORMAL,101872700
FIFO,LOW,101878200
FIFO,NORMAL,101885800
FIFO,NORMAL,101892900
FIFO,NORMAL,101899900
FIFO,NORMAL,101907200
FIFO,NORMAL,101914200
FIFO,NORMAL,101919200
FIFO,NORMAL,101926400
FIFO,NORMAL,101933600
FIFO,NORMAL,101940700
FIFO,LOW,101948000
FIFO,NORMAL,102080200
FIFO,NORMAL,102088000
FIFO,NORMAL,102094700
FIFO,NORMAL,102102300
FIFO,NORMAL,102108500
FIFO,NORMAL,102114400
FIFO,NORMAL,102120800
FIFO,NORMAL,102126700
FIFO,NORMAL,102160200
FIFO,LOW,102163200
FIFO,NORMAL,102166300
FIFO,NORMAL,102168900
FIFO,NORMAL,102171900
FIFO,NORMAL,102172400
FIFO,NORMAL,102175500
FIFO,NORMAL,102178300
FIFO,NORMAL,102181500
FIFO,NORMAL,102184200
FIFO,NORMAL,102187100
FIFO,HIGH,102189800
FIFO,NORMAL,102194800
FIFO,NORMAL,102197300
FIFO,NORMAL,102200400
FIFO,NORMAL,102203600
FIFO,NORMAL,102206900
FIFO,NORMAL,102209600
FIFO,NORMAL,102216100
FIFO,NORMAL,102220100
FIFO,NORMAL,102225600
FIFO,LOW,102231200
FIFO,NORMAL,102237200
FIFO,NORMAL,102243300
FIFO,NORMAL,102249500
FIFO,NORMAL,102255900
FIFO,NORMAL,102262700
FIFO,NORMAL,102269000
FIFO,NORMAL,102275200
FIFO,NORMAL,102281100
FIFO,NORMAL,102287600
FIFO,LOW,102293600
FIFO,NORMAL,102300600
FIFO,NORMAL,102307500
FIFO,NORMAL,102311200
FIFO,NORMAL,102314200
FIFO,NORMAL,102317400
FIFO,NORMAL,102322000
FIFO,NORMAL,102327200
FIFO,NORMAL,102334400
FIFO,NORMAL,102341100
FIFO,LOW,102347400
FIFO,NORMAL,102353100
FIFO,NORMAL,102358300
FIFO,NORMAL,102364700
FIFO,NORMAL,102370500
FIFO,NORMAL,102376500
FIFO,NORMAL,102381200
FIFO,NORMAL,102384300
FIFO,NORMAL,102387100
FIFO,NORMAL,102389700
FIFO,LOW,102392800
FIFO,NORMAL,102396200
FIFO,NORMAL,102399800
FIFO,NORMAL,102403000
FIFO,NORMAL,102407000
FIFO,NORMAL,102414600
FIFO,NORMAL,102418200
FIFO,NORMAL,102421200
FIFO,NORMAL,102422700
FIFO,NORMAL,102424200
FIFO,LOW,102425800
FIFO,NORMAL,102427200
FIFO,NORMAL,102428600
FIFO,NORMAL,102429900
FIFO,NORMAL,102431500
FIFO,NORMAL,102432900
FIFO,NORMAL,102434400
FIFO,NORMAL,102435800
FIFO,NORMAL,102437300
FIFO,NORMAL,102459600
FIFO,LOW,102469500
FIFO,NORMAL,102493500
FIFO,NORMAL,102513900
FIFO,NORMAL,102518000
FIFO,NORMAL,102528600
FIFO,NORMAL,102532300
FIFO,NORMAL,102533900
FIFO,NORMAL,102535400
FIFO,NORMAL,102536700
FIFO,NORMAL,102538200
FIFO,LOW,102539700
FIFO,NORMAL,102541000
FIFO,NORMAL,102542400
FIFO,NORMAL,102543800
FIFO,NORMAL,102545300
FIFO,NORMAL,102546800
FIFO,NORMAL,102548300
FIFO,NORMAL,102549900
FIFO,NORMAL,102551300
FIFO,NORMAL,102552700
FIFO,LOW,102554200
FIFO,NORMAL,102555500
FIFO,NORMAL,102557000
FIFO,NORMAL,102558300
FIFO,NORMAL,102559600
FIFO,NORMAL,102561000
FIFO,NORMAL,102562400
FIFO,NORMAL,102563900
FIFO,NORMAL,102565300
FIFO,NORMAL,102566600
FIFO,LOW,102568000
FIFO,NORMAL,102569400
FIFO,NORMAL,102570600
FIFO,NORMAL,102572000
FIFO,NORMAL,102573400
FIFO,NORMAL,102574800
FIFO,NORMAL,102574500
FIFO,NORMAL,102575800
FIFO,NORMAL,102577200
FIFO,NORMAL,102578600
FIFO,HIGH,102580000
FIFO,NORMAL,102581200
FIFO,NORMAL,102582600
FIFO,NORMAL,102583900
FIFO,NORMAL,102585200
FIFO,NORMAL,102586600
FIFO,NORMAL,102588100
FIFO,NORMAL,102589500
FIFO,NORMAL,102591000
FIFO,NORMAL,102592400
FIFO,LOW,102593900
FIFO,NORMAL,102595200
FIFO,NORMAL,102596600
FIFO,NORMAL,102597800
FIFO,NORMAL,102599200
FIFO,NORMAL,102600500
FIFO,NORMAL,102601900
FIFO,NORMAL,102603300
FIFO,NORMAL,102604800
FIFO,NORMAL,102606200
FIFO,LOW,102607500
FIFO,NORMAL,102609000
FIFO,NORMAL,102610400
FIFO,NORMAL,102611700
FIFO,NORMAL,102613100
FIFO,NORMAL,102614500
FIFO,NORMAL,102615900
FIFO,NORMAL,102617200
FIFO,NORMAL,102618600
FIFO,NORMAL,102621800
FIFO,LOW,102623100
FIFO,NORMAL,102624600
FIFO,NORMAL,102625900
FIFO,NORMAL,102627200
FIFO,NORMAL,102628600
FIFO,NORMAL,102630000
FIFO,NORMAL,102631200
FIFO,NORMAL,102632600
FIFO,NORMAL,102634000
FIFO,NORMAL,102635500
FIFO,LOW,102636800
FIFO,NORMAL,102638100
FIFO,NORMAL,102639500
FIFO,NORMAL,102641000
FIFO,NORMAL,102642500
FIFO,NORMAL,102643800
FIFO,NORMAL,102645100
FIFO,NORMAL,102644500
FIFO,NORMAL,102646100
FIFO,NORMAL,102647500
FIFO,LOW,102648800
FIFO,NORMAL,102650200
FIFO,NORMAL,102651500
FIFO,NORMAL,102652900
FIFO,NORMAL,102654200
FIFO,NORMAL,102655500
FIFO,NORMAL,102656900
FIFO,NORMAL,102658300
FIFO,NORMAL,102659600
FIFO,NORMAL,102661000
FIFO,LOW,102662400
FIFO,NORMAL,102663600
FIFO,NORMAL,102664900
FIFO,NORMAL,102666200
FIFO,NORMAL,102667600
FIFO,NORMAL,102669000
FIFO,NORMAL,102670300
FIFO,NORMAL,102671800
FIFO,NORMAL,102673000
FIFO,NORMAL,102674400
FIFO,LOW,102675900
FIFO,NORMAL,102677200
FIFO,NORMAL,102678800
FIFO,NORMAL,102680300
FIFO,NORMAL,102681500
FIFO,NORMAL,102682900
FIFO,NORMAL,102684400
FIFO,NORMAL,102685800
FIFO,NORMAL,102687100
FIFO,NORMAL,102688400
FIFO,LOW,102689700
FIFO,NORMAL,102691000
FIFO,NORMAL,102692300
FIFO,NORMAL,102693800
FIFO,NORMAL,102695000
FIFO,NORMAL,102696400
FIFO,NORMAL,102697700
FIFO,NORMAL,102699100
FIFO,NORMAL,102700500
FIFO,NORMAL,102702000
FIFO,LOW,102703200
FIFO,NORMAL,102704600
FIFO,NORMAL,102705900
FIFO,NORMAL,102707300
FIFO,NORMAL,102708600
FIFO,NORMAL,102710000
FIFO,NORMAL,102711400
FIFO,NORMAL,102712800
FIFO,NORMAL,102712100
FIFO,NORMAL,102713500
FIFO,HIGH,102714600
FIFO,NORMAL,102716100
FIFO,NORMAL,102717700
FIFO,NORMAL,102719600
FIFO,NORMAL,102721300
FIFO,NORMAL,102722700
FIFO,NORMAL,102724200
FIFO,NORMAL,102725500
FIFO,NORMAL,102726900
FIFO,NORMAL,102728400
FIFO,LOW,102729600
FIFO,NORMAL,102730900
FIFO,NORMAL,102732300
FIFO,NORMAL,102733800
FIFO,NORMAL,102735100
FIFO,NORMAL,102736500
FIFO,NORMAL,102738000
FIFO,NORMAL,102739400
FIFO,NORMAL,102740800
FIFO,NORMAL,102742200
FIFO,LOW,102743600
FIFO,NORMAL,102745000
FIFO,NORMAL,102746600
FIFO,NORMAL,102747900
FIFO,NORMAL,102749200
FIFO,NORMAL,102750400
FIFO,NORMAL,102751900
FIFO,NORMAL,102753100
FIFO,NORMAL,102754400
FIFO,NORMAL,102755700
FIFO,LOW,102757000
FIFO,NORMAL,102758400
FIFO,NORMAL,102759800
FIFO,NORMAL,102761400
FIFO,NORMAL,102762800
FIFO,NORMAL,102764200
FIFO,NORMAL,102765700
FIFO,NORMAL,102767400
FIFO,NORMAL,102768900
FIFO,NORMAL,102770200
FIFO,LOW,102771500
FIFO,NORMAL,102772900
FIFO,NORMAL,102774300
FIFO,NORMAL,102775700
FIFO,NORMAL,102777100
FIFO,NORMAL,102777000
FIFO,NORMAL,102776400
FIFO,NORMAL,102776200
FIFO,NORMAL,102776100
FIFO,NORMAL,102764700
FIFO,LOW,102761400
FIFO,NORMAL,102761000
FIFO,NORMAL,102760500
FIFO,NORMAL,102760200
FIFO,NORMAL,102760000
FIFO,NORMAL,102759800
FIFO,NORMAL,102743300
FIFO,NORMAL,102742700
FIFO,NORMAL,102742700
FIFO,NORMAL,102743200
FIFO,LOW,102743800
FIFO,NORMAL,102744400
FIFO,NORMAL,102744700
FIFO,NORMAL,102744900
FIFO,NORMAL,102745400
FIFO,NORMAL,102746000
FIFO,NORMAL,102746800
FIFO,NORMAL,102747000
FIFO,NORMAL,102747400
FIFO,NORMAL,102748300
FIFO,LOW,102748900
FIFO,NORMAL,102749500
FIFO,NORMAL,102750200
FIFO,NORMAL,102750800
FIFO,NORMAL,102751400
FIFO,NORMAL,102751700
FIFO,NORMAL,102752200
FIFO,NORMAL,102752600
FIFO,NORMAL,102752800
FIFO,NORMAL,102753700
FIFO,LOW,102754200
FIFO,NORMAL,102754600
FIFO,NORMAL,102755300
FIFO,NORMAL,102755900
FIFO,NORMAL,102756500
FIFO,NORMAL,102757000
FIFO,NORMAL,102757700
FIFO,NORMAL,102757900
FIFO,NORMAL,102757700
FIFO,NORMAL,102758400
FIFO,LOW,102758700
FIFO,NORMAL,102759300
FIFO,NORMAL,102759500
FIFO,NORMAL,102759600
FIFO,NORMAL,102759800
FIFO,NORMAL,102760500
FIFO,NORMAL,102761200
FIFO,NORMAL,102761400
FIFO,NORMAL,102762100
FIFO,NORMAL,102762900
FIFO,HIGH,102762500
FIFO,NORMAL,102760600
FIFO,NORMAL,102761100
FIFO,NORMAL,102761500
FIFO,NORMAL,102761400
FIFO,NORMAL,102780700
FIFO,NORMAL,102781700
FIFO,NORMAL,102782600
FIFO,NORMAL,102783200
FIFO,NORMAL,102783500
FIFO,LOW,102782500
FIFO,NORMAL,102782400
FIFO,NORMAL,102782800
FIFO,NORMAL,102783300
FIFO,NORMAL,102783400
FIFO,NORMAL,102783800
FIFO,NORMAL,102781600
FIFO,NORMAL,102780600
FIFO,NORMAL,102776900
FIFO,NORMAL,102775300
FIFO,LOW,102774900
FIFO,NORMAL,102774800
FIFO,NORMAL,102768800
FIFO,NORMAL,102762100
FIFO,NORMAL,102761500
FIFO,NORMAL,102761100
FIFO,NORMAL,102761100
FIFO,NORMAL,102761000
FIFO,NORMAL,102761100
FIFO,NORMAL,102761800
FIFO,LOW,102761500
FIFO,NORMAL,102757800
FIFO,NORMAL,102758400
FIFO,NORMAL,102759300
FIFO,NORMAL,102759800
FIFO,NORMAL,102758200
FIFO,NORMAL,102757500
FIFO,NORMAL,102757200
FIFO,NORMAL,102758500
FIFO,NORMAL,102754000
FIFO,LOW,102750900
FIFO,NORMAL,102747800
FIFO,NORMAL,102747100
FIFO,NORMAL,102746800
FIFO,NORMAL,102746400
FIFO,NORMAL,102745300
FIFO,NORMAL,102744500
FIFO,NORMAL,102742000
FIFO,NORMAL,102738000
FIFO,NORMAL,102733600
FIFO,LOW,102726200
FIFO,NORMAL,102724400
FIFO,NORMAL,102721800
FIFO,NORMAL,102717300
FIFO,NORMAL,102711800
FIFO,NORMAL,102709600
FIFO,NORMAL,102708000
FIFO,NORMAL,102707800
FIFO,NORMAL,102707400
FIFO,NORMAL,102706000
FIFO,LOW,102702700
FIFO,NORMAL,102698100
FIFO,NORMAL,102690300
FIFO,NORMAL,102688600
FIFO,NORMAL,102683000
FIFO,NORMAL,102681500
FIFO,NORMAL,102679800
FIFO,NORMAL,102678900
FIFO,NORMAL,102675300
FIFO,NORMAL,102671300
FIFO,LOW,102666600
FIFO,NORMAL,102661900
FIFO,NORMAL,102658500
FIFO,NORMAL,102655100
FIFO,NORMAL,102654100
FIFO,NORMAL,102654400
FIFO,NORMAL,102654400
FIFO,NORMAL,102650800
FIFO,NORMAL,102646800
FIFO,NORMAL,102645900
FIFO,LOW,102644000
FIFO,NORMAL,102642300
FIFO,NORMAL,102641700
FIFO,NORMAL,102641200
FIFO,NORMAL,102638700
FIFO,NORMAL,102639500
FIFO,NORMAL,102638200
FIFO,NORMAL,102635500
FIFO,NORMAL,102635200
FIFO,NORMAL,102634900
FIFO,LOW,102632500
FIFO,NORMAL,102627900
FIFO,NORMAL,102620200
FIFO,NORMAL,102618800
FIFO,NORMAL,102610900
FIFO,NORMAL,102607100
FIFO,NORMAL,102605400
FIFO,NORMAL,102604000
FIFO,NORMAL,102602800
FIFO,NORMAL,102598600
FIFO,HIGH,102594800
FIFO,NORMAL,102590500
FIFO,NORMAL,102588000
FIFO,NORMAL,102585600
FIFO,NORMAL,102585200
FIFO,NORMAL,102580900
FIFO,NORMAL,102577800
FIFO,NORMAL,102578000
FIFO,NORMAL,102577000
FIFO,NORMAL,102576300
FIFO,LOW,102575800
FIFO,NORMAL,102575300
FIFO,NORMAL,102570800
FIFO,NORMAL,102567600
FIFO,NORMAL,102565900
FIFO,NORMAL,102564900
FIFO,NORMAL,102564700
FIFO,NORMAL,102560800
FIFO,NORMAL,102559300
FIFO,NORMAL,102518300
FIFO,LOW,102511600
FIFO,NORMAL,102508600
FIFO,NORMAL,102507900
FIFO,NORMAL,102505400
FIFO,NORMAL,102496100
FIFO,NORMAL,102493800
FIFO,NORMAL,102491300
FIFO,NORMAL,102489800
FIFO,NORMAL,102487800
FIFO,NORMAL,102488400
FIFO,LOW,102486900
FIFO,NORMAL,102483400
FIFO,NORMAL,102481100
FIFO,NORMAL,102481000
FIFO,NORMAL,102477300
FIFO,NORMAL,102477700
FIFO,NORMAL,102478500
FIFO,NORMAL,102479100
FIFO,NORMAL,102479800
FIFO,NORMAL,102478800
FIFO,LOW,102477100
FIFO,NORMAL,102476500
FIFO,NORMAL,102469900
FIFO,NORMAL,102468000
FIFO,NORMAL,102466800
FIFO,NORMAL,102466900
FIFO,NORMAL,102466400
FIFO,NORMAL,102467000
FIFO,NORMAL,102466800
FIFO,NORMAL,102467000
FIFO,LOW,102466400
FIFO,NORMAL,102467000
FIFO,NORMAL,102467200
FIFO,NORMAL,102467100
FIFO,NORMAL,102464200
FIFO,NORMAL,102464500
FIFO,NORMAL,102465100
FIFO,NORMAL,102464100
FIFO,NORMAL,102463400
FIFO,NORMAL,102463200
FIFO,LOW,102456300
FIFO,NORMAL,102450800
FIFO,NORMAL,102449800
FIFO,NORMAL,102449600
FIFO,NORMAL,102447900
FIFO,NORMAL,102444000
FIFO,NORMAL,102440500
FIFO,NORMAL,102435800
FIFO,NORMAL,102432400
FIFO,NORMAL,102432400
FIFO,LOW,102432000
FIFO,NORMAL,102431500
FIFO,NORMAL,102431000
FIFO,NORMAL,102430500
FIFO,NORMAL,102429900
FIFO,NORMAL,102428500
FIFO,NORMAL,102395700
FIFO,NORMAL,102394100
FIFO,NORMAL,102393800
FIFO,NORMAL,102393800
FIFO,LOW,102393000
FIFO,NORMAL,102392500
FIFO,NORMAL,102390900
FIFO,NORMAL,102389900
FIFO,NORMAL,102382100
FIFO,NORMAL,102380100
FIFO,NORMAL,102380300
FIFO,NORMAL,102380600
FIFO,NORMAL,102381100
FIFO,NORMAL,102381400
FIFO,LOW,102381900
FIFO,NORMAL,102346600
FIFO,NORMAL,102341000
FIFO,NORMAL,102338600
FIFO,NORMAL,102334800
FIFO,NORMAL,102331000
FIFO,NORMAL,102328000
FIFO,NORMAL,102324500
FIFO,NORMAL,102324000
FIFO,NORMAL,102322700
FIFO,HIGH,102321400
FIFO,NORMAL,102319600
FIFO,NORMAL,102317500
FIFO,NORMAL,102315400
FIFO,NORMAL,102314200
FIFO,NORMAL,102314300
FIFO,NORMAL,102310800
FIFO,NORMAL,102307900
FIFO,NORMAL,102307500
FIFO,NORMAL,102303100
FIFO,LOW,102298300
FIFO,NORMAL,102296600
FIFO,NORMAL,102293400
FIFO,NORMAL,102291900
FIFO,NORMAL,102291700
FIFO,NORMAL,102288200
FIFO,NORMAL,102285400
FIFO,NORMAL,102282600
FIFO,NORMAL,102281900
FIFO,NORMAL,102279700
FIFO,LOW,102278600
FIFO,NORMAL,102276700
FIFO,NORMAL,102273900
FIFO,NORMAL,102270900
FIFO,NORMAL,102268600
FIFO,NORMAL,102266200
FIFO,NORMAL,102264600
FIFO,NORMAL,102263400
FIFO,NORMAL,102261000
FIFO,NORMAL,102257200
FIFO,LOW,102257200
FIFO,NORMAL,102254100
FIFO,NORMAL,102250200
FIFO,NORMAL,102246400
FIFO,NORMAL,102242600
FIFO,NORMAL,102240300
FIFO,NORMAL,102236300
FIFO,NORMAL,102231800
FIFO,NORMAL,102227600
FIFO,NORMAL,102223100
FIFO,LOW,102218600
FIFO,NORMAL,102214300
FIFO,NORMAL,102209300
FIFO,NORMAL,102204500
FIFO,NORMAL,102199800
FIFO,NORMAL,102195100
FIFO,NORMAL,101935500
FIFO,NORMAL,101925600
FIFO,NORMAL,101920700
FIFO,NORMAL,101920200
FIFO,LOW,101920300
FIFO,NORMAL,101920700
FIFO,NORMAL,101920500
FIFO,NORMAL,101920200
FIFO,NORMAL,101920600
FIFO,NORMAL,101921200
FIFO,NORMAL,101921700
FIFO,NORMAL,101919900
FIFO,NORMAL,101920300
FIFO,NORMAL,101920600
FIFO,LOW,101754300
FIFO,NORMAL,101753700
FIFO,NORMAL,101753800
FIFO,NORMAL,101754100
FIFO,NORMAL,101754000
FIFO,NORMAL,101754500
FIFO,NORMAL,101754800
FIFO,NORMAL,101754800
FIFO,NORMAL,101755100
FIFO,NORMAL,101755200
FIFO,LOW,101755200
FIFO,NORMAL,101755600
FIFO,NORMAL,101755900
FIFO,NORMAL,101756100
FIFO,NORMAL,101756100
FIFO,NORMAL,101756100
FIFO,NORMAL,101755900
FIFO,NORMAL,101755400
FIFO,NORMAL,101753200
FIFO,NORMAL,101753100
FIFO,LOW,101752600
FIFO,NORMAL,101752400
FIFO,NORMAL,101751900
FIFO,NORMAL,101751500
FIFO,NORMAL,101751500
FIFO,NORMAL,101751400
FIFO,NORMAL,101751400
FIFO,NORMAL,101751400
FIFO,NORMAL,101751300
FIFO,NORMAL,101751300
FIFO,LOW,101751600
FIFO,NORMAL,101751300
FIFO,NORMAL,101750800
FIFO,NORMAL,101251700
FIFO,NORMAL,101244700
FIFO,NORMAL,101241100
FIFO,NORMAL,101237500
FIFO,NORMAL,101234300
FIFO,NORMAL,101231300
FIFO,NORMAL,101228100
FIFO,HIGH,101224300
FIFO,NORMAL,101221100
FIFO,NORMAL,101217500
FIFO,NORMAL,101213900
FIFO,NORMAL,101210400
FIFO,NORMAL,101206600
FIFO,NORMAL,101203600
FIFO,NORMAL,101199400
FIFO,NORMAL,101188900
FIFO,NORMAL,101186400
FIFO,LOW,101182400
FIFO,NORMAL,101178100
FIFO,NORMAL,101174600
FIFO,NORMAL,101173100
FIFO,NORMAL,101171800
FIFO,NORMAL,101171600
FIFO,NORMAL,101170300
FIFO,NORMAL,101167400
FIFO,NORMAL,101164400
FIFO,NORMAL,101163000
FIFO,LOW,101160300
FIFO,NORMAL,101156000
FIFO,NORMAL,101154200
FIFO,NORMAL,101149700
FIFO,NORMAL,101145000
FIFO,NORMAL,101140400
FIFO,NORMAL,101135900
FIFO,NORMAL,101131400
FIFO,NORMAL,101126900
FIFO,NORMAL,101122500
FIFO,LOW,101118200
FIFO,NORMAL,101113600
FIFO,NORMAL,101109100
FIFO,NORMAL,101104800
FIFO,NORMAL,101100600
FIFO,NORMAL,101095900
FIFO,NORMAL,101092200
FIFO,NORMAL,101088800
FIFO,NORMAL,101085400
FIFO,NORMAL,101081700
FIFO,LOW,101078300
FIFO,NORMAL,101076600
FIFO,NORMAL,101073500
FIFO,NORMAL,101069600
FIFO,NORMAL,101066300
FIFO,NORMAL,101062900
FIFO,NORMAL,101059600
FIFO,NORMAL,101055900
FIFO,NORMAL,101052800
FIFO,NORMAL,101048900
FIFO,LOW,101045300
FIFO,NORMAL,101041800
FIFO,NORMAL,101038200
FIFO,NORMAL,101034900
FIFO,NORMAL,101031100
FIFO,NORMAL,101027900
FIFO,NORMAL,101023700
FIFO,NORMAL,101019100
FIFO,NORMAL,101015300
FIFO,NORMAL,101009600
FIFO,LOW,101006000
FIFO,NORMAL,101002300
FIFO,NORMAL,100999100
FIFO,NORMAL,100995600
FIFO,NORMAL,100992200
FIFO,NORMAL,100988900
FIFO,NORMAL,100985500
FIFO,NORMAL,100982400
FIFO,NORMAL,100978800
FIFO,NORMAL,100975600
FIFO,LOW,100972400
FIFO,NORMAL,100969200
FIFO,NORMAL,100965400
FIFO,NORMAL,100962100
FIFO,NORMAL,100958700
FIFO,NORMAL,100954900
FIFO,NORMAL,100951800
FIFO,NORMAL,100947900
FIFO,NORMAL,100944800
FIFO,NORMAL,100940000
FIFO,LOW,100937000
FIFO,NORMAL,100932500
FIFO,NORMAL,100932100
FIFO,NORMAL,100930600
FIFO,NORMAL,100928900
FIFO,NORMAL,100925200
FIFO,NORMAL,100921400
FIFO,NORMAL,100917100
FIFO,NORMAL,100915600
FIFO,NORMAL,100911300
FIFO,LOW,100906800
FIFO,NORMAL,100902600
FIFO,NORMAL,100898200
FIFO,NORMAL,100895400
FIFO,NORMAL,100891200
FIFO,NORMAL,100886900
FIFO,NORMAL,100882900
FIFO,NORMAL,100881700
FIFO,NORMAL,100878300
FIFO,NORMAL,100875400
FIFO,HIGH,100872100
FIFO,NORMAL,100870800
FIFO,NORMAL,100871100
FIFO,NORMAL,100871400
FIFO,NORMAL,100870300
FIFO,NORMAL,100866200
FIFO,NORMAL,100862000
FIFO,NORMAL,100857800
FIFO,NORMAL,100851200
FIFO,NORMAL,100847200
FIFO,LOW,100840700
FIFO,NORMAL,100816000
FIFO,NORMAL,100815100
FIFO,NORMAL,100814700
FIFO,NORMAL,100810700
FIFO,NORMAL,100806100
FIFO,NORMAL,100802500
FIFO,NORMAL,100798300
FIFO,NORMAL,100794800
FIFO,NORMAL,100789500
FIFO,LOW,100784700
FIFO,NORMAL,100780100
FIFO,NORMAL,100775800
FIFO,NORMAL,100771400
FIFO,NORMAL,100767500
FIFO,NORMAL,100763500
FIFO,NORMAL,100759900
FIFO,NORMAL,100756200
FIFO,NORMAL,100752800
FIFO,NORMAL,100749300
FIFO,LOW,100745400
FIFO,NORMAL,100740800
FIFO,NORMAL,100735900
FIFO,NORMAL,100730600
FIFO,NORMAL,100726000
FIFO,NORMAL,100721700
FIFO,NORMAL,100717200
FIFO,NORMAL,100712200
FIFO,NORMAL,100707900
FIFO,NORMAL,100703400
FIFO,LOW,100698800
FIFO,NORMAL,100694300
FIFO,NORMAL,100689600
FIFO,NORMAL,100685300
FIFO,NORMAL,100680800
FIFO,NORMAL,100676300
FIFO,NORMAL,100672000
FIFO,NORMAL,100667500
FIFO,NORMAL,100663100
FIFO,NORMAL,100658300
FIFO,LOW,100653800
FIFO,NORMAL,100649100
FIFO,NORMAL,100644800
FIFO,NORMAL,100639900
FIFO,NORMAL,100635200
FIFO,NORMAL,100630800
FIFO,NORMAL,100626400
FIFO,NORMAL,100622200
FIFO,NORMAL,100617900
FIFO,NORMAL,100613500
FIFO,LOW,100609300
FIFO,NORMAL,100602300
FIFO,NORMAL,100597700
FIFO,NORMAL,100592700
FIFO,NORMAL,100589100
FIFO,NORMAL,100585000
FIFO,NORMAL,100581600
FIFO,NORMAL,100577100
FIFO,NORMAL,100572800
FIFO,NORMAL,100571000
FIFO,LOW,100565600
FIFO,NORMAL,100561300
FIFO,NORMAL,100557400
FIFO,NORMAL,100556000
FIFO,NORMAL,100552700
FIFO,NORMAL,100548200
FIFO,NORMAL,100544100
FIFO,NORMAL,100539900
FIFO,NORMAL,100537000
FIFO,NORMAL,100532600
FIFO,LOW,100530500
FIFO,NORMAL,100530000
FIFO,NORMAL,100529200
FIFO,NORMAL,100528300
FIFO,NORMAL,100527300
FIFO,NORMAL,100526200
FIFO,NORMAL,100525300
FIFO,NORMAL,100523800
FIFO,NORMAL,100522600
FIFO,NORMAL,100521800
FIFO,LOW,100520800
FIFO,NORMAL,100519800
FIFO,NORMAL,100518900
FIFO,NORMAL,100518100
FIFO,NORMAL,100517400
FIFO,NORMAL,100516500
FIFO,NORMAL,100515900
FIFO,NORMAL,100515000
FIFO,NORMAL,100514200
FIFO,NORMAL,100513400
FIFO,CRITICAL,100512500
FIFO,NORMAL,100511600
FIFO,NORMAL,100510800
FIFO,NORMAL,100509800
FIFO,NORMAL,100508900
FIFO,NORMAL,100507900
FIFO,NORMAL,100506900
FIFO,NORMAL,100505900
FIFO,NORMAL,100505100
FIFO,NORMAL,100504200
FIFO,LOW,100503300
FIFO,NORMAL,100502400
FIFO,NORMAL,100502100
FIFO,NORMAL,100502700
FIFO,NORMAL,100502600
FIFO,NORMAL,100502600
FIFO,NORMAL,100502300
FIFO,NORMAL,100502700
FIFO,NORMAL,100503000
FIFO,NORMAL,100503700
FIFO,LOW,100504300
FIFO,NORMAL,100505500
FIFO,NORMAL,100507300
FIFO,NORMAL,100508700
FIFO,NORMAL,100509000
FIFO,NORMAL,100509000
FIFO,NORMAL,100506900
FIFO,NORMAL,100503300
FIFO,NORMAL,100500400
FIFO,NORMAL,100497100
FIFO,LOW,100497100
FIFO,NORMAL,100496800
FIFO,NORMAL,100496000
FIFO,NORMAL,100496100
FIFO,NORMAL,100495400
FIFO,NORMAL,100494500
FIFO,NORMAL,100490500
FIFO,NORMAL,100486500
FIFO,NORMAL,100443700
FIFO,NORMAL,100441000
FIFO,LOW,100441200
FIFO,NORMAL,100441300
FIFO,NORMAL,100441000
FIFO,NORMAL,100440400
FIFO,NORMAL,100439600
FIFO,NORMAL,100436300
FIFO,NORMAL,100432000
FIFO,NORMAL,100424500
FIFO,NORMAL,100387200
FIFO,NORMAL,100383100
FIFO,LOW,100381300
FIFO,NORMAL,100380600
FIFO,NORMAL,100379500
FIFO,NORMAL,100379200
FIFO,NORMAL,100378400
FIFO,NORMAL,100378300
FIFO,NORMAL,100377700
FIFO,NORMAL,100376900
FIFO,NORMAL,100376000
FIFO,NORMAL,100372600
FIFO,LOW,100340600
FIFO,NORMAL,100338000
FIFO,NORMAL,100337900
FIFO,NORMAL,100334400
FIFO,NORMAL,100330700
FIFO,NORMAL,100330200
FIFO,NORMAL,100330000
FIFO,NORMAL,100329500
FIFO,NORMAL,100328500
FIFO,NORMAL,100327100
FIFO,LOW,100323300
FIFO,NORMAL,100319100
FIFO,NORMAL,100314700
FIFO,NORMAL,100313300
FIFO,NORMAL,100310700
FIFO,NORMAL,100278100
FIFO,NORMAL,100275200
FIFO,NORMAL,100271400
FIFO,NORMAL,100268900
FIFO,NORMAL,100268800
FIFO,LOW,100266600
FIFO,NORMAL,100262700
FIFO,NORMAL,100231300
FIFO,NORMAL,100230500
FIFO,NORMAL,100229800
FIFO,NORMAL,100229600
FIFO,NORMAL,100228000
FIFO,NORMAL,100223800
FIFO,NORMAL,100219200
FIFO,NORMAL,100214700
FIFO,LOW,100214200
FIFO,NORMAL,100212000
FIFO,NORMAL,100179200
FIFO,NORMAL,100175300
FIFO,NORMAL,100171400
FIFO,NORMAL,100167700
FIFO,NORMAL,100165000
FIFO,NORMAL,100163200
FIFO,NORMAL,100159500
FIFO,NORMAL,100159300
FIFO,HIGH,100159000
FIFO,NORMAL,100157600
FIFO,NORMAL,100154200
FIFO,NORMAL,100122400
FIFO,NORMAL,100120400
FIFO,NORMAL,100119300
FIFO,NORMAL,100115700
FIFO,NORMAL,100111600
FIFO,NORMAL,100107300
FIFO,NORMAL,100104300
FIFO,LOW,100102900
FIFO,NORMAL,100101200
FIFO,NORMAL,100097500
FIFO,NORMAL,100093200
FIFO,NORMAL,100088700
FIFO,NORMAL,100082400
FIFO,NORMAL,100078600
FIFO,NORMAL,100074900
FIFO,NORMAL,100071300
FIFO,NORMAL,100069700
FIFO,LOW,100066300
FIFO,NORMAL,100065600
FIFO,NORMAL,100061500
FIFO,NORMAL,100057400
FIFO,NORMAL,100054200
FIFO,NORMAL,100053000
FIFO,NORMAL,100049000
FIFO,NORMAL,100044100
FIFO,NORMAL,100040100
FIFO,NORMAL,100035600
FIFO,LOW,100031600
FIFO,NORMAL,100029100
FIFO,NORMAL,100025400
FIFO,NORMAL,100023700
FIFO,NORMAL,100019800
FIFO,NORMAL,100015500
FIFO,NORMAL,100013100
FIFO,NORMAL,100010900
FIFO,NORMAL,100007000
FIFO,NORMAL,100002400
FIFO,LOW,99997600
FIFO,NORMAL,99993000
FIFO,NORMAL,99988100
FIFO,NORMAL,99985300
FIFO,NORMAL,99981400
FIFO,NORMAL,99979700
FIFO,NORMAL,99975200
FIFO,NORMAL,99971000
FIFO,NORMAL,99970400
FIFO,NORMAL,99966600
FIFO,LOW,99962500
FIFO,NORMAL,99958300
FIFO,NORMAL,99954600
FIFO,NORMAL,99950300
FIFO,NORMAL,99946400
FIFO,NORMAL,99944500
FIFO,NORMAL,99940500
FIFO,NORMAL,99939000
FIFO,NORMAL,99934900
FIFO,NORMAL,99930800
FIFO,LOW,99927200
FIFO,NORMAL,99924500
FIFO,NORMAL,99922600
FIFO,NORMAL,99918700
FIFO,NORMAL,99914100
FIFO,NORMAL,99910100
FIFO,NORMAL,99888600
FIFO,NORMAL,99885200
FIFO,NORMAL,99882800
FIFO,NORMAL,99879900
FIFO,LOW,99875900
FIFO,NORMAL,99871300
FIFO,NORMAL,99869000
FIFO,NORMAL,99864900
FIFO,NORMAL,99860200
FIFO,NORMAL,99855500
FIFO,NORMAL,99851300
FIFO,NORMAL,99847000
FIFO,NORMAL,99844800
FIFO,NORMAL,99840700
FIFO,LOW,99838800
FIFO,NORMAL,99839200
FIFO,NORMAL,99839600
FIFO,NORMAL,99837400
FIFO,NORMAL,99815500
FIFO,NORMAL,99811000
FIFO,NORMAL,99803400
FIFO,NORMAL,99801200
FIFO,NORMAL,99801300
FIFO,NORMAL,99801400
FIFO,LOW,99801200
FIFO,NORMAL,99801100
FIFO,NORMAL,99801300
FIFO,NORMAL,99801300
FIFO,NORMAL,99801600
FIFO,NORMAL,99801600
FIFO,NORMAL,99801800
FIFO,NORMAL,99802000
FIFO,NORMAL,99802300
FIFO,NORMAL,99802400
FIFO,HIGH,99802400
FIFO,NORMAL,99802200
FIFO,NORMAL,99798900
FIFO,NORMAL,99794800
FIFO,NORMAL,99790400
FIFO,NORMAL,99790600
FIFO,NORMAL,99789300
FIFO,NORMAL,99786200
FIFO,NORMAL,99785100
FIFO,NORMAL,99781900
FIFO,LOW,99777900
FIFO,NORMAL,99775300
FIFO,NORMAL,99775200
FIFO,NORMAL,99771400
FIFO,NORMAL,99767300
FIFO,NORMAL,99759800
FIFO,NORMAL,99758100
FIFO,NORMAL,99755700
FIFO,NORMAL,99747500
FIFO,NORMAL,99744100
FIFO,LOW,99742400
FIFO,NORMAL,99742400
FIFO,NORMAL,99740200
FIFO,NORMAL,99739700
FIFO,NORMAL,99736400
FIFO,NORMAL,99671200
FIFO,NORMAL,99668300
FIFO,NORMAL,99666900
FIFO,NORMAL,99663100
FIFO,NORMAL,99613500
FIFO,LOW,99606400
FIFO,NORMAL,99605600
FIFO,NORMAL,99604400
FIFO,NORMAL,99605000
FIFO,NORMAL,99601000
FIFO,NORMAL,99597000
FIFO,NORMAL,99592600
FIFO,NORMAL,99589600
FIFO,NORMAL,99588800
FIFO,NORMAL,99585400
FIFO,LOW,99560000
FIFO,NORMAL,99556200
FIFO,NORMAL,99554500
FIFO,NORMAL,99551100
FIFO,NORMAL,99550600
FIFO,NORMAL,99548200
FIFO,NORMAL,99545400
FIFO,NORMAL,99542800
FIFO,NORMAL,99542000
FIFO,NORMAL,99542300
FIFO,LOW,99542200
FIFO,NORMAL,99542000
FIFO,NORMAL,99541800
FIFO,NORMAL,99541800
FIFO,NORMAL,99541800
FIFO,NORMAL,99541500
FIFO,NORMAL,99541800
FIFO,NORMAL,99541800
FIFO,NORMAL,99541900
FIFO,NORMAL,99539700
FIFO,LOW,99539500
FIFO,NORMAL,99536700
FIFO,NORMAL,99532600
FIFO,NORMAL,99529700
FIFO,NORMAL,99528600
FIFO,NORMAL,99527100
FIFO,NORMAL,99524100
FIFO,NORMAL,99491100
FIFO,NORMAL,99480700
FIFO,NORMAL,99476000
FIFO,LOW,99439700
FIFO,NORMAL,99438600
FIFO,NORMAL,99435400
FIFO,NORMAL,99431300
FIFO,NORMAL,99426900
FIFO,NORMAL,99423900
FIFO,NORMAL,99422300
FIFO,NORMAL,99421700
FIFO,NORMAL,99420500
FIFO,NORMAL,99416300
FIFO,LOW,99412500
FIFO,NORMAL,99408200
FIFO,NORMAL,99403500
FIFO,NORMAL,99399500
FIFO,NORMAL,99396200
FIFO,NORMAL,99392100
FIFO,NORMAL,99380700
FIFO,NORMAL,99376500
FIFO,NORMAL,99371900
FIFO,NORMAL,99367600
FIFO,LOW,99365000
FIFO,NORMAL,99361500
FIFO,NORMAL,99358600
FIFO,NORMAL,99355600
FIFO,NORMAL,99352700
FIFO,NORMAL,99349600
FIFO,NORMAL,99346900
FIFO,NORMAL,99343900
FIFO,NORMAL,99340900
FIFO,NORMAL,99337400
FIFO,HIGH,99335400
FIFO,NORMAL,99332300
FIFO,NORMAL,99329200
FIFO,NORMAL,99326300
FIFO,NORMAL,99325300
FIFO,NORMAL,99322200
FIFO,NORMAL,99318000
FIFO,NORMAL,99313700
FIFO,NORMAL,99309100
FIFO,NORMAL,99305400
FIFO,LOW,99302000
FIFO,NORMAL,99298300
FIFO,NORMAL,99293900
FIFO,NORMAL,99289500
FIFO,NORMAL,99286100
FIFO,NORMAL,99281700
FIFO,NORMAL,99277000
FIFO,NORMAL,99272700
FIFO,NORMAL,99269700
FIFO,NORMAL,99265800
FIFO,LOW,99260000
FIFO,NORMAL,99257000
FIFO,NORMAL,99253800
FIFO,NORMAL,99250600
FIFO,NORMAL,99248500
FIFO,NORMAL,99245600
FIFO,NORMAL,99242300
FIFO,NORMAL,99239300
FIFO,NORMAL,99236600
FIFO,NORMAL,99232500
FIFO,LOW,99229900
FIFO,NORMAL,99225700
FIFO,NORMAL,99221400
FIFO,NORMAL,99219100
FIFO,NORMAL,99218300
FIFO,NORMAL,99216800
FIFO,NORMAL,99212300
FIFO,NORMAL,99208200
FIFO,NORMAL,99203700
FIFO,NORMAL,99199000
FIFO,LOW,99195200
FIFO,NORMAL,99191100
FIFO,NORMAL,99187400
FIFO,NORMAL,99183000
FIFO,NORMAL,99179100
FIFO,NORMAL,99175800
FIFO,NORMAL,99172200
FIFO,NORMAL,99169100
FIFO,NORMAL,99165800
FIFO,NORMAL,99162900
FIFO,LOW,99159800
FIFO,NORMAL,99156500
FIFO,NORMAL,99153600
FIFO,NORMAL,99152000
FIFO,NORMAL,99149500
FIFO,NORMAL,99146600
FIFO,NORMAL,99144200
FIFO,NORMAL,99142000
FIFO,NORMAL,99141000
FIFO,NORMAL,99136300
FIFO,LOW,99132100
FIFO,NORMAL,99127700
FIFO,NORMAL,99123100
FIFO,NORMAL,99119600
FIFO,NORMAL,99114800
FIFO,NORMAL,99110500
FIFO,NORMAL,99105900
FIFO,NORMAL,99101200
FIFO,NORMAL,99096900
FIFO,NORMAL,99092700
FIFO,LOW,99087800
FIFO,NORMAL,99082800
FIFO,NORMAL,99079300
FIFO,NORMAL,99076500
FIFO,NORMAL,99073400
FIFO,NORMAL,99070600
FIFO,NORMAL,99067300
FIFO,NORMAL,99065100
FIFO,NORMAL,99061600
FIFO,NORMAL,99058400
FIFO,LOW,99055100
FIFO,NORMAL,99051900
FIFO,NORMAL,99048000
FIFO,NORMAL,99045500
FIFO,NORMAL,99041500
FIFO,NORMAL,99037300
FIFO,NORMAL,98983600
FIFO,NORMAL,98979000
FIFO,NORMAL,98971300
FIFO,NORMAL,98968900
FIFO,LOW,98969100
FIFO,NORMAL,98968800
FIFO,NORMAL,98967300
FIFO,NORMAL,98929900
FIFO,NORMAL,98923200
FIFO,NORMAL,98918000
FIFO,NORMAL,98914100
FIFO,NORMAL,98911700
FIFO,NORMAL,98907400
FIFO,NORMAL,98903300
FIFO,HIGH,98898300
FIFO,NORMAL,98893600
FIFO,NORMAL,98889900
FIFO,NORMAL,98885700
FIFO,NORMAL,98880800
FIFO,NORMAL,98876600
FIFO,NORMAL,98874100
FIFO,NORMAL,98870400
FIFO,NORMAL,98868200
FIFO,NORMAL,98864800
FIFO,LOW,98861200
FIFO,NORMAL,98857700
FIFO,NORMAL,98854700
FIFO,NORMAL,98852600
FIFO,NORMAL,98850000
FIFO,NORMAL,98847200
FIFO,NORMAL,98844000
FIFO,NORMAL,98841300
FIFO,NORMAL,98837300
FIFO,NORMAL,98835400
FIFO,LOW,98831800
FIFO,NORMAL,98827900
FIFO,NORMAL,98823700
FIFO,NORMAL,98822600
FIFO,NORMAL,98819700
FIFO,NORMAL,98814600
FIFO,NORMAL,98809500
FIFO,NORMAL,98805000
FIFO,NORMAL,98800500
FIFO,NORMAL,98797000
FIFO,LOW,98792500
FIFO,NORMAL,98788000
FIFO,NORMAL,98783300
FIFO,NORMAL,98780300
FIFO,NORMAL,98776700
FIFO,NORMAL,98773700
FIFO,NORMAL,98770500
FIFO,NORMAL,98767600
FIFO,NORMAL,98764800
FIFO,NORMAL,98761800
FIFO,LOW,98758600
FIFO,NORMAL,98755400
FIFO,NORMAL,98752400
FIFO,NORMAL,98751700
FIFO,NORMAL,98750500
FIFO,NORMAL,98745900
FIFO,NORMAL,98742200
FIFO,NORMAL,98737600
FIFO,NORMAL,98733400
FIFO,NORMAL,98729600
FIFO,LOW,98725300
FIFO,NORMAL,98721100
FIFO,NORMAL,98716500
FIFO,NORMAL,98713100
FIFO,NORMAL,98709900
FIFO,NORMAL,98707100
FIFO,NORMAL,98702100
FIFO,NORMAL,98697900
FIFO,NORMAL,98694100
FIFO,NORMAL,98692700
FIFO,LOW,98691700
FIFO,NORMAL,98689100
FIFO,NORMAL,95042500
FIFO,NORMAL,95010800
FIFO,NORMAL,95006700
FIFO,NORMAL,95006200
FIFO,NORMAL,95005200
FIFO,NORMAL,95003800
FIFO,NORMAL,95003600
FIFO,NORMAL,94999800
FIFO,LOW,95000300
FIFO,NORMAL,94995500
FIFO,NORMAL,94991500
FIFO,NORMAL,94977200
FIFO,NORMAL,94973000
FIFO,NORMAL,94970600
FIFO,NORMAL,94970500
FIFO,NORMAL,94970700
FIFO,NORMAL,94967500
FIFO,NORMAL,94963700
FIFO,LOW,94961000
FIFO,NORMAL,94960400
FIFO,NORMAL,94955200
FIFO,NORMAL,94952600
FIFO,NORMAL,94948700
FIFO,NORMAL,94944800
FIFO,NORMAL,94940100
FIFO,NORMAL,94937100
FIFO,NORMAL,94933300
FIFO,NORMAL,94930200
FIFO,LOW,94926700
FIFO,NORMAL,94925400
FIFO,NORMAL,94922500
FIFO,NORMAL,94918800
FIFO,NORMAL,94913500
FIFO,NORMAL,94909200
FIFO,NORMAL,94904000
FIFO,NORMAL,94899200
FIFO,NORMAL,94897200
FIFO,NORMAL,94892200
FIFO,HIGH,94880600
FIFO,NORMAL,94874400
FIFO,NORMAL,94865100
FIFO,NORMAL,94858700
FIFO,NORMAL,94852400
FIFO,NORMAL,94850000
FIFO,NORMAL,94848800
FIFO,NORMAL,94846300
FIFO,NORMAL,94845500
FIFO,NORMAL,94845600
FIFO,LOW,94845200
FIFO,NORMAL,94845400
FIFO,NORMAL,94843900
FIFO,NORMAL,94844300
FIFO,NORMAL,94843900
FIFO,NORMAL,94843900
FIFO,NORMAL,94843600
FIFO,NORMAL,94842500
FIFO,NORMAL,94842200
FIFO,NORMAL,94841300
FIFO,LOW,94840100
FIFO,NORMAL,94839600
FIFO,NORMAL,94839600
FIFO,NORMAL,94834700
FIFO,NORMAL,94827400
FIFO,NORMAL,94827100
FIFO,NORMAL,94823100
FIFO,NORMAL,94818700
FIFO,NORMAL,94815900
FIFO,NORMAL,94705900
FIFO,LOW,94705700
FIFO,NORMAL,94706000
FIFO,NORMAL,94706000
FIFO,NORMAL,94706400
FIFO,NORMAL,94706700
FIFO,NORMAL,94707100
FIFO,NORMAL,94707700
FIFO,NORMAL,94708100
FIFO,NORMAL,94708600
FIFO,NORMAL,94708900
FIFO,LOW,94709200
FIFO,NORMAL,94708700
FIFO,NORMAL,94701200
FIFO,NORMAL,94697000
FIFO,NORMAL,94694700
FIFO,NORMAL,94693500
FIFO,NORMAL,94691300
FIFO,NORMAL,94689100
FIFO,NORMAL,94689200
FIFO,NORMAL,94688200
FIFO,LOW,94684400
FIFO,NORMAL,94684200
FIFO,NORMAL,94684300
FIFO,NORMAL,94682000
FIFO,NORMAL,94678700
FIFO,NORMAL,94676000
FIFO,NORMAL,94673000
FIFO,NORMAL,94669800
FIFO,NORMAL,94667500
FIFO,NORMAL,94664700
FIFO,LOW,94663500
FIFO,NORMAL,94660000
FIFO,NORMAL,94659600
FIFO,NORMAL,94657000
FIFO,NORMAL,94654000
FIFO,NORMAL,94650200
FIFO,NORMAL,94650300
FIFO,NORMAL,94649500
FIFO,NORMAL,94650000
FIFO,NORMAL,94648700
FIFO,LOW,94649500
FIFO,NORMAL,94648700
FIFO,NORMAL,94649200
FIFO,NORMAL,94649600
FIFO,NORMAL,94649300
FIFO,NORMAL,94649800
FIFO,NORMAL,94645700
FIFO,NORMAL,94645100
FIFO,NORMAL,94644500
FIFO,NORMAL,94644900
FIFO,LOW,94643700
FIFO,NORMAL,94643800
FIFO,NORMAL,94643900
FIFO,NORMAL,94644300
FIFO,NORMAL,94644500
FIFO,NORMAL,94644700
FIFO,NORMAL,94644900
FIFO,NORMAL,94645200
FIFO,NORMAL,94645400
FIFO,NORMAL,94645600
FIFO,LOW,94645600
FIFO,NORMAL,94645500
FIFO,NORMAL,94645200
FIFO,NORMAL,94645400
FIFO,NORMAL,94645500
FIFO,NORMAL,94645600
FIFO,NORMAL,94645700
FIFO,NORMAL,94642800
FIFO,NORMAL,94638700
FIFO,NORMAL,94635500
FIFO,HIGH,94633800
FIFO,NORMAL,94633500
FIFO,NORMAL,94633700
FIFO,NORMAL,94633900
FIFO,NORMAL,94634100
FIFO,NORMAL,94634700
FIFO,NORMAL,94635100
FIFO,NORMAL,94635400
FIFO,NORMAL,94634600
FIFO,NORMAL,94635000
FIFO,LOW,94635000
FIFO,NORMAL,94635300
FIFO,NORMAL,94635300
FIFO,NORMAL,94634900
FIFO,NORMAL,94634800
FIFO,NORMAL,94630900
FIFO,NORMAL,94596600
FIFO,NORMAL,94588700
FIFO,NORMAL,94556200
FIFO,NORMAL,94548700
FIFO,LOW,94541100
FIFO,NORMAL,94540800
FIFO,NORMAL,94540500
FIFO,NORMAL,94540200
FIFO,NORMAL,94539400
FIFO,NORMAL,94538400
FIFO,NORMAL,94537800
FIFO,NORMAL,94534600
FIFO,NORMAL,94533800
FIFO,NORMAL,94533500
FIFO,LOW,94532700
FIFO,NORMAL,94531900
FIFO,NORMAL,94531100
FIFO,NORMAL,94530800
FIFO,NORMAL,94531000
FIFO,NORMAL,94528200
FIFO,NORMAL,94331900
FIFO,NORMAL,94330500
FIFO,NORMAL,94329000
FIFO,NORMAL,94322300
FIFO,LOW,94321200
FIFO,NORMAL,94320600
FIFO,NORMAL,94320100
FIFO,NORMAL,94315800
FIFO,NORMAL,94311800
FIFO,NORMAL,94308200
FIFO,NORMAL,94304700
FIFO,NORMAL,94301100
FIFO,NORMAL,94297500
FIFO,NORMAL,94294000
FIFO,LOW,94290300
FIFO,NORMAL,94286600
FIFO,NORMAL,94282600
FIFO,NORMAL,94279300
FIFO,NORMAL,94278300
FIFO,NORMAL,94277500
FIFO,NORMAL,94276800
FIFO,NORMAL,94276100
FIFO,NORMAL,94275100
FIFO,NORMAL,94274000
FIFO,LOW,94273500
FIFO,NORMAL,94272800
FIFO,NORMAL,94272200
FIFO,NORMAL,94271400
FIFO,NORMAL,94270800
FIFO,NORMAL,94270200
FIFO,NORMAL,94269500
FIFO,NORMAL,94268400
FIFO,NORMAL,94267400
FIFO,NORMAL,94266500
FIFO,LOW,94265400
FIFO,NORMAL,94264700
FIFO,NORMAL,94264100
FIFO,NORMAL,94263400
FIFO,NORMAL,94262900
FIFO,NORMAL,94262000
FIFO,NORMAL,94261100
FIFO,NORMAL,94260700
FIFO,NORMAL,94257800
FIFO,NORMAL,94257000
FIFO,LOW,94256100
FIFO,NORMAL,94255400
FIFO,NORMAL,94254700
FIFO,NORMAL,94253700
FIFO,NORMAL,94253000
FIFO,NORMAL,94252200
FIFO,NORMAL,94251500
FIFO,NORMAL,94250800
FIFO,NORMAL,94250000
FIFO,NORMAL,94249500
FIFO,LOW,94248400
FIFO,NORMAL,94247600
FIFO,NORMAL,94246800
FIFO,NORMAL,94246300
FIFO,NORMAL,94245400
FIFO,NORMAL,94245000
FIFO,NORMAL,94244600
FIFO,NORMAL,94244300
FIFO,NORMAL,94244100
FIFO,NORMAL,94242100
FIFO,HIGH,94238300
FIFO,NORMAL,94235100
FIFO,NORMAL,94232400
FIFO,NORMAL,94229400
FIFO,NORMAL,94225900
FIFO,NORMAL,94221800
FIFO,NORMAL,94219800
FIFO,NORMAL,94216100
FIFO,NORMAL,94211800
FIFO,NORMAL,94207400
FIFO,LOW,94203500
FIFO,NORMAL,94199700
FIFO,NORMAL,94195200
FIFO,NORMAL,94192000
FIFO,NORMAL,94188200
FIFO,NORMAL,94183900
FIFO,NORMAL,94180300
FIFO,NORMAL,94176100
FIFO,NORMAL,94172300
FIFO,NORMAL,94168900
FIFO,LOW,94164500
FIFO,NORMAL,94160200
FIFO,NORMAL,94156300
FIFO,NORMAL,94152700
FIFO,NORMAL,94148100
FIFO,NORMAL,94145100
FIFO,NORMAL,94142200
FIFO,NORMAL,94138300
FIFO,NORMAL,94133800
FIFO,NORMAL,94128200
FIFO,LOW,94126000
FIFO,NORMAL,94125200
FIFO,NORMAL,94124600
FIFO,NORMAL,94123900
FIFO,NORMAL,94124000
FIFO,NORMAL,94124600
FIFO,NORMAL,94236200
FIFO,NORMAL,94235200
FIFO,NORMAL,94234800
FIFO,NORMAL,94234600
FIFO,LOW,94228600
FIFO,NORMAL,94227100
FIFO,NORMAL,94205800
FIFO,NORMAL,94200600
FIFO,NORMAL,94193100
FIFO,NORMAL,94188000
FIFO,NORMAL,94181400
FIFO,NORMAL,94178400
FIFO,NORMAL,94178500
FIFO,NORMAL,94178600
FIFO,LOW,94178700
FIFO,NORMAL,94178500
FIFO,NORMAL,94178200
FIFO,NORMAL,94177700
FIFO,NORMAL,94177400
FIFO,NORMAL,94174900
FIFO,NORMAL,94167600
FIFO,NORMAL,94165700
FIFO,NORMAL,94164700
FIFO,NORMAL,94163800
FIFO,LOW,94162900
FIFO,NORMAL,94162600
FIFO,NORMAL,94162600
FIFO,NORMAL,94162300
FIFO,NORMAL,94161100
FIFO,NORMAL,94159900
FIFO,NORMAL,94158900
FIFO,NORMAL,94158100
FIFO,NORMAL,94157200
FIFO,NORMAL,94156400
FIFO,LOW,94155400
FIFO,NORMAL,94154500
FIFO,NORMAL,94153500
FIFO,NORMAL,94152500
FIFO,NORMAL,94151500
FIFO,NORMAL,94150500
FIFO,NORMAL,94149500
FIFO,NORMAL,94148500
FIFO,NORMAL,94147600
FIFO,NORMAL,94146600
FIFO,LOW,94143700
FIFO,NORMAL,94142600
FIFO,NORMAL,94141600
FIFO,NORMAL,94140600
FIFO,NORMAL,94139500
FIFO,NORMAL,94138400
FIFO,NORMAL,94137400
FIFO,NORMAL,94136400
FIFO,NORMAL,94135400
FIFO,NORMAL,94134300
FIFO,LOW,94133300
FIFO,NORMAL,94132300
FIFO,NORMAL,94131300
FIFO,NORMAL,94130200
FIFO,NORMAL,94129100
FIFO,NORMAL,94128200
FIFO,NORMAL,94126900
FIFO,NORMAL,94125900
FIFO,NORMAL,94125000
FIFO,NORMAL,94124100
FIFO,HIGH,94122800
FIFO,NORMAL,94122200
FIFO,NORMAL,94121300
FIFO,NORMAL,94120400
FIFO,NORMAL,94118900
FIFO,NORMAL,94118000
FIFO,NORMAL,94117000
FIFO,NORMAL,94116100
FIFO,NORMAL,94115400
FIFO,NORMAL,94114500
FIFO,LOW,94113400
FIFO,NORMAL,94112400
FIFO,NORMAL,94111500
FIFO,NORMAL,94110500
FIFO,NORMAL,94109500
FIFO,NORMAL,94108700
FIFO,NORMAL,94107700
FIFO,NORMAL,94106700
FIFO,NORMAL,94105700
FIFO,NORMAL,94104800
FIFO,LOW,94103700
FIFO,NORMAL,94102600
FIFO,NORMAL,94101600
FIFO,NORMAL,94100500
FIFO,NORMAL,94099500
FIFO,NORMAL,94098200
FIFO,NORMAL,94097200
FIFO,NORMAL,94096100
FIFO,NORMAL,94095100
FIFO,NORMAL,94094000
FIFO,LOW,94093000
FIFO,NORMAL,94090200
FIFO,NORMAL,94089400
FIFO,NORMAL,94088600
FIFO,NORMAL,94087500
FIFO,NORMAL,94086500
FIFO,NORMAL,94085700
FIFO,NORMAL,94084700
FIFO,NORMAL,94083800
FIFO,NORMAL,94082800
FIFO,LOW,94081600
FIFO,NORMAL,94080700
FIFO,NORMAL,94079600
FIFO,NORMAL,94078700
FIFO,NORMAL,94077700
FIFO,NORMAL,94076600
FIFO,NORMAL,94075600
FIFO,NORMAL,94074500
FIFO,NORMAL,94073500
FIFO,NORMAL,94072300
FIFO,LOW,94071300
FIFO,NORMAL,94070300
FIFO,NORMAL,94069100
FIFO,NORMAL,94068000
FIFO,NORMAL,94067100
FIFO,NORMAL,94066100
FIFO,NORMAL,94065100
FIFO,NORMAL,94064200
FIFO,NORMAL,94063100
FIFO,NORMAL,94061900
FIFO,LOW,94060800
FIFO,NORMAL,94059900
FIFO,NORMAL,94058900
FIFO,NORMAL,94058100
FIFO,NORMAL,94057100
FIFO,NORMAL,94058000
FIFO,NORMAL,94057000
FIFO,NORMAL,94056100
FIFO,NORMAL,94055100
FIFO,NORMAL,94054000
FIFO,LOW,94053000
FIFO,NORMAL,94052000
FIFO,NORMAL,94051000
FIFO,NORMAL,94050100
FIFO,NORMAL,94049100
FIFO,NORMAL,94048200
FIFO,NORMAL,94047100
FIFO,NORMAL,94046100
FIFO,NORMAL,94045000
FIFO,NORMAL,94043900
FIFO,LOW,94042900
FIFO,NORMAL,94041900
FIFO,NORMAL,94040900
FIFO,NORMAL,94037800
FIFO,NORMAL,94036800
FIFO,NORMAL,94035900
FIFO,NORMAL,94034800
FIFO,NORMAL,94033800
FIFO,NORMAL,94032500
FIFO,NORMAL,94031400
FIFO,LOW,94030600
FIFO,NORMAL,94029500
FIFO,NORMAL,94028500
FIFO,NORMAL,94027500
FIFO,NORMAL,94026500
FIFO,NORMAL,94025700
FIFO,NORMAL,94024700
FIFO,NORMAL,94023900
FIFO,NORMAL,94022900
FIFO,NORMAL,94022000
FIFO,HIGH,94021100
FIFO,NORMAL,94020100
FIFO,NORMAL,94019000
FIFO,NORMAL,94017900
FIFO,NORMAL,94016900
FIFO,NORMAL,94015900
FIFO,NORMAL,94015100
FIFO,NORMAL,94009400
FIFO,NORMAL,94003900
FIFO,NORMAL,94003200
FIFO,LOW,93996000
FIFO,NORMAL,93995100
FIFO,NORMAL,93994000
FIFO,NORMAL,93993000
FIFO,NORMAL,93991800
FIFO,NORMAL,93990700
FIFO,NORMAL,93989800
FIFO,NORMAL,93988800
FIFO,NORMAL,93988100
FIFO,NORMAL,93986900
FIFO,LOW,93985900
FIFO,NORMAL,93985200
FIFO,NORMAL,93984600
FIFO,NORMAL,93983500
FIFO,NORMAL,93982400
FIFO,NORMAL,93981400
FIFO,NORMAL,93980400
FIFO,NORMAL,93979400
FIFO,NORMAL,93978600
FIFO,NORMAL,93977600
FIFO,LOW,93976600
FIFO,NORMAL,93975700
FIFO,NORMAL,93974900
FIFO,NORMAL,93974000
FIFO,NORMAL,93971000
FIFO,NORMAL,93970100
FIFO,NORMAL,93969200
FIFO,NORMAL,93968800
FIFO,NORMAL,93965100
FIFO,NORMAL,93959000
FIFO,LOW,93954400
FIFO,NORMAL,93954300
FIFO,NORMAL,93954600
FIFO,NORMAL,93954700
FIFO,NORMAL,93954300
FIFO,NORMAL,93954100
FIFO,NORMAL,93952400
FIFO,NORMAL,93944900
FIFO,NORMAL,93941800
FIFO,NORMAL,93941700
FIFO,LOW,93941900
FIFO,NORMAL,93942800
FIFO,NORMAL,93943600
FIFO,NORMAL,93944700
FIFO,NORMAL,93945900
FIFO,NORMAL,93946900
FIFO,NORMAL,93948200
FIFO,NORMAL,93949500
FIFO,NORMAL,93950800
FIFO,NORMAL,93952100
FIFO,LOW,93953400
FIFO,NORMAL,93954600
FIFO,NORMAL,93956100
FIFO,NORMAL,93957400
FIFO,NORMAL,93958600
FIFO,NORMAL,93960100
FIFO,NORMAL,93961400
FIFO,NORMAL,93962500
FIFO,NORMAL,93963800
FIFO,NORMAL,93965000
FIFO,LOW,93966500
FIFO,NORMAL,93967800
FIFO,NORMAL,93969100
FIFO,NORMAL,93970500
FIFO,NORMAL,93971800
FIFO,NORMAL,93973000
FIFO,NORMAL,93974200
FIFO,NORMAL,93975400
FIFO,NORMAL,93976500
FIFO,NORMAL,93977800
FIFO,LOW,93979200
FIFO,NORMAL,93980400
FIFO,NORMAL,93981500
FIFO,NORMAL,93982400
FIFO,NORMAL,93983400
FIFO,NORMAL,93982400
FIFO,NORMAL,93983700
FIFO,NORMAL,93984900
FIFO,NORMAL,93986100
FIFO,NORMAL,93987300
FIFO,LOW,93988500
FIFO,NORMAL,93990000
FIFO,NORMAL,93991300
FIFO,NORMAL,93994400
FIFO,NORMAL,93996200
FIFO,NORMAL,93997400
FIFO,NORMAL,93998800
FIFO,NORMAL,94000000
FIFO,NORMAL,94001200
FIFO,NORMAL,94002600
FIFO,CRITICAL,94003800
FIFO,NORMAL,94005100
FIFO,NORMAL,94006500
FIFO,NORMAL,94007700
FIFO,NORMAL,94009100
FIFO,NORMAL,94010500
FIFO,NORMAL,94011800
FIFO,NORMAL,94013100
FIFO,NORMAL,94014100
FIFO,NORMAL,94015400
FIFO,LOW,94016700
FIFO,NORMAL,94018000
FIFO,NORMAL,94019200
FIFO,NORMAL,94020600
FIFO,NORMAL,94022000
FIFO,NORMAL,94022800
FIFO,NORMAL,94024200
FIFO,NORMAL,94025400
FIFO,NORMAL,94026600
FIFO,NORMAL,94027600
FIFO,LOW,94028900
FIFO,NORMAL,94030100
FIFO,NORMAL,94031500
FIFO,NORMAL,94032900
FIFO,NORMAL,94034400
FIFO,NORMAL,94035800
FIFO,NORMAL,94037200
FIFO,NORMAL,94038600
FIFO,NORMAL,94039800
FIFO,NORMAL,94041200
FIFO,LOW,94042400
FIFO,NORMAL,94043900
FIFO,NORMAL,94045200
FIFO,NORMAL,94046500
FIFO,NORMAL,94047800
FIFO,NORMAL,94049000
FIFO,NORMAL,94048400
FIFO,NORMAL,94049600
FIFO,NORMAL,94051100
FIFO,NORMAL,94051900
FIFO,LOW,94053000
FIFO,NORMAL,94054300
FIFO,NORMAL,94055500
FIFO,NORMAL,94056600
FIFO,NORMAL,94057800
FIFO,NORMAL,94058900
FIFO,NORMAL,94059800
FIFO,NORMAL,94061200
FIFO,NORMAL,94062500
FIFO,NORMAL,94063400
FIFO,LOW,94064700
FIFO,NORMAL,94065900
FIFO,NORMAL,94067100
FIFO,NORMAL,94068400
FIFO,NORMAL,94069600
FIFO,NORMAL,94071300
FIFO,NORMAL,94072700
FIFO,NORMAL,94074300
FIFO,NORMAL,94075600
FIFO,NORMAL,94076900
FIFO,LOW,94077400
FIFO,NORMAL,94077000
FIFO,NORMAL,94076800
FIFO,NORMAL,94072400
FIFO,NORMAL,94070100
FIFO,NORMAL,94069800
FIFO,NORMAL,94069600
FIFO,NORMAL,94069200
FIFO,NORMAL,94069400
FIFO,NORMAL,94069300
FIFO,LOW,94062300
FIFO,NORMAL,94060200
FIFO,NORMAL,94061400
FIFO,NORMAL,94062700
FIFO,NORMAL,94064000
FIFO,NORMAL,94065200
FIFO,NORMAL,94066600
FIFO,NORMAL,94067500
FIFO,NORMAL,94068700
FIFO,NORMAL,94069900
FIFO,LOW,94071500
FIFO,NORMAL,94072700
FIFO,NORMAL,94074000
FIFO,NORMAL,94075400
FIFO,NORMAL,94076700
FIFO,NORMAL,94077900
FIFO,NORMAL,94079300
FIFO,NORMAL,94078700
FIFO,NORMAL,94080000
FIFO,NORMAL,94081300
FIFO,LOW,94082600
FIFO,NORMAL,94084000
FIFO,NORMAL,94085500
FIFO,NORMAL,94086900
FIFO,NORMAL,94088200
FIFO,NORMAL,94089500
FIFO,NORMAL,94090900
FIFO,NORMAL,94092200
FIFO,NORMAL,94093400
FIFO,NORMAL,94094800
FIFO,HIGH,94096100
FIFO,NORMAL,94097400
FIFO,NORMAL,94098700
FIFO,NORMAL,94100100
FIFO,NORMAL,94101300
FIFO,NORMAL,94102500
FIFO,NORMAL,94103800
FIFO,NORMAL,94105100
FIFO,NORMAL,94106200
FIFO,NORMAL,94107100
FIFO,LOW,94108000
FIFO,NORMAL,94109100
FIFO,NORMAL,94110400
FIFO,NORMAL,94111800
FIFO,NORMAL,94113000
FIFO,NORMAL,94114300
FIFO,NORMAL,94115500
FIFO,NORMAL,94116800
FIFO,NORMAL,94118100
FIFO,NORMAL,94119700
FIFO,LOW,94121000
FIFO,NORMAL,94124300
FIFO,NORMAL,93996100
FIFO,NORMAL,93997500
FIFO,NORMAL,93998700
FIFO,NORMAL,94000000
FIFO,NORMAL,94001200
FIFO,NORMAL,94002300
FIFO,NORMAL,94003700
FIFO,NORMAL,94005100
FIFO,LOW,94006200
FIFO,NORMAL,94007600
FIFO,NORMAL,94008800
FIFO,NORMAL,94010200
FIFO,NORMAL,94011400
FIFO,NORMAL,94012700
FIFO,NORMAL,94014100
FIFO,NORMAL,94015300
FIFO,NORMAL,94014800
FIFO,NORMAL,94016000
FIFO,LOW,94017100
FIFO,NORMAL,94018100
FIFO,NORMAL,94019400
FIFO,NORMAL,94020600
FIFO,NORMAL,94021900
FIFO,NORMAL,94023100
FIFO,NORMAL,94024300
FIFO,NORMAL,94025700
FIFO,NORMAL,94026900
FIFO,NORMAL,94028300
FIFO,LOW,94029500
FIFO,NORMAL,94031000
FIFO,NORMAL,94032400
FIFO,NORMAL,94033900
FIFO,NORMAL,94035300
FIFO,NORMAL,94036700
FIFO,NORMAL,94038200
FIFO,NORMAL,94039600
FIFO,NORMAL,94041000
FIFO,NORMAL,94042200
FIFO,LOW,94043600
FIFO,NORMAL,94044800
FIFO,NORMAL,94045900
FIFO,NORMAL,94047200
FIFO,NORMAL,94048400
FIFO,NORMAL,94049700
FIFO,NORMAL,94051100
FIFO,NORMAL,94052600
FIFO,NORMAL,94053800
FIFO,NORMAL,94055100
FIFO,LOW,94056300
FIFO,NORMAL,94057300
FIFO,NORMAL,94057300
FIFO,NORMAL,94056900
FIFO,NORMAL,94057700
FIFO,NORMAL,94058800
FIFO,NORMAL,94060100
FIFO,NORMAL,94061300
FIFO,NORMAL,94062500
FIFO,NORMAL,94063700
FIFO,LOW,94065000
FIFO,NORMAL,94066400
FIFO,NORMAL,94067600
FIFO,NORMAL,94068900
FIFO,NORMAL,94070500
FIFO,NORMAL,94072000
FIFO,NORMAL,94073300
FIFO,NORMAL,94074700
FIFO,NORMAL,94076100
FIFO,NORMAL,94077400
FIFO,LOW,94076800
FIFO,NORMAL,94078100
FIFO,NORMAL,94079500
FIFO,NORMAL,94080800
FIFO,NORMAL,94082100
FIFO,NORMAL,94083500
FIFO,NORMAL,94084900
FIFO,NORMAL,94086100
FIFO,NORMAL,94087400
FIFO,NORMAL,94088700
FIFO,HIGH,94090000
FIFO,NORMAL,94091400
FIFO,NORMAL,94092600
FIFO,NORMAL,94093700
FIFO,NORMAL,94094500
FIFO,NORMAL,94095700
FIFO,NORMAL,94097000
FIFO,NORMAL,94097800
FIFO,NORMAL,94099000
FIFO,NORMAL,94100200
FIFO,LOW,94101500
FIFO,NORMAL,94102800
FIFO,NORMAL,94103900
FIFO,NORMAL,94105100
FIFO,NORMAL,94106300
FIFO,NORMAL,94107600
FIFO,NORMAL,94109000
FIFO,NORMAL,94110400
FIFO,NORMAL,94111800
FIFO,NORMAL,94113300
FIFO,LOW,94114500
FIFO,NORMAL,94116100
FIFO,NORMAL,94117500
FIFO,NORMAL,94118900
FIFO,NORMAL,94120100
FIFO,NORMAL,94121300
FIFO,NORMAL,94122600
FIFO,NORMAL,94124000
FIFO,NORMAL,94125400
FIFO,NORMAL,94126600
FIFO,LOW,94127900
FIFO,NORMAL,94129300
FIFO,NORMAL,94130700
FIFO,NORMAL,94131900
FIFO,NORMAL,94133300
FIFO,NORMAL,94134200
FIFO,NORMAL,94135300
FIFO,NORMAL,94136500
FIFO,NORMAL,94137800
FIFO,NORMAL,94139100
FIFO,LOW,94140200
FIFO,NORMAL,94139600
FIFO,NORMAL,94140800
FIFO,NORMAL,94142200
FIFO,NORMAL,94143500
FIFO,NORMAL,94145000
FIFO,NORMAL,94146400
FIFO,NORMAL,94147600
FIFO,NORMAL,94149100
FIFO,NORMAL,94152200
FIFO,LOW,94153300
FIFO,NORMAL,94154700
FIFO,NORMAL,94156100
FIFO,NORMAL,94157500
FIFO,NORMAL,94159000
FIFO,NORMAL,94160200
FIFO,NORMAL,94161500
FIFO,NORMAL,94162800
FIFO,NORMAL,94163900
FIFO,NORMAL,94165200
FIFO,LOW,94166500
FIFO,NORMAL,94167700
FIFO,NORMAL,94169000
FIFO,NORMAL,94170300
FIFO,NORMAL,94171600
FIFO,NORMAL,94172800
FIFO,NORMAL,94173700
FIFO,NORMAL,94174600
FIFO,NORMAL,94175800
FIFO,NORMAL,94177000
FIFO,LOW,94178100
FIFO,NORMAL,94179400
FIFO,NORMAL,94180600
FIFO,NORMAL,94181900
FIFO,NORMAL,94183200
FIFO,NORMAL,94184500
FIFO,NORMAL,94185700
FIFO,NORMAL,94187100
FIFO,NORMAL,94188300
FIFO,NORMAL,94189900
FIFO,LOW,94191300
FIFO,NORMAL,94192500
FIFO,NORMAL,94194000
FIFO,NORMAL,94195200
FIFO,NORMAL,94196700
FIFO,NORMAL,94198000
FIFO,NORMAL,94199200
FIFO,NORMAL,94200400
FIFO,NORMAL,94201700
FIFO,NORMAL,94202900
FIFO,LOW,94204200
FIFO,NORMAL,94205600
FIFO,NORMAL,94204900
FIFO,NORMAL,94206200
FIFO,NORMAL,94207500
FIFO,NORMAL,94208800
FIFO,NORMAL,94210000
FIFO,NORMAL,94211100
FIFO,NORMAL,94212400
FIFO,NORMAL,94213700
FIFO,HIGH,94214900
FIFO,NORMAL,94216200
FIFO,NORMAL,94217500
FIFO,NORMAL,94218800
FIFO,NORMAL,94220100
FIFO,NORMAL,94221300
FIFO,NORMAL,94222500
FIFO,NORMAL,94223900
FIFO,NORMAL,94225300
FIFO,NORMAL,94226600
FIFO,LOW,94227900
FIFO,NORMAL,94229400
FIFO,NORMAL,94230800
FIFO,NORMAL,94232300
FIFO,NORMAL,94233600
FIFO,NORMAL,94235000
FIFO,NORMAL,94236300
FIFO,NORMAL,94237700
FIFO,NORMAL,94239500
FIFO,NORMAL,94240700
FIFO,LOW,94242100
FIFO,NORMAL,94243400
FIFO,NORMAL,94244700
FIFO,NORMAL,94246200
FIFO,NORMAL,94247400
FIFO,NORMAL,94248800
FIFO,NORMAL,94250200
FIFO,NORMAL,94251500
FIFO,NORMAL,94252900
FIFO,NORMAL,94253900
FIFO,LOW,94254800
FIFO,NORMAL,94255900
FIFO,NORMAL,94257200
FIFO,NORMAL,94258400
FIFO,NORMAL,94259800
FIFO,NORMAL,94261000
FIFO,NORMAL,94262100
FIFO,NORMAL,94263500
FIFO,NORMAL,94264800
FIFO,NORMAL,94266200
FIFO,LOW,94267400
FIFO,NORMAL,94268600
FIFO,NORMAL,94270000
FIFO,NORMAL,94269700
FIFO,NORMAL,94271100
FIFO,NORMAL,94272600
FIFO,NORMAL,94274000
FIFO,NORMAL,94275500
FIFO,NORMAL,94276800
FIFO,NORMAL,94278000
FIFO,LOW,94279200
FIFO,NORMAL,94280400
FIFO,NORMAL,94281700
FIFO,NORMAL,94283000
FIFO,NORMAL,94284300
FIFO,NORMAL,94285600
FIFO,NORMAL,94286900
FIFO,NORMAL,94288100
FIFO,NORMAL,94289500
FIFO,NORMAL,94290800
FIFO,LOW,94292000
FIFO,NORMAL,94292700
FIFO,NORMAL,94294000
FIFO,NORMAL,94295300
FIFO,NORMAL,94296300
FIFO,NORMAL,94297600
FIFO,NORMAL,94298900
FIFO,NORMAL,94300000
FIFO,NORMAL,94301100
FIFO,NORMAL,94302300
FIFO,LOW,94303700
FIFO,NORMAL,94304900
FIFO,NORMAL,94306300
FIFO,NORMAL,94307600
FIFO,NORMAL,94308800
FIFO,NORMAL,94310100
FIFO,NORMAL,94311700
FIFO,NORMAL,94314800
FIFO,NORMAL,94316200
FIFO,NORMAL,94317500
FIFO,LOW,94318800
FIFO,NORMAL,94320100
FIFO,NORMAL,94321500
FIFO,NORMAL,94322800
FIFO,NORMAL,94324100
FIFO,NORMAL,94325300
FIFO,NORMAL,94326500
FIFO,NORMAL,94327900
FIFO,NORMAL,94329500
FIFO,NORMAL,94330800
FIFO,LOW,94332200
FIFO,NORMAL,94333500
FIFO,NORMAL,94334100
FIFO,NORMAL,94335300
FIFO,NORMAL,94334700
FIFO,NORMAL,94335900
FIFO,NORMAL,94337300
FIFO,NORMAL,94338600
FIFO,NORMAL,94339800
FIFO,NORMAL,94341100
FIFO,HIGH,94342500
FIFO,NORMAL,94343800
FIFO,NORMAL,94345000
FIFO,NORMAL,94346400
FIFO,NORMAL,94347600
FIFO,NORMAL,94348900
FIFO,NORMAL,94350200
FIFO,NORMAL,94351500
FIFO,NORMAL,94352800
FIFO,NORMAL,94354300
FIFO,LOW,94355700
FIFO,NORMAL,94357200
FIFO,NORMAL,94358500
FIFO,NORMAL,94359900
FIFO,NORMAL,94361200
FIFO,NORMAL,94362700
FIFO,NORMAL,94364000
FIFO,NORMAL,94365300
FIFO,NORMAL,94366700
FIFO,NORMAL,94367900
FIFO,LOW,94369200
FIFO,NORMAL,94370800
FIFO,NORMAL,94372100
FIFO,NORMAL,94373300
FIFO,NORMAL,94374400
FIFO,NORMAL,94375600
FIFO,NORMAL,94376900
FIFO,NORMAL,94378200
FIFO,NORMAL,94379400
FIFO,NORMAL,94380700
FIFO,LOW,94381900
FIFO,NORMAL,94383300
FIFO,NORMAL,94385000
FIFO,NORMAL,94387200
FIFO,NORMAL,94388600
FIFO,NORMAL,94390200
FIFO,NORMAL,94391500
FIFO,NORMAL,94392800
FIFO,NORMAL,94394100
FIFO,NORMAL,94395700
FIFO,LOW,94397700
FIFO,NORMAL,94399000
FIFO,NORMAL,94400600
FIFO,NORMAL,94402300
FIFO,NORMAL,94403700
FIFO,NORMAL,94405000
FIFO,NORMAL,94404400
FIFO,NORMAL,94405800
FIFO,NORMAL,94407300
FIFO,NORMAL,94408600
FIFO,LOW,94410000
FIFO,NORMAL,94411400
FIFO,NORMAL,94412800
FIFO,NORMAL,94414000
FIFO,NORMAL,94415400
FIFO,NORMAL,94416600
FIFO,NORMAL,94417700
FIFO,NORMAL,94418900
FIFO,NORMAL,94420300
FIFO,NORMAL,94421400
FIFO,LOW,94422600
FIFO,NORMAL,94424100
FIFO,NORMAL,94425300
FIFO,NORMAL,94426600
FIFO,NORMAL,94428000
FIFO,NORMAL,94428800
FIFO,NORMAL,94429900
FIFO,NORMAL,94431100
FIFO,NORMAL,94467400
FIFO,NORMAL,94468700
FIFO,LOW,94470000
FIFO,NORMAL,94471500
FIFO,NORMAL,94473000
FIFO,NORMAL,94474300
FIFO,NORMAL,94475600
FIFO,NORMAL,94476900
FIFO,NORMAL,94478200
FIFO,NORMAL,94478600
FIFO,NORMAL,94352500
FIFO,NORMAL,94353900
FIFO,LOW,94355100
FIFO,NORMAL,94356500
FIFO,NORMAL,94357900
FIFO,NORMAL,94359200
FIFO,NORMAL,94360600
FIFO,NORMAL,94362100
FIFO,NORMAL,94363500
FIFO,NORMAL,94364900
FIFO,NORMAL,94366300
FIFO,NORMAL,94367600
FIFO,LOW,94369000
FIFO,NORMAL,94370300
FIFO,NORMAL,94371700
FIFO,NORMAL,94373100
FIFO,NORMAL,94374500
FIFO,NORMAL,94375900
FIFO,NORMAL,94377200
FIFO,NORMAL,94376600
FIFO,NORMAL,94378000
FIFO,NORMAL,94379300
FIFO,HIGH,94380600
FIFO,NORMAL,94382000
FIFO,NORMAL,94383300
FIFO,NORMAL,94384600
FIFO,NORMAL,94386100
FIFO,NORMAL,94389700
FIFO,NORMAL,94391000
FIFO,NORMAL,94392500
FIFO,NORMAL,94393900
FIFO,NORMAL,94395300
FIFO,LOW,94396500
FIFO,NORMAL,94398000
FIFO,NORMAL,94399300
FIFO,NORMAL,94400600
FIFO,NORMAL,94401900
FIFO,NORMAL,94402800
FIFO,NORMAL,94404100
FIFO,NORMAL,94405400
FIFO,NORMAL,94406600
FIFO,NORMAL,94408000
FIFO,LOW,94409400
FIFO,NORMAL,94410700
FIFO,NORMAL,94412000
FIFO,NORMAL,94413300
FIFO,NORMAL,94414500
FIFO,NORMAL,94415900
FIFO,NORMAL,94417300
FIFO,NORMAL,94418600
FIFO,NORMAL,94419900
FIFO,NORMAL,94421200
FIFO,LOW,94422500
FIFO,NORMAL,94423900
FIFO,NORMAL,94425200
FIFO,NORMAL,94426500
FIFO,NORMAL,94427800
FIFO,NORMAL,94429300
FIFO,NORMAL,94430700
FIFO,NORMAL,94432000
FIFO,NORMAL,94433400
FIFO,NORMAL,94434900
FIFO,LOW,94436200
FIFO,NORMAL,94437500
FIFO,NORMAL,94439000
FIFO,NORMAL,94440200
FIFO,NORMAL,94441500
FIFO,NORMAL,94442900
FIFO,NORMAL,94444300
FIFO,NORMAL,94445700
FIFO,NORMAL,94445100
FIFO,NORMAL,94446400
FIFO,LOW,94447800
FIFO,NORMAL,94449200
FIFO,NORMAL,94450400
FIFO,NORMAL,94451800
FIFO,NORMAL,94453100
FIFO,NORMAL,94454400
FIFO,NORMAL,94455900
FIFO,NORMAL,94457300
FIFO,NORMAL,94458500
FIFO,NORMAL,94459900
FIFO,LOW,94461400
FIFO,NORMAL,94462600
FIFO,NORMAL,94464000
FIFO,NORMAL,94465300
FIFO,NORMAL,94466500
FIFO,NORMAL,94467800
FIFO,NORMAL,94469000
FIFO,NORMAL,94470400
FIFO,NORMAL,94471600
FIFO,NORMAL,94472900
FIFO,LOW,94474200
FIFO,NORMAL,94475600
FIFO,NORMAL,94476900
FIFO,NORMAL,94478100
FIFO,NORMAL,94479400
FIFO,NORMAL,94480700
FIFO,NORMAL,94482200
FIFO,NORMAL,94483600
FIFO,NORMAL,94575800
FIFO,NORMAL,94577500
FIFO,LOW,94578900
FIFO,NORMAL,94580400
FIFO,NORMAL,94582000
FIFO,NORMAL,94583300
FIFO,NORMAL,94584600
FIFO,NORMAL,94585800
FIFO,NORMAL,94587200
FIFO,NORMAL,94588500
FIFO,NORMAL,94589900
FIFO,NORMAL,94591200
FIFO,LOW,94592400
FIFO,NORMAL,94593700
FIFO,NORMAL,94595000
FIFO,NORMAL,94596200
FIFO,NORMAL,94597500
FIFO,NORMAL,94598700
FIFO,NORMAL,94599900
FIFO,NORMAL,94601200
FIFO,NORMAL,94602500
FIFO,NORMAL,94601800
FIFO,HIGH,94603200
FIFO,NORMAL,94604500
FIFO,NORMAL,94605700
FIFO,NORMAL,94607000
FIFO,NORMAL,94608300
FIFO,NORMAL,94609600
FIFO,NORMAL,94610800
FIFO,NORMAL,94612200
FIFO,NORMAL,94613600
FIFO,NORMAL,94615000
FIFO,LOW,94616300
FIFO,NORMAL,94618000
FIFO,NORMAL,94619400
FIFO,NORMAL,94620900
FIFO,NORMAL,94622200
FIFO,NORMAL,94623400
FIFO,NORMAL,94624800
FIFO,NORMAL,94626200
FIFO,NORMAL,94627500
FIFO,NORMAL,94629000
FIFO,LOW,94630300
FIFO,NORMAL,94631600
FIFO,NORMAL,94632900
FIFO,NORMAL,94634300
FIFO,NORMAL,94635600
FIFO,NORMAL,94636900
FIFO,NORMAL,94638200
FIFO,NORMAL,94639500
FIFO,NORMAL,94640700
FIFO,NORMAL,94642100
FIFO,LOW,94643300
FIFO,NORMAL,94644600
FIFO,NORMAL,94645800
FIFO,NORMAL,94649300
FIFO,NORMAL,94650600
FIFO,NORMAL,94651900
FIFO,NORMAL,94653200
FIFO,NORMAL,94654400
FIFO,NORMAL,94655700
FIFO,NORMAL,94656900
FIFO,LOW,94658000
FIFO,NORMAL,94659300
FIFO,NORMAL,94660700
FIFO,NORMAL,94662200
FIFO,NORMAL,94663500
FIFO,NORMAL,94664900
FIFO,NORMAL,94666200
FIFO,NORMAL,94667600
FIFO,NORMAL,94668800
FIFO,NORMAL,94670100
FIFO,LOW,94669600
FIFO,NORMAL,94670900
FIFO,NORMAL,94672200
FIFO,NORMAL,94673400
FIFO,NORMAL,94674700
FIFO,NORMAL,94676000
FIFO,NORMAL,94677200
FIFO,NORMAL,94678600
FIFO,NORMAL,94679900
FIFO,NORMAL,94681300
FIFO,LOW,94682500
FIFO,NORMAL,94683800
FIFO,NORMAL,94685100
FIFO,NORMAL,94686400
FIFO,NORMAL,94687700
FIFO,NORMAL,94688900
FIFO,NORMAL,94690100
FIFO,NORMAL,94691400
FIFO,NORMAL,94692900
FIFO,NORMAL,94694300
FIFO,LOW,94695600
FIFO,NORMAL,94696900
FIFO,NORMAL,94698300
FIFO,NORMAL,94699600
FIFO,NORMAL,94701500
FIFO,NORMAL,94703000
FIFO,NORMAL,94704300
FIFO,NORMAL,94705600
FIFO,NORMAL,94707000
FIFO,NORMAL,94708300
FIFO,LOW,94709600
FIFO,NORMAL,94710900
FIFO,NORMAL,94712300
FIFO,NORMAL,94713700
FIFO,NORMAL,94715000
FIFO,NORMAL,94716300
FIFO,NORMAL,94717700
FIFO,NORMAL,94718900
FIFO,NORMAL,94720300
FIFO,NORMAL,94721600
FIFO,LOW,94723000
FIFO,NORMAL,94724200
FIFO,NORMAL,94725400
FIFO,NORMAL,94726800
FIFO,NORMAL,94728100
FIFO,NORMAL,94729500
FIFO,NORMAL,94730700
FIFO,NORMAL,94732000
FIFO,NORMAL,94733300
FIFO,NORMAL,94734600
FIFO,HIGH,94735700
FIFO,NORMAL,94735000
FIFO,NORMAL,94736300
FIFO,NORMAL,94737500
FIFO,NORMAL,94738600
FIFO,NORMAL,94740000
FIFO,NORMAL,94741200
FIFO,NORMAL,94742500
FIFO,NORMAL,94743800
FIFO,NORMAL,94745300
FIFO,LOW,94746600
FIFO,NORMAL,94747700
FIFO,NORMAL,94749000
FIFO,NORMAL,94750500
FIFO,NORMAL,94751800
FIFO,NORMAL,94753400
FIFO,NORMAL,94754800
FIFO,NORMAL,94756100
FIFO,NORMAL,94757500
FIFO,NORMAL,94758900
FIFO,LOW,94760200
FIFO,NORMAL,94761700
FIFO,NORMAL,94762900
FIFO,NORMAL,94764200
FIFO,NORMAL,94765500
FIFO,NORMAL,94766700
FIFO,NORMAL,94768100
FIFO,NORMAL,94769300
FIFO,NORMAL,94770600
FIFO,NORMAL,94771900
FIFO,LOW,94773200
FIFO,NORMAL,94774500
FIFO,NORMAL,94775800
FIFO,NORMAL,94777600
FIFO,NORMAL,94778900
FIFO,NORMAL,94780300
FIFO,NORMAL,94781600
FIFO,NORMAL,94783000
FIFO,NORMAL,94784500
FIFO,NORMAL,94785900
FIFO,LOW,94787200
FIFO,NORMAL,94788600
FIFO,NORMAL,94790000
FIFO,NORMAL,94791600
FIFO,NORMAL,94792900
FIFO,NORMAL,94794300
FIFO,NORMAL,94795700
FIFO,NORMAL,94797200
FIFO,NORMAL,94798400
FIFO,NORMAL,94799700
FIFO,LOW,94801100
FIFO,NORMAL,94802400
FIFO,NORMAL,94803700
FIFO,NORMAL,94802800
FIFO,NORMAL,94803900
FIFO,NORMAL,94805300
FIFO,NORMAL,94806600
FIFO,NORMAL,94808000
FIFO,NORMAL,94809400
FIFO,NORMAL,94810700
FIFO,LOW,94812100
FIFO,NORMAL,94815500
FIFO,NORMAL,94816600
FIFO,NORMAL,94817700
FIFO,NORMAL,94818700
FIFO,NORMAL,94820100
FIFO,NORMAL,94821400
FIFO,NORMAL,94822400
FIFO,NORMAL,94823400
FIFO,NORMAL,94824600
FIFO,LOW,94826100
FIFO,NORMAL,94827500
FIFO,NORMAL,94828500
FIFO,NORMAL,94828200
FIFO,NORMAL,94827400
FIFO,NORMAL,94822500
FIFO,NORMAL,94819100
FIFO,NORMAL,94819500
FIFO,NORMAL,94817800
FIFO,NORMAL,94817100
FIFO,LOW,94815300
FIFO,NORMAL,94757200
FIFO,NORMAL,94714600
FIFO,NORMAL,94701600
FIFO,NORMAL,94700900
FIFO,NORMAL,94686000
FIFO,NORMAL,94681800
FIFO,NORMAL,94678200
FIFO,NORMAL,94676500
FIFO,NORMAL,94677000
FIFO,LOW,94677000
FIFO,NORMAL,94673600
FIFO,NORMAL,94670900
FIFO,NORMAL,94670300
FIFO,NORMAL,94669000
FIFO,NORMAL,94669100
FIFO,NORMAL,94668800
FIFO,NORMAL,94668500
FIFO,NORMAL,94668100
FIFO,NORMAL,94668000
FIFO,HIGH,94667800
FIFO,NORMAL,94667300
FIFO,NORMAL,94667100
FIFO,NORMAL,94667400
FIFO,NORMAL,94665100
FIFO,NORMAL,94664500
FIFO,NORMAL,94664000
FIFO,NORMAL,94664100
FIFO,NORMAL,94663700
FIFO,NORMAL,94663200
FIFO,LOW,94662700
FIFO,NORMAL,94662200
FIFO,NORMAL,94662300
FIFO,NORMAL,94662300
FIFO,NORMAL,94662600
FIFO,NORMAL,94663000
FIFO,NORMAL,94662900
FIFO,NORMAL,94662600
FIFO,NORMAL,94662100
FIFO,NORMAL,94661700
FIFO,LOW,94661600
FIFO,NORMAL,94661400
FIFO,NORMAL,94660700
FIFO,NORMAL,94660300
FIFO,NORMAL,94659600
FIFO,NORMAL,94659900
FIFO,NORMAL,94659200
FIFO,NORMAL,94657800
FIFO,NORMAL,94658000
FIFO,NORMAL,94656700
FIFO,LOW,94656700
FIFO,NORMAL,94656900
FIFO,NORMAL,94657200
FIFO,NORMAL,94657400
FIFO,NORMAL,94656700
FIFO,NORMAL,94656000
FIFO,NORMAL,94655500
FIFO,NORMAL,94655100
FIFO,NORMAL,94655200
FIFO,NORMAL,94654800
FIFO,LOW,94654500
FIFO,NORMAL,94653400
FIFO,NORMAL,94653300
FIFO,NORMAL,94653400
FIFO,NORMAL,94653400
FIFO,NORMAL,94653600
FIFO,NORMAL,94652800
FIFO,NORMAL,94652800
FIFO,NORMAL,94652700
FIFO,NORMAL,94652500
FIFO,LOW,94652800
FIFO,NORMAL,94653100
FIFO,NORMAL,94653400
FIFO,NORMAL,94653300
FIFO,NORMAL,94653400
FIFO,NORMAL,94650800
FIFO,NORMAL,94650500
FIFO,NORMAL,94649500
FIFO,NORMAL,94649700
FIFO,NORMAL,94649500
FIFO,LOW,94649300
FIFO,NORMAL,94649400
FIFO,NORMAL,94649400
FIFO,NORMAL,94649400
FIFO,NORMAL,94649900
FIFO,NORMAL,94650000
FIFO,NORMAL,94650400
FIFO,NORMAL,94650100
FIFO,NORMAL,94649700
FIFO,NORMAL,94650200
FIFO,LOW,94649300
FIFO,NORMAL,94649300
FIFO,NORMAL,94649400
FIFO,NORMAL,94649400
FIFO,NORMAL,94649000
FIFO,NORMAL,94648600
FIFO,NORMAL,94648400
FIFO,NORMAL,94648300
FIFO,NORMAL,94648400
FIFO,NORMAL,94647800
FIFO,LOW,94646300
FIFO,NORMAL,94646500
FIFO,NORMAL,94646000
FIFO,NORMAL,94645500
FIFO,NORMAL,94645300
FIFO,NORMAL,94643700
FIFO,NORMAL,94643200
FIFO,NORMAL,94643100
FIFO,NORMAL,94642800
FIFO,NORMAL,94643300
FIFO,LOW,94638500
FIFO,NORMAL,94633300
FIFO,NORMAL,94629400
FIFO,NORMAL,94625200
FIFO,NORMAL,94623300
FIFO,NORMAL,94620300
FIFO,NORMAL,94619800
FIFO,NORMAL,94619100
FIFO,NORMAL,94616900
FIFO,NORMAL,94612200
FIFO,HIGH,94607500
FIFO,NORMAL,94605400
FIFO,NORMAL,94604500
FIFO,NORMAL,94604500
FIFO,NORMAL,94604700
FIFO,NORMAL,94604600
FIFO,NORMAL,94597800
FIFO,NORMAL,94593100
FIFO,NORMAL,94592200
FIFO,NORMAL,94589100
FIFO,LOW,94583600
FIFO,NORMAL,94582200
FIFO,NORMAL,94582200
FIFO,NORMAL,94580800
FIFO,NORMAL,94577000
FIFO,NORMAL,94575300
FIFO,NORMAL,94571800
FIFO,NORMAL,94567900
FIFO,NORMAL,94564900
FIFO,NORMAL,94562400
FIFO,LOW,94562000
FIFO,NORMAL,94560600
FIFO,NORMAL,94559000
FIFO,NORMAL,94557900
FIFO,NORMAL,94556500
FIFO,NORMAL,94554100
FIFO,NORMAL,94551400
FIFO,NORMAL,94548300
FIFO,NORMAL,94544300
FIFO,NORMAL,94536600
FIFO,LOW,94535400
FIFO,NORMAL,94533500
FIFO,NORMAL,94534600
FIFO,NORMAL,94535900
FIFO,NORMAL,94537000
FIFO,NORMAL,94538000
FIFO,NORMAL,94539200
FIFO,NORMAL,94540400
FIFO,NORMAL,94541500
FIFO,NORMAL,94542800
FIFO,LOW,94543800
FIFO,NORMAL,94545100
FIFO,NORMAL,94546200
FIFO,NORMAL,94547500
FIFO,NORMAL,94548600
FIFO,NORMAL,94549400
FIFO,NORMAL,94550400
FIFO,NORMAL,94551100
FIFO,NORMAL,94552200
FIFO,NORMAL,94553200
FIFO,LOW,94553900
FIFO,NORMAL,94554700
FIFO,NORMAL,94555800
FIFO,NORMAL,94556700
FIFO,NORMAL,94557000
FIFO,NORMAL,94557500
FIFO,NORMAL,94557900
FIFO,NORMAL,94546100
FIFO,NORMAL,94545400
FIFO,NORMAL,94541100
FIFO,LOW,94536700
FIFO,NORMAL,94535500
FIFO,NORMAL,94535100
FIFO,NORMAL,94535500
FIFO,NORMAL,94534200
FIFO,NORMAL,94534400
FIFO,NORMAL,94534300
FIFO,NORMAL,94533900
FIFO,NORMAL,94532800
FIFO,NORMAL,94532900
FIFO,LOW,94533200
FIFO,NORMAL,94532300
FIFO,NORMAL,94530900
FIFO,NORMAL,94528700
FIFO,NORMAL,94529300
FIFO,NORMAL,94529200
FIFO,NORMAL,94528400
FIFO,NORMAL,94527200
FIFO,NORMAL,94526200
FIFO,NORMAL,94525300
FIFO,LOW,94525200
FIFO,NORMAL,94524300
FIFO,NORMAL,94522700
FIFO,NORMAL,94521500
FIFO,NORMAL,94516300
FIFO,NORMAL,94479000
FIFO,NORMAL,94477800
FIFO,NORMAL,94478200
FIFO,NORMAL,94477300
FIFO,NORMAL,94477400
FIFO,LOW,94477100
FIFO,NORMAL,94476600
FIFO,NORMAL,94476700
FIFO,NORMAL,94477200
FIFO,NORMAL,94477200
FIFO,NORMAL,94476900
FIFO,NORMAL,94477300
FIFO,NORMAL,94476200
FIFO,NORMAL,94475500
FIFO,NORMAL,94474800
FIFO,CRITICAL,94474100
FIFO,NORMAL,94473200
FIFO,NORMAL,94472100
FIFO,NORMAL,94471200
FIFO,NORMAL,94470300
FIFO,NORMAL,94469200
FIFO,NORMAL,94468100
FIFO,NORMAL,94467000
FIFO,NORMAL,94466100
FIFO,NORMAL,94460100
FIFO,LOW,94460300
FIFO,NORMAL,94460400
FIFO,NORMAL,94461000
FIFO,NORMAL,94460500
FIFO,NORMAL,94459900
FIFO,NORMAL,94459100
FIFO,NORMAL,94458800
FIFO,NORMAL,94460200
FIFO,NORMAL,94460000
FIFO,NORMAL,94459300
FIFO,LOW,94458300
FIFO,NORMAL,94456900
FIFO,NORMAL,94455700
FIFO,NORMAL,94455600
FIFO,NORMAL,94455000
FIFO,NORMAL,94454200
FIFO,NORMAL,94454000
FIFO,NORMAL,94453500
FIFO,NORMAL,94453100
FIFO,NORMAL,94452600
FIFO,LOW,94452000
FIFO,NORMAL,94451900
FIFO,NORMAL,94451800
FIFO,NORMAL,94451600
FIFO,NORMAL,94450800
FIFO,NORMAL,94449100
FIFO,NORMAL,94448400
FIFO,NORMAL,94448400
FIFO,NORMAL,94447800
FIFO,NORMAL,94447600
FIFO,LOW,94447700
FIFO,NORMAL,94446800
FIFO,NORMAL,94443400
FIFO,NORMAL,94443500
FIFO,NORMAL,94443400
FIFO,NORMAL,94442900
FIFO,NORMAL,94442700
FIFO,NORMAL,94441900
FIFO,NORMAL,94441300
FIFO,NORMAL,94439100
FIFO,LOW,94438500
FIFO,NORMAL,94437500
FIFO,NORMAL,94398000
FIFO,NORMAL,94395300
FIFO,NORMAL,94394000
FIFO,NORMAL,94392900
FIFO,NORMAL,94392000
FIFO,NORMAL,94391100
FIFO,NORMAL,94384800
FIFO,NORMAL,94382000
FIFO,LOW,94379300
FIFO,NORMAL,94379700
FIFO,NORMAL,94380300
FIFO,NORMAL,94380900
FIFO,NORMAL,94381500
FIFO,NORMAL,94381400
FIFO,NORMAL,94379000
FIFO,NORMAL,94379200
FIFO,NORMAL,94379800
FIFO,NORMAL,94380100
FIFO,LOW,94380500
FIFO,NORMAL,94380700
FIFO,NORMAL,94380900
FIFO,NORMAL,94381300
FIFO,NORMAL,94381500
FIFO,NORMAL,94381900
FIFO,NORMAL,94382200
FIFO,NORMAL,94381700
FIFO,NORMAL,94381800
FIFO,NORMAL,94381700
FIFO,LOW,94381700
FIFO,NORMAL,94381800
FIFO,NORMAL,94381800
FIFO,NORMAL,94381900
FIFO,NORMAL,94381900
FIFO,NORMAL,94382100
FIFO,NORMAL,94382300
FIFO,NORMAL,94382600
FIFO,NORMAL,94382600
FIFO,NORMAL,94382700
FIFO,LOW,94383000
FIFO,NORMAL,94383400
FIFO,NORMAL,94383800
FIFO,NORMAL,94383400
FIFO,NORMAL,94383000
FIFO,NORMAL,94382900
FIFO,NORMAL,94382200
FIFO,NORMAL,94381600
FIFO,NORMAL,94381300
FIFO,NORMAL,94381400
FIFO,HIGH,94381400
FIFO,NORMAL,94381600
FIFO,NORMAL,94381600
FIFO,NORMAL,94381800
FIFO,NORMAL,94381600
FIFO,NORMAL,94381700
FIFO,NORMAL,94381700
FIFO,NORMAL,94381600
FIFO,NORMAL,94380600
FIFO,NORMAL,94380500
FIFO,LOW,94380300
FIFO,NORMAL,94377900
FIFO,NORMAL,94378100
FIFO,NORMAL,94378100
FIFO,NORMAL,94377800
FIFO,NORMAL,94378100
FIFO,NORMAL,94378500
FIFO,NORMAL,94378300
FIFO,NORMAL,94378200
FIFO,NORMAL,94378400
FIFO,LOW,94378500
FIFO,NORMAL,94300300
FIFO,NORMAL,94067200
FIFO,NORMAL,94058300
FIFO,NORMAL,94054700
FIFO,NORMAL,94052200
FIFO,NORMAL,94050400
FIFO,NORMAL,94050600
FIFO,NORMAL,94050400
FIFO,NORMAL,94050800
FIFO,LOW,94051100
FIFO,NORMAL,94051400
FIFO,NORMAL,94051800
FIFO,NORMAL,94049500
FIFO,NORMAL,94045500
FIFO,NORMAL,94041100
FIFO,NORMAL,94033500
FIFO,NORMAL,94030200
FIFO,NORMAL,94026900
FIFO,NORMAL,94025000
FIFO,LOW,94022300
FIFO,NORMAL,94022500
FIFO,NORMAL,94022600
FIFO,NORMAL,94022500
FIFO,NORMAL,93977800
FIFO,NORMAL,93977200
FIFO,NORMAL,93970700
FIFO,NORMAL,93970000
FIFO,NORMAL,93968900
FIFO,NORMAL,93967600
FIFO,LOW,93964300
FIFO,NORMAL,93960400
FIFO,NORMAL,93956300
FIFO,NORMAL,93952400
FIFO,NORMAL,93948200
FIFO,NORMAL,93946900
FIFO,NORMAL,93946700
FIFO,NORMAL,93945200
FIFO,NORMAL,93940700
FIFO,NORMAL,93932100
FIFO,LOW,93927600
FIFO,NORMAL,93925600
FIFO,NORMAL,93922800
FIFO,NORMAL,93922700
FIFO,NORMAL,93922100
FIFO,NORMAL,93918400
FIFO,NORMAL,93915000
FIFO,NORMAL,93910800
FIFO,NORMAL,93906800
FIFO,NORMAL,93903700
FIFO,LOW,93903300
FIFO,NORMAL,93902700
FIFO,NORMAL,93900900
FIFO,NORMAL,93895900
FIFO,NORMAL,93892700
FIFO,NORMAL,93892500
FIFO,NORMAL,93892500
FIFO,NORMAL,93891900
FIFO,NORMAL,93891600
FIFO,NORMAL,93891600
FIFO,LOW,93891500
FIFO,NORMAL,93891100
FIFO,NORMAL,93888400
FIFO,NORMAL,93885200
FIFO,NORMAL,93838200
FIFO,NORMAL,93790100
FIFO,NORMAL,93787000
FIFO,NORMAL,93741700
FIFO,NORMAL,93739500
FIFO,NORMAL,93739500
FIFO,LOW,93738800
FIFO,NORMAL,93731300
FIFO,NORMAL,93630800
FIFO,NORMAL,93627900
FIFO,NORMAL,93627000
FIFO,NORMAL,93626200
FIFO,NORMAL,93625200
FIFO,NORMAL,93624300
FIFO,NORMAL,93623600
FIFO,NORMAL,93622600
FIFO,HIGH,93621600
FIFO,NORMAL,93621500
FIFO,NORMAL,93621000
FIFO,NORMAL,93619600
FIFO,NORMAL,93618700
FIFO,NORMAL,93617400
FIFO,NORMAL,93616400
FIFO,NORMAL,93615100
FIFO,NORMAL,93614200
FIFO,NORMAL,93613000
FIFO,LOW,93612000
FIFO,NORMAL,93610900
FIFO,NORMAL,93610000
FIFO,NORMAL,93573500
FIFO,NORMAL,93572100
FIFO,NORMAL,93572700
FIFO,NORMAL,93571800
FIFO,NORMAL,93570800
FIFO,NORMAL,93571900
FIFO,NORMAL,93571400
FIFO,LOW,93570400
FIFO,NORMAL,93569300
FIFO,NORMAL,93568700
FIFO,NORMAL,93568500
FIFO,NORMAL,93567700
FIFO,NORMAL,93565400
FIFO,NORMAL,93564300
FIFO,NORMAL,93564100
FIFO,NORMAL,93560500
FIFO,NORMAL,93557400
FIFO,LOW,93555100
FIFO,NORMAL,93555300
FIFO,NORMAL,93549000
FIFO,NORMAL,93545200
FIFO,NORMAL,93544700
FIFO,NORMAL,93543900
FIFO,NORMAL,93543700
FIFO,NORMAL,93542900
FIFO,NORMAL,93541600
FIFO,NORMAL,93541000
FIFO,LOW,93540700
FIFO,NORMAL,93540700
FIFO,NORMAL,93540300
FIFO,NORMAL,93539700
FIFO,NORMAL,93539300
FIFO,NORMAL,93538700
FIFO,NORMAL,93538500
FIFO,NORMAL,93538600
FIFO,NORMAL,93538000
FIFO,NORMAL,93537200
FIFO,LOW,93536700
FIFO,NORMAL,93535800
FIFO,NORMAL,93535100
FIFO,NORMAL,93433700
FIFO,NORMAL,93427900
FIFO,NORMAL,93427400
FIFO,NORMAL,93427400
FIFO,NORMAL,93427000
FIFO,NORMAL,93426900
FIFO,NORMAL,93426600
FIFO,LOW,93426200
FIFO,NORMAL,93426100
FIFO,NORMAL,93425900
FIFO,NORMAL,93425500
FIFO,NORMAL,93425100
FIFO,NORMAL,93422200
FIFO,NORMAL,93422100
FIFO,NORMAL,93421800
FIFO,NORMAL,93421900
FIFO,NORMAL,93421900
FIFO,LOW,93422000
FIFO,NORMAL,93421900
FIFO,NORMAL,93422100
FIFO,NORMAL,93423600
FIFO,NORMAL,93423300
FIFO,NORMAL,93423000
FIFO,NORMAL,93421300
FIFO,NORMAL,93421400
FIFO,NORMAL,93414400
FIFO,NORMAL,93412500
FIFO,LOW,93412000
FIFO,NORMAL,93410900
FIFO,NORMAL,93410800
FIFO,NORMAL,93411400
FIFO,NORMAL,93411300
FIFO,NORMAL,93411400
FIFO,NORMAL,93411300
FIFO,NORMAL,93411400
FIFO,NORMAL,93412000
FIFO,NORMAL,93412500
FIFO,LOW,93410000
FIFO,NORMAL,93407800
FIFO,NORMAL,93407300
FIFO,NORMAL,93405600
FIFO,NORMAL,93395100
FIFO,NORMAL,93392300
FIFO,NORMAL,93392600
FIFO,NORMAL,93391400
FIFO,NORMAL,93390400
FIFO,NORMAL,93390700
FIFO,HIGH,93390200
FIFO,NORMAL,93388000
FIFO,NORMAL,93385700
FIFO,NORMAL,93384300
FIFO,NORMAL,93381200
FIFO,NORMAL,93378900
FIFO,NORMAL,93376200
FIFO,NORMAL,93374700
FIFO,NORMAL,93373700
FIFO,NORMAL,93373800
FIFO,LOW,93372500
FIFO,NORMAL,93372900
FIFO,NORMAL,93372800
FIFO,NORMAL,93366500
FIFO,NORMAL,93066300
FIFO,NORMAL,93064200
FIFO,NORMAL,93061600
FIFO,NORMAL,93061500
FIFO,NORMAL,93060800
FIFO,NORMAL,93059800
FIFO,LOW,93059800
FIFO,NORMAL,93059500
FIFO,NORMAL,93059000
FIFO,NORMAL,93058600
FIFO,NORMAL,93058700
FIFO,NORMAL,93058600
FIFO,NORMAL,93058300
FIFO,NORMAL,93057700
FIFO,NORMAL,93057300
FIFO,NORMAL,93056700
FIFO,LOW,93056500
FIFO,NORMAL,93056300
FIFO,NORMAL,93056100
FIFO,NORMAL,93055700
FIFO,NORMAL,93055400
FIFO,NORMAL,93054700
FIFO,NORMAL,93054000
FIFO,NORMAL,93053300
FIFO,NORMAL,93052800
FIFO,NORMAL,93052400
FIFO,LOW,93051900
FIFO,NORMAL,93051500
FIFO,NORMAL,93050800
FIFO,NORMAL,93049800
FIFO,NORMAL,93049100
FIFO,NORMAL,93048200
FIFO,NORMAL,93047500
FIFO,NORMAL,93047500
FIFO,NORMAL,93046500
FIFO,NORMAL,93046200
FIFO,LOW,93045900
FIFO,NORMAL,93045700
FIFO,NORMAL,93045400
FIFO,NORMAL,93045000
FIFO,NORMAL,93044300
FIFO,NORMAL,93043400
FIFO,NORMAL,93042600
FIFO,NORMAL,93042400
FIFO,NORMAL,93042100
FIFO,NORMAL,93041800
FIFO,LOW,93041700
FIFO,NORMAL,93041200
FIFO,NORMAL,93040800
FIFO,NORMAL,93040300
FIFO,NORMAL,93039700
FIFO,NORMAL,93039100
FIFO,NORMAL,93038600
FIFO,NORMAL,93036100
FIFO,NORMAL,93035600
FIFO,NORMAL,93035000
FIFO,LOW,93034700
FIFO,NORMAL,93034800
FIFO,NORMAL,93034600
FIFO,NORMAL,93034300
FIFO,NORMAL,93033600
FIFO,NORMAL,93033000
FIFO,NORMAL,93032400
FIFO,NORMAL,93031300
FIFO,NORMAL,93031000
FIFO,NORMAL,93030900
FIFO,LOW,93030400
FIFO,NORMAL,93029500
FIFO,NORMAL,93028800
FIFO,NORMAL,93028100
FIFO,NORMAL,93027100
FIFO,NORMAL,93027200
FIFO,NORMAL,93026900
FIFO,NORMAL,93027100
FIFO,NORMAL,93027100
FIFO,NORMAL,93027000
FIFO,LOW,93026700
FIFO,NORMAL,93025800
FIFO,NORMAL,93011400
FIFO,NORMAL,93010800
FIFO,NORMAL,93010500
FIFO,NORMAL,93010400
FIFO,NORMAL,93010100
FIFO,NORMAL,93009300
FIFO,NORMAL,93009100
FIFO,NORMAL,93008600
FIFO,HIGH,93008200
FIFO,NORMAL,93010200
FIFO,NORMAL,93009900
FIFO,NORMAL,93009700
FIFO,NORMAL,93009400
FIFO,NORMAL,93008900
FIFO,NORMAL,93008500
FIFO,NORMAL,93008100
FIFO,NORMAL,93007500
FIFO,NORMAL,93007100
FIFO,LOW,93006400
FIFO,NORMAL,93005900
FIFO,NORMAL,93005100
FIFO,NORMAL,93004800
FIFO,NORMAL,93004000
FIFO,NORMAL,93003600
FIFO,NORMAL,93003300
FIFO,NORMAL,93003000
FIFO,NORMAL,93000500
FIFO,NORMAL,93000000
FIFO,LOW,93000000
FIFO,NORMAL,93011500
FIFO,NORMAL,93011200
FIFO,NORMAL,93010900
FIFO,NORMAL,93010400
FIFO,NORMAL,93009900
FIFO,NORMAL,93009700
FIFO,NORMAL,93009400
FIFO,NORMAL,93009300
FIFO,NORMAL,93008900
FIFO,LOW,93008500
FIFO,NORMAL,93008100
FIFO,NORMAL,93007600
FIFO,NORMAL,93007200
FIFO,NORMAL,93006500
FIFO,NORMAL,93005400
FIFO,NORMAL,93004700
FIFO,NORMAL,93004300
FIFO,NORMAL,93004100
FIFO,NORMAL,93003900
FIFO,LOW,93003200
FIFO,NORMAL,93002700
FIFO,NORMAL,93002200
FIFO,NORMAL,93002000
FIFO,NORMAL,93001600
FIFO,NORMAL,93001800
FIFO,NORMAL,93001200
FIFO,NORMAL,93000500
FIFO,NORMAL,92999900
FIFO,NORMAL,92999100
FIFO,LOW,92998700
FIFO,NORMAL,92998300
FIFO,NORMAL,92998100
FIFO,NORMAL,92998000
FIFO,NORMAL,92997500
FIFO,NORMAL,92997000
FIFO,NORMAL,92996800
FIFO,NORMAL,92996300
FIFO,NORMAL,92996100
FIFO,NORMAL,92996000
FIFO,LOW,92995700
FIFO,NORMAL,92995500
FIFO,NORMAL,92995500
FIFO,NORMAL,92995200
FIFO,NORMAL,92994800
FIFO,NORMAL,92994100
FIFO,NORMAL,92993700
FIFO,NORMAL,92993100
FIFO,NORMAL,92992400
FIFO,NORMAL,92989800
FIFO,LOW,92989300
FIFO,NORMAL,92988900
FIFO,NORMAL,92988300
FIFO,NORMAL,92987900
FIFO,NORMAL,92987300
FIFO,NORMAL,92986800
FIFO,NORMAL,92986600
FIFO,NORMAL,92986400
FIFO,NORMAL,92985900
FIFO,NORMAL,92985900
FIFO,LOW,92986000
FIFO,NORMAL,92986500
FIFO,NORMAL,92986500
FIFO,NORMAL,92986400
FIFO,NORMAL,92825100
FIFO,NORMAL,92823800
FIFO,NORMAL,92823600
FIFO,NORMAL,92823700
FIFO,NORMAL,92823600
FIFO,NORMAL,92823400
FIFO,LOW,92823200
FIFO,NORMAL,92822800
FIFO,NORMAL,92822500
FIFO,NORMAL,92822200
FIFO,NORMAL,92822100
FIFO,NORMAL,92821900
FIFO,NORMAL,92821900
FIFO,NORMAL,92821600
FIFO,NORMAL,92821700
FIFO,NORMAL,92821400
FIFO,HIGH,92821100
FIFO,NORMAL,92820400
FIFO,NORMAL,92820200
FIFO,NORMAL,92819500
FIFO,NORMAL,92819300
FIFO,NORMAL,92818700
FIFO,NORMAL,92818400
FIFO,NORMAL,92817800
FIFO,NORMAL,92817700
FIFO,NORMAL,92817200
FIFO,LOW,92816400
FIFO,NORMAL,92816200
FIFO,NORMAL,92815800
FIFO,NORMAL,92815600
FIFO,NORMAL,92815400
FIFO,NORMAL,92815600
FIFO,NORMAL,92815100
FIFO,NORMAL,92814500
FIFO,NORMAL,92814100
FIFO,NORMAL,92813700
FIFO,LOW,92811200
FIFO,NORMAL,92811000
FIFO,NORMAL,92810700
FIFO,NORMAL,92811100
FIFO,NORMAL,92810700
FIFO,NORMAL,92810700
FIFO,NORMAL,92810200
FIFO,NORMAL,92810000
FIFO,NORMAL,92809700
FIFO,NORMAL,92811500
FIFO,LOW,92811100
FIFO,NORMAL,92811100
FIFO,NORMAL,92810800
FIFO,NORMAL,92810600
FIFO,NORMAL,92810200
FIFO,NORMAL,92809500
FIFO,NORMAL,92809100
FIFO,NORMAL,92808600
FIFO,NORMAL,92808200
FIFO,NORMAL,92807900
FIFO,LOW,92807400
FIFO,NORMAL,92806600
FIFO,NORMAL,92806400
FIFO,NORMAL,92806200
FIFO,NORMAL,92805700
FIFO,NORMAL,92805400
FIFO,NORMAL,92805300
FIFO,NORMAL,92804700
FIFO,NORMAL,92804500
FIFO,NORMAL,92804200
FIFO,LOW,92803800
FIFO,NORMAL,92803200
FIFO,NORMAL,92802900
FIFO,NORMAL,92802500
FIFO,NORMAL,92802300
FIFO,NORMAL,92801900
FIFO,NORMAL,92801500
FIFO,NORMAL,92801300
FIFO,NORMAL,92801200
FIFO,NORMAL,92800700
FIFO,LOW,92800600
FIFO,NORMAL,92800000
FIFO,NORMAL,92799500
FIFO,NORMAL,92799100
FIFO,NORMAL,92798500
FIFO,NORMAL,92798700
FIFO,NORMAL,92796100
FIFO,NORMAL,92794500
FIFO,NORMAL,92795100
FIFO,NORMAL,92793900
FIFO,LOW,92794100
FIFO,NORMAL,92791600
FIFO,NORMAL,92792100
FIFO,NORMAL,92791300
FIFO,NORMAL,92791800
FIFO,NORMAL,92791400
FIFO,NORMAL,92791500
FIFO,NORMAL,92791300
FIFO,NORMAL,92791500
FIFO,NORMAL,92791600
FIFO,LOW,92790900
FIFO,NORMAL,92790700
FIFO,NORMAL,92791000
FIFO,NORMAL,92790900
FIFO,NORMAL,92790600
FIFO,NORMAL,92790100
FIFO,NORMAL,92789200
FIFO,NORMAL,92788500
FIFO,NORMAL,92787900
FIFO,NORMAL,92787500
FIFO,LOW,92787000
FIFO,NORMAL,92786800
FIFO,NORMAL,92786300
FIFO,NORMAL,92786100
FIFO,NORMAL,92786100
FIFO,NORMAL,92785700
FIFO,NORMAL,92785400
FIFO,NORMAL,92785100
FIFO,NORMAL,92784700
FIFO,NORMAL,92784100
FIFO,HIGH,92783200
FIFO,NORMAL,92783200
FIFO,NORMAL,92783800
FIFO,NORMAL,92783900
FIFO,NORMAL,92784300
FIFO,NORMAL,92784200
FIFO,NORMAL,92783800
FIFO,NORMAL,92783400
FIFO,NORMAL,92783500
FIFO,NORMAL,92783500
FIFO,LOW,92782900
FIFO,NORMAL,92782800
FIFO,NORMAL,92778900
FIFO,NORMAL,92778700
FIFO,NORMAL,92778400
FIFO,NORMAL,92778000
FIFO,NORMAL,92777500
FIFO,NORMAL,92777000
FIFO,NORMAL,92776200
FIFO,NORMAL,92776200
FIFO,LOW,92775800
FIFO,NORMAL,92775500
FIFO,NORMAL,92774900
FIFO,NORMAL,92772500
FIFO,NORMAL,92772100
FIFO,NORMAL,92771100
FIFO,NORMAL,92770800
FIFO,NORMAL,92770500
FIFO,NORMAL,92769400
FIFO,NORMAL,92767800
FIFO,LOW,92766800
FIFO,NORMAL,92766100
FIFO,NORMAL,92765500
FIFO,NORMAL,92764600
FIFO,NORMAL,92763600
FIFO,NORMAL,92763100
FIFO,NORMAL,92762700
FIFO,NORMAL,92761600
FIFO,NORMAL,92760600
FIFO,NORMAL,92759300
FIFO,LOW,92758700
FIFO,NORMAL,92758500
FIFO,NORMAL,92757900
FIFO,NORMAL,92756300
FIFO,NORMAL,92754000
FIFO,NORMAL,92753100
FIFO,NORMAL,92752300
FIFO,NORMAL,92751900
FIFO,NORMAL,92751100
FIFO,NORMAL,92750000
FIFO,LOW,92749200
FIFO,NORMAL,92748300
FIFO,NORMAL,92747800
FIFO,NORMAL,92747300
FIFO,NORMAL,92746500
FIFO,NORMAL,92745600
FIFO,NORMAL,92744900
FIFO,NORMAL,92746600
FIFO,NORMAL,92746100
FIFO,NORMAL,92745300
FIFO,LOW,92744500
FIFO,NORMAL,92743500
FIFO,NORMAL,92742300
FIFO,NORMAL,92741300
FIFO,NORMAL,92740900
FIFO,NORMAL,92741300
FIFO,NORMAL,92740900
FIFO,NORMAL,92740300
FIFO,NORMAL,92739300
FIFO,NORMAL,92738300
FIFO,LOW,92737100
FIFO,NORMAL,92735900
FIFO,NORMAL,92735000
FIFO,NORMAL,92734300
FIFO,NORMAL,92731300
FIFO,NORMAL,92730400
FIFO,NORMAL,92729000
FIFO,NORMAL,92728100
FIFO,NORMAL,92727300
FIFO,NORMAL,92726700
FIFO,LOW,92725900
FIFO,NORMAL,92724800
FIFO,NORMAL,92723800
FIFO,NORMAL,92722800
FIFO,NORMAL,92722200
FIFO,NORMAL,92721500
FIFO,NORMAL,92721800
FIFO,NORMAL,92721600
FIFO,NORMAL,92721500
FIFO,NORMAL,92720500
FIFO,LOW,92720000
FIFO,NORMAL,92718900
FIFO,NORMAL,92717400
FIFO,NORMAL,92716700
FIFO,NORMAL,92715900
FIFO,NORMAL,92715100
FIFO,NORMAL,92714700
FIFO,NORMAL,92714800
FIFO,NORMAL,92714200
FIFO,NORMAL,92680900
FIFO,HIGH,92677500
FIFO,NORMAL,92676700
FIFO,NORMAL,92675900
FIFO,NORMAL,92675500
FIFO,NORMAL,92675100
FIFO,NORMAL,92675100
FIFO,NORMAL,92672700
FIFO,NORMAL,92671800
FIFO,NORMAL,92667800
FIFO,NORMAL,92663700
FIFO,LOW,92659600
FIFO,NORMAL,92655500
FIFO,NORMAL,92655100
FIFO,NORMAL,92654700
FIFO,NORMAL,92653800
FIFO,NORMAL,92653800
FIFO,NORMAL,92653000
FIFO,NORMAL,92652300
FIFO,NORMAL,92648200
FIFO,NORMAL,92619600
FIFO,LOW,92612200
FIFO,NORMAL,92610900
FIFO,NORMAL,92609800
FIFO,NORMAL,92608500
FIFO,NORMAL,92607300
FIFO,NORMAL,92604200
FIFO,NORMAL,92603600
FIFO,NORMAL,92603100
FIFO,NORMAL,92602100
FIFO,NORMAL,92601200
FIFO,LOW,92600300
FIFO,NORMAL,92599300
FIFO,NORMAL,92598800
FIFO,NORMAL,92598200
FIFO,NORMAL,92597500
FIFO,NORMAL,92596900
FIFO,NORMAL,92596500
FIFO,NORMAL,92595900
FIFO,NORMAL,92595400
FIFO,NORMAL,92594500
FIFO,LOW,92593700
FIFO,NORMAL,92592900
FIFO,NORMAL,92592100
FIFO,NORMAL,92591500
FIFO,NORMAL,92590800
FIFO,NORMAL,92589800
FIFO,NORMAL,92588700
FIFO,NORMAL,92588000
FIFO,NORMAL,92587300
FIFO,NORMAL,92586600
FIFO,LOW,92586100
FIFO,NORMAL,92585200
FIFO,NORMAL,92584100
FIFO,NORMAL,92583700
FIFO,NORMAL,92582700
FIFO,NORMAL,92581700
FIFO,NORMAL,92580800
FIFO,NORMAL,92580300
FIFO,NORMAL,92579900
FIFO,NORMAL,92579400
FIFO,LOW,92579000
FIFO,NORMAL,92578100
FIFO,NORMAL,92577300
FIFO,NORMAL,92576500
FIFO,NORMAL,92575900
FIFO,NORMAL,92575300
FIFO,NORMAL,92574600
FIFO,NORMAL,92573600
FIFO,NORMAL,92572600
FIFO,NORMAL,92571700
FIFO,LOW,92570900
FIFO,NORMAL,92570500
FIFO,NORMAL,92570100
FIFO,NORMAL,92569400
FIFO,NORMAL,92568400
FIFO,NORMAL,92567600
FIFO,NORMAL,92564400
FIFO,NORMAL,92563600
FIFO,NORMAL,92562900
FIFO,NORMAL,92562400
FIFO,LOW,92562100
FIFO,NORMAL,92561500
FIFO,NORMAL,92561100
FIFO,NORMAL,92561000
FIFO,NORMAL,92557200
FIFO,NORMAL,92555400
FIFO,NORMAL,92554300
FIFO,NORMAL,92545900
FIFO,NORMAL,92539400
FIFO,NORMAL,92536000
FIFO,LOW,92534500
FIFO,NORMAL,92533400
FIFO,NORMAL,92532300
FIFO,NORMAL,92531100
FIFO,NORMAL,92530100
FIFO,NORMAL,92529000
FIFO,NORMAL,92528000
FIFO,NORMAL,92526900
FIFO,NORMAL,92525900
FIFO,NORMAL,92525000
FIFO,HIGH,92525000
FIFO,NORMAL,92524100
FIFO,NORMAL,92522600
FIFO,NORMAL,92514500
FIFO,NORMAL,92512700
FIFO,NORMAL,92513200
FIFO,NORMAL,92514300
FIFO,NORMAL,92515500
FIFO,NORMAL,92516700
FIFO,NORMAL,92518000
FIFO,LOW,92519000
FIFO,NORMAL,92520300
FIFO,NORMAL,92521500
FIFO,NORMAL,92522800
FIFO,NORMAL,92524100
FIFO,NORMAL,92525300
FIFO,NORMAL,92526500
FIFO,NORMAL,92527700
FIFO,NORMAL,92528800
FIFO,NORMAL,92529900
FIFO,LOW,92531000
FIFO,NORMAL,92532100
FIFO,NORMAL,92533500
FIFO,NORMAL,92534700
FIFO,NORMAL,92536000
FIFO,NORMAL,92536700
FIFO,NORMAL,92536300
FIFO,NORMAL,92534100
FIFO,NORMAL,92533900
FIFO,NORMAL,92533200
FIFO,LOW,92533100
FIFO,NORMAL,92529100
FIFO,NORMAL,92525700
FIFO,NORMAL,92524600
FIFO,NORMAL,92523500
FIFO,NORMAL,92522500
FIFO,NORMAL,92521700
FIFO,NORMAL,92520700
FIFO,NORMAL,92519800
FIFO,NORMAL,92518800
FIFO,LOW,92518000
FIFO,NORMAL,92517100
FIFO,NORMAL,92516200
FIFO,NORMAL,92515300
FIFO,NORMAL,92515200
FIFO,NORMAL,92514200
FIFO,NORMAL,92513300
FIFO,NORMAL,92512400
FIFO,NORMAL,92511400
FIFO,NORMAL,92510400
FIFO,LOW,92509000
FIFO,NORMAL,92508000
FIFO,NORMAL,92507000
FIFO,NORMAL,92506100
FIFO,NORMAL,92504900
FIFO,NORMAL,92503900
FIFO,NORMAL,92502500
FIFO,NORMAL,92501900
FIFO,NORMAL,92500900
FIFO,NORMAL,92499900
FIFO,LOW,92498900
FIFO,NORMAL,92497800
FIFO,NORMAL,92496800
FIFO,NORMAL,92495800
FIFO,NORMAL,92494900
FIFO,NORMAL,92494000
FIFO,NORMAL,92492900
FIFO,NORMAL,92492000
FIFO,NORMAL,92491000
FIFO,NORMAL,92490000
FIFO,LOW,92489000
FIFO,NORMAL,92488000
FIFO,NORMAL,92486900
FIFO,NORMAL,92485900
FIFO,NORMAL,92484900
FIFO,NORMAL,92483800
FIFO,NORMAL,92482900
FIFO,NORMAL,92481700
FIFO,NORMAL,92480200
FIFO,NORMAL,92476800
FIFO,LOW,92475800
FIFO,NORMAL,92473800
FIFO,NORMAL,92472100
FIFO,NORMAL,92470700
FIFO,NORMAL,92469700
FIFO,NORMAL,92468600
FIFO,NORMAL,92467700
FIFO,NORMAL,92466700
FIFO,NORMAL,92465900
FIFO,NORMAL,92465100
FIFO,LOW,92464100
FIFO,NORMAL,92463100
FIFO,NORMAL,92462100
FIFO,NORMAL,92461500
FIFO,NORMAL,92460300
FIFO,NORMAL,92459300
FIFO,NORMAL,92458600
FIFO,NORMAL,92457500
FIFO,NORMAL,92456700
FIFO,NORMAL,92455700
FIFO,HIGH,92454700
FIFO,NORMAL,92454000
FIFO,NORMAL,92452900
FIFO,NORMAL,92452100
FIFO,NORMAL,92451400
FIFO,NORMAL,92450400
FIFO,NORMAL,92449500
FIFO,NORMAL,92448600
FIFO,NORMAL,92447800
FIFO,NORMAL,92447100
FIFO,LOW,92446200
FIFO,NORMAL,92445200
FIFO,NORMAL,92444200
FIFO,NORMAL,92445200
FIFO,NORMAL,92444100
FIFO,NORMAL,92442900
FIFO,NORMAL,92441900
FIFO,NORMAL,92440700
FIFO,NORMAL,92439800
FIFO,NORMAL,92437300
FIFO,LOW,92429400
FIFO,NORMAL,92428700
FIFO,NORMAL,92429800
FIFO,NORMAL,92430800
FIFO,NORMAL,92432000
FIFO,NORMAL,92433300
FIFO,NORMAL,92434600
FIFO,NORMAL,92435800
FIFO,NORMAL,92436800
FIFO,NORMAL,92438100
FIFO,LOW,92437300
FIFO,NORMAL,92438400
FIFO,NORMAL,92439700
FIFO,NORMAL,92440900
FIFO,NORMAL,92442000
FIFO,NORMAL,92443200
FIFO,NORMAL,92444300
FIFO,NORMAL,92445300
FIFO,NORMAL,92446400
FIFO,NORMAL,92447600
FIFO,LOW,92448800
FIFO,NORMAL,92450000
FIFO,NORMAL,92451100
FIFO,NORMAL,92452100
FIFO,NORMAL,92452900
FIFO,NORMAL,92454200
FIFO,NORMAL,92455300
FIFO,NORMAL,92456200
FIFO,NORMAL,92457500
FIFO,NORMAL,92458600
FIFO,LOW,92459700
FIFO,NORMAL,92460900
FIFO,NORMAL,92462400
FIFO,NORMAL,92463600
FIFO,NORMAL,92464700
FIFO,NORMAL,92466200
FIFO,NORMAL,92467400
FIFO,NORMAL,92468700
FIFO,NORMAL,92469900
FIFO,NORMAL,92471100
FIFO,LOW,92472200
FIFO,NORMAL,92473800
FIFO,NORMAL,92475000
FIFO,NORMAL,92476300
FIFO,NORMAL,92477700
FIFO,NORMAL,92479000
FIFO,NORMAL,92480400
FIFO,NORMAL,92481700
FIFO,NORMAL,92482900
FIFO,NORMAL,92484200
FIFO,LOW,92485500
FIFO,NORMAL,92486800
FIFO,NORMAL,92488100
FIFO,NORMAL,92489300
FIFO,NORMAL,92490600
FIFO,NORMAL,92491700
FIFO,NORMAL,92492600
FIFO,NORMAL,92494000
FIFO,NORMAL,92495000
FIFO,NORMAL,92496400
FIFO,LOW,92497600
FIFO,NORMAL,92496800
FIFO,NORMAL,92498100
FIFO,NORMAL,92499800
FIFO,NORMAL,92501100
FIFO,NORMAL,92504200
FIFO,NORMAL,92507800
FIFO,NORMAL,92541400
FIFO,NORMAL,92547100
FIFO,NORMAL,92550400
FIFO,LOW,92553700
FIFO,NORMAL,92556800
FIFO,NORMAL,92563300
FIFO,NORMAL,92565800
FIFO,NORMAL,92568600
FIFO,NORMAL,92571400
FIFO,NORMAL,92574100
FIFO,NORMAL,92577300
FIFO,NORMAL,92580500
FIFO,NORMAL,92584000
FIFO,CRITICAL,92587100
FIFO,NORMAL,92733000
FIFO,NORMAL,92742700
FIFO,NORMAL,92749000
FIFO,NORMAL,92756100
FIFO,NORMAL,92763700
FIFO,NORMAL,92771000
FIFO,NORMAL,92778000
FIFO,NORMAL,92785100
FIFO,NORMAL,92789800
FIFO,LOW,92796800
FIFO,NORMAL,92803600
FIFO,NORMAL,92811000
FIFO,NORMAL,92818100
FIFO,NORMAL,92824400
FIFO,NORMAL,92829000
FIFO,NORMAL,92835900
FIFO,NORMAL,92843000
FIFO,NORMAL,92850200
FIFO,NORMAL,92855500
FIFO,LOW,92862200
FIFO,NORMAL,92868300
FIFO,NORMAL,92875500
FIFO,NORMAL,92882800
FIFO,NORMAL,92889700
FIFO,NORMAL,92895200
FIFO,NORMAL,92900800
FIFO,NORMAL,92908300
FIFO,NORMAL,92915600
FIFO,NORMAL,92923200
FIFO,LOW,92930600
FIFO,NORMAL,92937000
FIFO,NORMAL,92940600
FIFO,NORMAL,92947800
FIFO,NORMAL,92954800
FIFO,NORMAL,92962000
FIFO,NORMAL,92967500
FIFO,NORMAL,92973800
FIFO,NORMAL,92981100
FIFO,NORMAL,92987900
FIFO,LOW,92995200
FIFO,NORMAL,93007600
FIFO,NORMAL,93014200
FIFO,NORMAL,93026200
FIFO,NORMAL,93033900
FIFO,NORMAL,93040800
FIFO,NORMAL,93047400
FIFO,NORMAL,93054100
FIFO,NORMAL,93061200
FIFO,NORMAL,93067100
FIFO,LOW,93074200
FIFO,NORMAL,93081300
FIFO,NORMAL,93088600
FIFO,NORMAL,93095900
FIFO,NORMAL,93137100
FIFO,NORMAL,93141100
FIFO,NORMAL,93148800
FIFO,NORMAL,93156200
FIFO,NORMAL,93163400
FIFO,NORMAL,93170700
FIFO,LOW,93175800
FIFO,NORMAL,93182900
FIFO,NORMAL,93190000
FIFO,NORMAL,93197400
FIFO,NORMAL,93204000
FIFO,NORMAL,93210600
FIFO,NORMAL,93218400
FIFO,NORMAL,93225900
FIFO,NORMAL,93233400
FIFO,NORMAL,93240600
FIFO,LOW,93247200
FIFO,NORMAL,93254900
FIFO,NORMAL,93261200
FIFO,NORMAL,93267600
FIFO,NORMAL,93274300
FIFO,NORMAL,93281600
FIFO,NORMAL,93288600
FIFO,NORMAL,93295700
FIFO,NORMAL,93303000
FIFO,NORMAL,93310000
FIFO,LOW,93317000
FIFO,NORMAL,93324100
FIFO,NORMAL,93329800
FIFO,NORMAL,93353800
FIFO,NORMAL,93360100
FIFO,NORMAL,93366700
FIFO,NORMAL,93373800
FIFO,NORMAL,93382600
FIFO,NORMAL,93389900
FIFO,NORMAL,93396700
FIFO,LOW,93403700
FIFO,NORMAL,93411100
FIFO,NORMAL,93419200
FIFO,NORMAL,93426300
FIFO,NORMAL,93433300
FIFO,NORMAL,93440800
FIFO,NORMAL,93447500
FIFO,NORMAL,93454800
FIFO,NORMAL,93462000
FIFO,NORMAL,93468700
FIFO,HIGH,93475400
FIFO,NORMAL,93481900
FIFO,NORMAL,93488300
FIFO,NORMAL,93495400
FIFO,NORMAL,93502000
FIFO,NORMAL,93508700
FIFO,NORMAL,93515300
FIFO,NORMAL,93521900
FIFO,NORMAL,93529000
FIFO,NORMAL,93534900
FIFO,LOW,93542200
FIFO,NORMAL,93548700
FIFO,NORMAL,93555400
FIFO,NORMAL,93561900
FIFO,NORMAL,93568900
FIFO,NORMAL,93576400
FIFO,NORMAL,93583400
FIFO,NORMAL,93590200
FIFO,NORMAL,93597000
FIFO,NORMAL,93604300
FIFO,LOW,93610800
FIFO,NORMAL,93617500
FIFO,NORMAL,93624300
FIFO,NORMAL,93631900
FIFO,NORMAL,93639400
FIFO,NORMAL,93646100
FIFO,NORMAL,93651600
FIFO,NORMAL,93658600
FIFO,NORMAL,93665500
FIFO,NORMAL,93672700
FIFO,LOW,93679400
FIFO,NORMAL,93684800
FIFO,NORMAL,93691000
FIFO,NORMAL,93698800
FIFO,NORMAL,93706200
FIFO,NORMAL,93711300
FIFO,NORMAL,93717100
FIFO,NORMAL,93724400
FIFO,NORMAL,93731800
FIFO,NORMAL,93738600
FIFO,LOW,93745900
FIFO,NORMAL,93752500
FIFO,NORMAL,93759300
FIFO,NORMAL,93766700
FIFO,NORMAL,93772700
FIFO,NORMAL,93779200
FIFO,NORMAL,93786000
FIFO,NORMAL,93793000
FIFO,NORMAL,93799800
FIFO,NORMAL,93804100
FIFO,LOW,93811300
FIFO,NORMAL,93818500
FIFO,NORMAL,93825400
FIFO,NORMAL,93829600
FIFO,NORMAL,93836900
FIFO,NORMAL,93846000
FIFO,NORMAL,93718300
FIFO,NORMAL,93724100
FIFO,NORMAL,93731200
FIFO,NORMAL,93738100
FIFO,LOW,93745300
FIFO,NORMAL,93752100
FIFO,NORMAL,93759000
FIFO,NORMAL,93765400
FIFO,NORMAL,93772500
FIFO,NORMAL,93779400
FIFO,NORMAL,93786300
FIFO,NORMAL,93793700
FIFO,NORMAL,93800200
FIFO,NORMAL,93808700
FIFO,LOW,93814700
FIFO,NORMAL,93821600
FIFO,NORMAL,93828600
FIFO,NORMAL,93836000
FIFO,NORMAL,93842100
FIFO,NORMAL,93847800
FIFO,NORMAL,93854300
FIFO,NORMAL,93861300
FIFO,NORMAL,93867400
FIFO,NORMAL,93874500
FIFO,LOW,93881600
FIFO,NORMAL,93888800
FIFO,NORMAL,93895500
FIFO,NORMAL,93900400
FIFO,NORMAL,93907400
FIFO,NORMAL,93914600
FIFO,NORMAL,93919900
FIFO,NORMAL,93924400
FIFO,NORMAL,93931700
FIFO,NORMAL,93939000
FIFO,LOW,93946200
FIFO,NORMAL,93951700
FIFO,NORMAL,93958400
FIFO,NORMAL,93965200
FIFO,NORMAL,93971600
FIFO,NORMAL,93978200
FIFO,NORMAL,93985000
FIFO,NORMAL,93991400
FIFO,NORMAL,93998300
FIFO,NORMAL,94005100
FIFO,HIGH,94012600
FIFO,NORMAL,94019300
FIFO,NORMAL,94025600
FIFO,NORMAL,94032900
FIFO,NORMAL,94040400
FIFO,NORMAL,94047300
FIFO,NORMAL,94055000
FIFO,NORMAL,94060700
FIFO,NORMAL,94067900
FIFO,NORMAL,94075100
FIFO,LOW,94082400
FIFO,NORMAL,94089100
FIFO,NORMAL,94094200
FIFO,NORMAL,94101600
FIFO,NORMAL,94109700
FIFO,NORMAL,94116700
FIFO,NORMAL,94121400
FIFO,NORMAL,94128900
FIFO,NORMAL,94136200
FIFO,NORMAL,94143500
FIFO,LOW,94148600
FIFO,NORMAL,94154500
FIFO,NORMAL,94161300
FIFO,NORMAL,94168200
FIFO,NORMAL,94175600
FIFO,NORMAL,94182600
FIFO,NORMAL,94188800
FIFO,NORMAL,94194800
FIFO,NORMAL,94202100
FIFO,NORMAL,94209400
FIFO,LOW,94216200
FIFO,NORMAL,94222600
FIFO,NORMAL,94229900
FIFO,NORMAL,94237200
FIFO,NORMAL,94242500
FIFO,NORMAL,94249400
FIFO,NORMAL,94256300
FIFO,NORMAL,94260500
FIFO,NORMAL,94267500
FIFO,NORMAL,94274700
FIFO,LOW,94281800
FIFO,NORMAL,94288700
FIFO,NORMAL,94293800
FIFO,NORMAL,94300700
FIFO,NORMAL,94308100
FIFO,NORMAL,94315100
FIFO,NORMAL,94321100
FIFO,NORMAL,94328200
FIFO,NORMAL,94335600
FIFO,NORMAL,94342200
FIFO,LOW,94348300
FIFO,NORMAL,94355000
FIFO,NORMAL,94359500
FIFO,NORMAL,94366500
FIFO,NORMAL,94373400
FIFO,NORMAL,94380500
FIFO,NORMAL,94386100
FIFO,NORMAL,94392400
FIFO,NORMAL,94398800
FIFO,NORMAL,94405700
FIFO,LOW,94412100
FIFO,NORMAL,94419200
FIFO,NORMAL,94426200
FIFO,NORMAL,94435900
FIFO,NORMAL,94442000
FIFO,NORMAL,94447000
FIFO,NORMAL,94453900
FIFO,NORMAL,94461000
FIFO,NORMAL,94467900
FIFO,NORMAL,94474600
FIFO,LOW,94481500
FIFO,NORMAL,94488400
FIFO,NORMAL,94495800
FIFO,NORMAL,94503200
FIFO,NORMAL,94511200
FIFO,NORMAL,94519100
FIFO,NORMAL,94527300
FIFO,NORMAL,94534400
FIFO,NORMAL,94541300
FIFO,NORMAL,94547300
FIFO,LOW,94554900
FIFO,NORMAL,94562600
FIFO,NORMAL,94569900
FIFO,NORMAL,94576100
FIFO,NORMAL,94582000
FIFO,NORMAL,94589000
FIFO,NORMAL,94596700
FIFO,NORMAL,94604000
FIFO,NORMAL,94608400
FIFO,NORMAL,94615500
FIFO,LOW,94623100
FIFO,NORMAL,94630300
FIFO,NORMAL,94636400
FIFO,NORMAL,94642600
FIFO,NORMAL,94650300
FIFO,NORMAL,94657700
FIFO,NORMAL,94664900
FIFO,NORMAL,94671900
FIFO,NORMAL,94679100
FIFO,NORMAL,94686300
FIFO,HIGH,94693900
FIFO,NORMAL,94700400
FIFO,NORMAL,94707200
FIFO,NORMAL,94714900
FIFO,NORMAL,94721800
FIFO,NORMAL,94727500
FIFO,NORMAL,94734600
FIFO,NORMAL,94741900
FIFO,NORMAL,94749500
FIFO,NORMAL,94756600
FIFO,LOW,94760600
FIFO,NORMAL,94768500
FIFO,NORMAL,94775900
FIFO,NORMAL,94783100
FIFO,NORMAL,94788500
FIFO,NORMAL,94795700
FIFO,NORMAL,94802700
FIFO,NORMAL,94809800
FIFO,NORMAL,94814400
FIFO,NORMAL,94821400
FIFO,LOW,94828200
FIFO,NORMAL,94834200
FIFO,NORMAL,94841200
FIFO,NORMAL,94848500
FIFO,NORMAL,94856200
FIFO,NORMAL,94861400
FIFO,NORMAL,94868400
FIFO,NORMAL,94875700
FIFO,NORMAL,94883200
FIFO,NORMAL,94889700
FIFO,LOW,94896500
FIFO,NORMAL,94903100
FIFO,NORMAL,94909500
FIFO,NORMAL,94916600
FIFO,NORMAL,94923800
FIFO,NORMAL,94931100
FIFO,NORMAL,94938200
FIFO,NORMAL,94943500
FIFO,NORMAL,94949400
FIFO,NORMAL,94955500
FIFO,LOW,94962900
FIFO,NORMAL,94970900
FIFO,NORMAL,94978200
FIFO,NORMAL,94985600
FIFO,NORMAL,94993000
FIFO,NORMAL,94997900
FIFO,NORMAL,95004500
FIFO,NORMAL,95011400
FIFO,NORMAL,95018000
FIFO,NORMAL,95025100
FIFO,LOW,95032200
FIFO,NORMAL,95039000
FIFO,NORMAL,95046200
FIFO,NORMAL,95052800
FIFO,NORMAL,95059300
FIFO,NORMAL,95066200
FIFO,NORMAL,95073200
FIFO,NORMAL,95079800
FIFO,NORMAL,95087400
FIFO,NORMAL,95094200
FIFO,LOW,95101300
FIFO,NORMAL,95108600
FIFO,NORMAL,95115200
FIFO,NORMAL,95122900
FIFO,NORMAL,95130300
FIFO,NORMAL,95135800
FIFO,NORMAL,95143200
FIFO,NORMAL,95150100
FIFO,NORMAL,95157400
FIFO,NORMAL,95164400
FIFO,LOW,95170500
FIFO,NORMAL,95177900
FIFO,NORMAL,95184900
FIFO,NORMAL,95191500
FIFO,NORMAL,95198300
FIFO,NORMAL,95205600
FIFO,NORMAL,95213400
FIFO,NORMAL,95224100
FIFO,NORMAL,95230400
FIFO,NORMAL,95238300
FIFO,LOW,95245000
FIFO,NORMAL,95251600
FIFO,NORMAL,95258600
FIFO,NORMAL,95265300
FIFO,NORMAL,95273100
FIFO,NORMAL,95279900
FIFO,NORMAL,95286400
FIFO,NORMAL,95292700
FIFO,NORMAL,95299600
FIFO,NORMAL,95306800
FIFO,LOW,95312200
FIFO,NORMAL,95319100
FIFO,NORMAL,95323700
FIFO,NORMAL,95330900
FIFO,NORMAL,95337900
FIFO,NORMAL,95345000
FIFO,NORMAL,95350000
FIFO,NORMAL,95357400
FIFO,NORMAL,95365000
FIFO,NORMAL,95372800
FIFO,HIGH,95379400
FIFO,NORMAL,95386000
FIFO,NORMAL,95393400
FIFO,NORMAL,95400200
FIFO,NORMAL,95407000
FIFO,NORMAL,95414300
FIFO,NORMAL,95421500
FIFO,NORMAL,95427800
FIFO,NORMAL,95435600
FIFO,NORMAL,95443700
FIFO,LOW,95451000
FIFO,NORMAL,95458000
FIFO,NORMAL,95465000
FIFO,NORMAL,95472100
FIFO,NORMAL,95477800
FIFO,NORMAL,95485200
FIFO,NORMAL,95492400
FIFO,NORMAL,95499600
FIFO,NORMAL,95506600
FIFO,NORMAL,95511800
FIFO,LOW,95519000
FIFO,NORMAL,95526300
FIFO,NORMAL,95533500
FIFO,NORMAL,95540600
FIFO,NORMAL,95547800
FIFO,NORMAL,95559100
FIFO,NORMAL,95566800
FIFO,NORMAL,95572700
FIFO,NORMAL,95579800
FIFO,NORMAL,95586400
FIFO,LOW,95593200
FIFO,NORMAL,95600200
FIFO,NORMAL,95607200
FIFO,NORMAL,95614400
FIFO,NORMAL,95621300
FIFO,NORMAL,95628000
FIFO,NORMAL,95635100
FIFO,NORMAL,95642300
FIFO,NORMAL,95648400
FIFO,NORMAL,95655700
FIFO,LOW,95662900
FIFO,NORMAL,95670200
FIFO,NORMAL,95675400
FIFO,NORMAL,95679300
FIFO,NORMAL,95686500
FIFO,NORMAL,95693800
FIFO,NORMAL,95700800
FIFO,NORMAL,95706300
FIFO,NORMAL,95713400
FIFO,NORMAL,95720600
FIFO,LOW,95728100
FIFO,NORMAL,95733600
FIFO,NORMAL,95739400
FIFO,NORMAL,95746200
FIFO,NORMAL,95753400
FIFO,NORMAL,95761300
FIFO,NORMAL,95768000
FIFO,NORMAL,95773900
FIFO,NORMAL,95780800
FIFO,NORMAL,95788700
FIFO,LOW,95795900
FIFO,NORMAL,95803000
FIFO,NORMAL,95807900
FIFO,NORMAL,95815100
FIFO,NORMAL,95822400
FIFO,NORMAL,95829600
FIFO,NORMAL,95835000
FIFO,NORMAL,95842400
FIFO,NORMAL,95849500
FIFO,NORMAL,95856900
FIFO,LOW,95861900
FIFO,NORMAL,95868400
FIFO,NORMAL,95875400
FIFO,NORMAL,95882400
FIFO,NORMAL,95888500
FIFO,NORMAL,95895400
FIFO,NORMAL,95902600
FIFO,NORMAL,95909500
FIFO,NORMAL,95914800
FIFO,NORMAL,95921500
FIFO,LOW,95927800
FIFO,NORMAL,95934900
FIFO,NORMAL,95942100
FIFO,NORMAL,95948900
FIFO,NORMAL,95955900
FIFO,NORMAL,95960800
FIFO,NORMAL,95967900
FIFO,NORMAL,95975300
FIFO,NORMAL,95982700
FIFO,NORMAL,95987300
FIFO,LOW,95994600
FIFO,NORMAL,96001900
FIFO,NORMAL,96009300
FIFO,NORMAL,96012700
FIFO,NORMAL,96019400
FIFO,NORMAL,96026000
FIFO,NORMAL,96032700
FIFO,NORMAL,96038800
FIFO,NORMAL,96045900
FIFO,NORMAL,96053200
FIFO,HIGH,96060400
FIFO,NORMAL,96065700
FIFO,NORMAL,96071900
FIFO,NORMAL,96078500
FIFO,NORMAL,96085200
FIFO,NORMAL,96092800
FIFO,NORMAL,96100000
FIFO,NORMAL,96107100
FIFO,NORMAL,96113600
FIFO,NORMAL,96118700
FIFO,LOW,96125800
FIFO,NORMAL,96133300
FIFO,NORMAL,96140800
FIFO,NORMAL,96146000
FIFO,NORMAL,96153200
FIFO,NORMAL,96160500
FIFO,NORMAL,96167900
FIFO,NORMAL,96174000
FIFO,NORMAL,96180900
FIFO,NORMAL,96188600
FIFO,LOW,96195200
FIFO,NORMAL,96202700
FIFO,NORMAL,96209700
FIFO,NORMAL,96216300
FIFO,NORMAL,96222200
FIFO,NORMAL,96229100
FIFO,NORMAL,96236000
FIFO,NORMAL,96243400
FIFO,NORMAL,96249800
FIFO,NORMAL,96255600
FIFO,LOW,96261000
FIFO,NORMAL,96268000
FIFO,NORMAL,96275400
FIFO,NORMAL,96282800
FIFO,NORMAL,96288500
FIFO,NORMAL,96294800
FIFO,NORMAL,96301600
FIFO,NORMAL,96308200
FIFO,NORMAL,96315100
FIFO,NORMAL,96322300
FIFO,LOW,96329400
FIFO,NORMAL,96336300
FIFO,NORMAL,96344100
FIFO,NORMAL,96351500
FIFO,NORMAL,96355600
FIFO,NORMAL,96362900
FIFO,NORMAL,96369500
FIFO,NORMAL,96376200
FIFO,NORMAL,96382900
FIFO,NORMAL,96389900
FIFO,LOW,96396800
FIFO,NORMAL,96403900
FIFO,NORMAL,96411200
FIFO,NORMAL,96420200
FIFO,NORMAL,96426700
FIFO,NORMAL,96432400
FIFO,NORMAL,96439900
FIFO,NORMAL,96447600
FIFO,NORMAL,96453400
FIFO,NORMAL,96460500
FIFO,LOW,96467700
FIFO,NORMAL,96475000
FIFO,NORMAL,96481800
FIFO,NORMAL,96487800
FIFO,NORMAL,96494700
FIFO,NORMAL,96501500
FIFO,NORMAL,96508200
FIFO,NORMAL,96513600
FIFO,NORMAL,96520900
FIFO,NORMAL,96527000
FIFO,LOW,96535000
FIFO,NORMAL,96541700
FIFO,NORMAL,96547900
FIFO,NORMAL,96553500
FIFO,NORMAL,96560900
FIFO,NORMAL,96568600
FIFO,NORMAL,96575800
FIFO,NORMAL,96580500
FIFO,NORMAL,96585600
FIFO,NORMAL,96591800
FIFO,LOW,96599000
FIFO,NORMAL,96605500
FIFO,NORMAL,96612500
FIFO,NORMAL,96619900
FIFO,NORMAL,96627100
FIFO,NORMAL,96634000
FIFO,NORMAL,96640500
FIFO,NORMAL,96647800
FIFO,NORMAL,96655000
FIFO,NORMAL,96661800
FIFO,LOW,96668900
FIFO,NORMAL,96675700
FIFO,NORMAL,96682200
FIFO,NORMAL,96689100
FIFO,NORMAL,96696000
FIFO,NORMAL,96701300
FIFO,NORMAL,96708300
FIFO,NORMAL,96715200
FIFO,NORMAL,96722400
FIFO,NORMAL,96729400
FIFO,HIGH,96736800
FIFO,NORMAL,96743400
FIFO,NORMAL,96750400
FIFO,NORMAL,96757800
FIFO,NORMAL,96765100
FIFO,NORMAL,96771500
FIFO,NORMAL,96778400
FIFO,NORMAL,96785900
FIFO,NORMAL,96792600
FIFO,NORMAL,96799900
FIFO,LOW,96806300
FIFO,NORMAL,96813100
FIFO,NORMAL,96820500
FIFO,NORMAL,96826900
FIFO,NORMAL,96834700
FIFO,NORMAL,96842000
FIFO,NORMAL,96849500
FIFO,NORMAL,96857100
FIFO,NORMAL,96864300
FIFO,NORMAL,96872100
FIFO,LOW,96879500
FIFO,NORMAL,96886100
FIFO,NORMAL,96893100
FIFO,NORMAL,96900200
FIFO,NORMAL,96907300
FIFO,NORMAL,96914600
FIFO,NORMAL,96921800
FIFO,NORMAL,96928700
FIFO,NORMAL,96936200
FIFO,NORMAL,96943000
FIFO,LOW,96950300
FIFO,NORMAL,96957600
FIFO,NORMAL,96964700
FIFO,NORMAL,96971800
FIFO,NORMAL,96978700
FIFO,NORMAL,96985800
FIFO,NORMAL,96992500
FIFO,NORMAL,96999700
FIFO,NORMAL,97007500
FIFO,NORMAL,97014300
FIFO,LOW,97021000
FIFO,NORMAL,97028600
FIFO,NORMAL,97035400
FIFO,NORMAL,97042100
FIFO,NORMAL,97048900
FIFO,NORMAL,97056100
FIFO,NORMAL,97061400
FIFO,NORMAL,97068700
FIFO,NORMAL,97076300
FIFO,NORMAL,97083300
FIFO,LOW,97090300
FIFO,NORMAL,97097300
FIFO,NORMAL,97103700
FIFO,NORMAL,97110800
FIFO,NORMAL,97118100
FIFO,NORMAL,97125800
FIFO,NORMAL,97132300
FIFO,NORMAL,97139400
FIFO,NORMAL,97146300
FIFO,NORMAL,97153800
FIFO,LOW,97160600
FIFO,NORMAL,97168000
FIFO,NORMAL,97175300
FIFO,NORMAL,97181700
FIFO,NORMAL,97189000
FIFO,NORMAL,97196600
FIFO,NORMAL,97203700
FIFO,NORMAL,97210800
FIFO,NORMAL,97217900
FIFO,NORMAL,97225400
FIFO,LOW,97232700
FIFO,NORMAL,97240100
FIFO,NORMAL,97247200
FIFO,NORMAL,97254500
FIFO,NORMAL,97261600
FIFO,NORMAL,97268800
FIFO,NORMAL,97276500
FIFO,NORMAL,97283200
FIFO,NORMAL,97290400
FIFO,NORMAL,97298400
FIFO,LOW,97305700
FIFO,NORMAL,97314700
FIFO,NORMAL,97321600
FIFO,NORMAL,97328800
FIFO,NORMAL,97336200
FIFO,NORMAL,97343300
FIFO,NORMAL,97350500
FIFO,NORMAL,97357500
FIFO,NORMAL,97364500
FIFO,NORMAL,97371800
FIFO,LOW,97378700
FIFO,NORMAL,97386200
FIFO,NORMAL,97392700
FIFO,NORMAL,97400300
FIFO,NORMAL,97407300
FIFO,NORMAL,97414000
FIFO,NORMAL,97420600
FIFO,NORMAL,97427800
FIFO,NORMAL,97433300
FIFO,NORMAL,97440100
FIFO,HIGH,97446800
FIFO,NORMAL,97454200
FIFO,NORMAL,97461800
FIFO,NORMAL,97468500
FIFO,NORMAL,97475100
FIFO,NORMAL,97481700
FIFO,NORMAL,97488000
FIFO,NORMAL,97493300
FIFO,NORMAL,97499800
FIFO,NORMAL,97507500
FIFO,LOW,97514000
FIFO,NORMAL,97521600
FIFO,NORMAL,97529000
FIFO,NORMAL,97536300
FIFO,NORMAL,97544000
FIFO,NORMAL,97550600
FIFO,NORMAL,97557900
FIFO,NORMAL,97565400
FIFO,NORMAL,97572700
FIFO,NORMAL,97762500
FIFO,LOW,97770100
FIFO,NORMAL,97777300
FIFO,NORMAL,97783800
FIFO,NORMAL,97788000
FIFO,NORMAL,97795000
FIFO,NORMAL,97801600
FIFO,NORMAL,97808500
FIFO,NORMAL,97815400
FIFO,NORMAL,97821700
FIFO,NORMAL,97828100
FIFO,LOW,97834600
FIFO,NORMAL,97842000
FIFO,NORMAL,97848400
FIFO,NORMAL,97855700
FIFO,NORMAL,97862400
FIFO,NORMAL,97869300
FIFO,NORMAL,97876000
FIFO,NORMAL,97882700
FIFO,NORMAL,97889400
FIFO,NORMAL,97896200
FIFO,LOW,97903000
FIFO,NORMAL,97909800
FIFO,NORMAL,97916600
FIFO,NORMAL,97923700
FIFO,NORMAL,97930600
FIFO,NORMAL,97937600
FIFO,NORMAL,97945100
FIFO,NORMAL,97952000
FIFO,NORMAL,97958800
FIFO,NORMAL,97963700
FIFO,LOW,97970600
FIFO,NORMAL,97977500
FIFO,NORMAL,97984100
FIFO,NORMAL,97990500
FIFO,NORMAL,97997100
FIFO,NORMAL,98004000
FIFO,NORMAL,98010600
FIFO,NORMAL,98015900
FIFO,NORMAL,98020500
FIFO,NORMAL,98026000
FIFO,LOW,98030900
FIFO,NORMAL,98036300
FIFO,NORMAL,98041800
FIFO,NORMAL,98043500
FIFO,NORMAL,98046000
FIFO,NORMAL,98049900
FIFO,NORMAL,98054200
FIFO,NORMAL,98058700
FIFO,NORMAL,98063000
FIFO,NORMAL,98066800
FIFO,LOW,98071200
FIFO,NORMAL,98075800
FIFO,NORMAL,98080300
FIFO,NORMAL,98084600
FIFO,NORMAL,98089400
FIFO,NORMAL,98094900
FIFO,NORMAL,98099300
FIFO,NORMAL,98103700
FIFO,NORMAL,98108200
FIFO,NORMAL,98112700
FIFO,LOW,98117400
FIFO,NORMAL,98122100
FIFO,NORMAL,98124400
FIFO,NORMAL,98122900
FIFO,NORMAL,98128200
FIFO,NORMAL,98134400
FIFO,NORMAL,98141200
FIFO,NORMAL,98147500
FIFO,NORMAL,98154300
FIFO,NORMAL,98161000
FIFO,LOW,98167700
FIFO,NORMAL,98174000
FIFO,NORMAL,98180700
FIFO,NORMAL,98187200
FIFO,NORMAL,98194000
FIFO,NORMAL,98200700
FIFO,NORMAL,98207400
FIFO,NORMAL,98214200
FIFO,NORMAL,98221000
FIFO,NORMAL,98227700
FIFO,HIGH,98232200
FIFO,NORMAL,98238700
FIFO,NORMAL,98245300
FIFO,NORMAL,98252100
FIFO,NORMAL,98258400
FIFO,NORMAL,98264800
FIFO,NORMAL,98271400
FIFO,NORMAL,98278800
FIFO,NORMAL,98285700
FIFO,NORMAL,98294500
FIFO,LOW,98301200
FIFO,NORMAL,98308100
FIFO,NORMAL,98314800
FIFO,NORMAL,98321600
FIFO,NORMAL,98328300
FIFO,NORMAL,98334700
FIFO,NORMAL,98342600
FIFO,NORMAL,98349200
FIFO,NORMAL,98355600
FIFO,NORMAL,98361800
FIFO,LOW,98369100
FIFO,NORMAL,98376000
FIFO,NORMAL,98382300
FIFO,NORMAL,98389300
FIFO,NORMAL,98396100
FIFO,NORMAL,98402900
FIFO,NORMAL,98409400
FIFO,NORMAL,98416200
FIFO,NORMAL,98423000
FIFO,NORMAL,98429600
FIFO,LOW,98436200
FIFO,NORMAL,98442900
FIFO,NORMAL,98449600
FIFO,NORMAL,98456300
FIFO,NORMAL,98463200
FIFO,NORMAL,98469600
FIFO,NORMAL,98476400
FIFO,NORMAL,98483000
FIFO,NORMAL,98489800
FIFO,NORMAL,98496700
FIFO,LOW,98503700
FIFO,NORMAL,98511200
FIFO,NORMAL,98517900
FIFO,NORMAL,98524300
FIFO,NORMAL,98531300
FIFO,NORMAL,98538600
FIFO,NORMAL,98545400
FIFO,NORMAL,98551800
FIFO,NORMAL,98558900
FIFO,NORMAL,98565500
FIFO,LOW,98572700
FIFO,NORMAL,98577800
FIFO,NORMAL,98583800
FIFO,NORMAL,98590000
FIFO,NORMAL,98596400
FIFO,NORMAL,98603200
FIFO,NORMAL,98609600
FIFO,NORMAL,98616300
FIFO,NORMAL,98623200
FIFO,NORMAL,98630500
FIFO,LOW,98637600
FIFO,NORMAL,98643300
FIFO,NORMAL,98650200
FIFO,NORMAL,98656900
FIFO,NORMAL,98663500
FIFO,NORMAL,98670100
FIFO,NORMAL,98676900
FIFO,NORMAL,98683500
FIFO,NORMAL,98690100
FIFO,NORMAL,98696300
FIFO,LOW,98702300
FIFO,NORMAL,98709100
FIFO,NORMAL,98716900
FIFO,NORMAL,98725300
FIFO,NORMAL,98732100
FIFO,NORMAL,98738900
FIFO,NORMAL,98745700
FIFO,NORMAL,98752400
FIFO,NORMAL,98759100
FIFO,NORMAL,98765300
FIFO,LOW,98772700
FIFO,NORMAL,98779400
FIFO,NORMAL,98786400
FIFO,NORMAL,98793000
FIFO,NORMAL,98799500
FIFO,NORMAL,98805800
FIFO,NORMAL,98812700
FIFO,NORMAL,98820000
FIFO,NORMAL,98826600
FIFO,NORMAL,98688700
FIFO,LOW,98695500
FIFO,NORMAL,98702200
FIFO,NORMAL,98709100
FIFO,NORMAL,98716700
FIFO,NORMAL,98723400
FIFO,NORMAL,98729600
FIFO,NORMAL,98736200
FIFO,NORMAL,98742700
FIFO,NORMAL,98749600
FIFO,NORMAL,98756100
FIFO,HIGH,98762500
FIFO,NORMAL,98768900
FIFO,NORMAL,98774300
FIFO,NORMAL,98780800
FIFO,NORMAL,98787300
FIFO,NORMAL,98791600
FIFO,NORMAL,98797700
FIFO,NORMAL,98803900
FIFO,NORMAL,98809900
FIFO,NORMAL,98816700
FIFO,LOW,98820000
FIFO,NORMAL,98823000
FIFO,NORMAL,98829300
FIFO,NORMAL,98835900
FIFO,NORMAL,98840600
FIFO,NORMAL,98845100
FIFO,NORMAL,98856600
FIFO,NORMAL,98861000
FIFO,NORMAL,98864800
FIFO,NORMAL,98868500
FIFO,LOW,98872400
FIFO,NORMAL,98875200
FIFO,NORMAL,98879500
FIFO,NORMAL,98883400
FIFO,NORMAL,98887200
FIFO,NORMAL,98891500
FIFO,NORMAL,98895300
FIFO,NORMAL,98899200
FIFO,NORMAL,98903000
FIFO,NORMAL,98906800
FIFO,LOW,98910700
FIFO,NORMAL,98914500
FIFO,NORMAL,98918400
FIFO,NORMAL,98922300
FIFO,NORMAL,98926200
FIFO,NORMAL,98930200
FIFO,NORMAL,98934000
FIFO,NORMAL,98939900
FIFO,NORMAL,98944000
FIFO,NORMAL,98947700
FIFO,LOW,98951600
FIFO,NORMAL,98955300
FIFO,NORMAL,98959200
FIFO,NORMAL,98963100
FIFO,NORMAL,98966700
FIFO,NORMAL,98970300
FIFO,NORMAL,98974200
FIFO,NORMAL,98978100
FIFO,NORMAL,98981500
FIFO,NORMAL,98985300
FIFO,LOW,98989100
FIFO,NORMAL,98992800
FIFO,NORMAL,98996800
FIFO,NORMAL,98998700
FIFO,NORMAL,99002600
FIFO,NORMAL,99006400
FIFO,NORMAL,99010200
FIFO,NORMAL,99014200
FIFO,NORMAL,99018100
FIFO,NORMAL,99022100
FIFO,LOW,99026100
FIFO,NORMAL,99029900
FIFO,NORMAL,99033800
FIFO,NORMAL,99037700
FIFO,NORMAL,99041700
FIFO,NORMAL,99045500
FIFO,NORMAL,99049300
FIFO,NORMAL,99053300
FIFO,NORMAL,99057900
FIFO,NORMAL,99061700
FIFO,LOW,99065600
FIFO,NORMAL,99069500
FIFO,NORMAL,99073400
FIFO,NORMAL,99077100
FIFO,NORMAL,99080900
FIFO,NORMAL,99084700
FIFO,NORMAL,99088200
FIFO,NORMAL,99092100
FIFO,NORMAL,99095900
FIFO,NORMAL,99099600
FIFO,LOW,99103300
FIFO,NORMAL,99107200
FIFO,NORMAL,99111100
FIFO,NORMAL,99114800
FIFO,NORMAL,99118600
FIFO,NORMAL,99122300
FIFO,NORMAL,99125900
FIFO,NORMAL,99129600
FIFO,NORMAL,99133300
FIFO,NORMAL,99136900
FIFO,LOW,99140200
FIFO,NORMAL,99143900
FIFO,NORMAL,99147300
FIFO,NORMAL,99151000
FIFO,NORMAL,99154700
FIFO,NORMAL,99158300
FIFO,NORMAL,99162200
FIFO,NORMAL,99165700
FIFO,NORMAL,99168400
FIFO,NORMAL,99046900
PRIORITY,CRITICAL,233881700
PRIORITY,CRITICAL,230304600
PRIORITY,CRITICAL,227208700
PRIORITY,CRITICAL,224084100
PRIORITY,CRITICAL,221009900
PRIORITY,CRITICAL,217874600
PRIORITY,CRITICAL,211998800
PRIORITY,CRITICAL,201260700
PRIORITY,CRITICAL,197499900
PRIORITY,CRITICAL,191443700
PRIORITY,HIGH,233529600
PRIORITY,HIGH,233188000
PRIORITY,HIGH,232851200
PRIORITY,HIGH,232528900
PRIORITY,HIGH,232179200
PRIORITY,HIGH,231640300
PRIORITY,HIGH,231318900
PRIORITY,HIGH,231021200
PRIORITY,HIGH,230690800
PRIORITY,HIGH,230083000
PRIORITY,HIGH,229787600
PRIORITY,HIGH,229477000
PRIORITY,HIGH,229168200
PRIORITY,HIGH,228857600
PRIORITY,HIGH,228583000
PRIORITY,HIGH,228215300
PRIORITY,HIGH,227940700
PRIORITY,HIGH,227665400
PRIORITY,HIGH,226949200
PRIORITY,HIGH,226674500
PRIORITY,HIGH,226400100
PRIORITY,HIGH,226088300
PRIORITY,HIGH,225735200
PRIORITY,HIGH,225460800
PRIORITY,HIGH,225144500
PRIORITY,HIGH,224869000
PRIORITY,HIGH,224526400
PRIORITY,HIGH,223901100
PRIORITY,HIGH,223625200
PRIORITY,HIGH,223206900
PRIORITY,HIGH,222934500
PRIORITY,HIGH,222660600
PRIORITY,HIGH,222387300
PRIORITY,HIGH,222112400
PRIORITY,HIGH,221770100
PRIORITY,HIGH,221493300
PRIORITY,HIGH,220935300
PRIORITY,HIGH,220525200
PRIORITY,HIGH,220249000
PRIORITY,HIGH,219904600
PRIORITY,HIGH,219629000
PRIORITY,HIGH,219354200
PRIORITY,HIGH,219080200
PRIORITY,HIGH,218804400
PRIORITY,HIGH,218529700
PRIORITY,HIGH,217773600
PRIORITY,HIGH,217498100
PRIORITY,HIGH,217222500
PRIORITY,HIGH,216946400
PRIORITY,HIGH,216581700
PRIORITY,HIGH,215985800
PRIORITY,HIGH,215309200
PRIORITY,HIGH,213807900
PRIORITY,HIGH,213050000
PRIORITY,HIGH,211492800
PRIORITY,HIGH,210732900
PRIORITY,HIGH,209861800
PRIORITY,HIGH,209019000
PRIORITY,HIGH,204598200
PRIORITY,HIGH,203949200
PRIORITY,HIGH,203148400
PRIORITY,HIGH,202547200
PRIORITY,HIGH,202045000
PRIORITY,HIGH,201305000
PRIORITY,HIGH,200894200
PRIORITY,HIGH,200614600
PRIORITY,HIGH,200336100
PRIORITY,HIGH,199929500
PRIORITY,HIGH,199655500
PRIORITY,HIGH,199383100
PRIORITY,HIGH,198907400
PRIORITY,HIGH,198471100
PRIORITY,HIGH,197431300
PRIORITY,HIGH,196266800
PRIORITY,HIGH,195625000
PRIORITY,HIGH,194839200
PRIORITY,HIGH,194235900
PRIORITY,HIGH,193793800
PRIORITY,HIGH,193282500
PRIORITY,HIGH,192726200
PRIORITY,HIGH,192254400
PRIORITY,HIGH,191631500
PRIORITY,HIGH,191212800
PRIORITY,HIGH,190937500
PRIORITY,HIGH,190823600
PRIORITY,HIGH,190549500
PRIORITY,HIGH,190272200
PRIORITY,HIGH,189995600
PRIORITY,HIGH,189644500
PRIORITY,HIGH,189223800
PRIORITY,NORMAL,234554000
PRIORITY,NORMAL,234555300
PRIORITY,NORMAL,234684500
PRIORITY,NORMAL,234704600
PRIORITY,NORMAL,236909400
PRIORITY,NORMAL,236913000
PRIORITY,NORMAL,236915300
PRIORITY,NORMAL,236910200
PRIORITY,NORMAL,236912100
PRIORITY,NORMAL,236911000
PRIORITY,NORMAL,236913300
PRIORITY,NORMAL,236915300
PRIORITY,NORMAL,236917200
PRIORITY,NORMAL,236919100
PRIORITY,NORMAL,236920800
PRIORITY,NORMAL,236922800
PRIORITY,NORMAL,236924800
PRIORITY,NORMAL,236926600
PRIORITY,NORMAL,236926400
PRIORITY,NORMAL,236927700
PRIORITY,NORMAL,236931200
PRIORITY,NORMAL,236933000
PRIORITY,NORMAL,236936100
PRIORITY,NORMAL,236938000
PRIORITY,NORMAL,236940900
PRIORITY,NORMAL,236943500
PRIORITY,NORMAL,236945700
PRIORITY,NORMAL,236945100
PRIORITY,NORMAL,236944500
PRIORITY,NORMAL,236928600
PRIORITY,NORMAL,236930900
PRIORITY,NORMAL,236933200
PRIORITY,NORMAL,236935000
PRIORITY,NORMAL,236932100
PRIORITY,NORMAL,236934000
PRIORITY,NORMAL,236936100
PRIORITY,NORMAL,236935300
PRIORITY,NORMAL,237231900
PRIORITY,NORMAL,237285900
PRIORITY,NORMAL,237288200
PRIORITY,NORMAL,237290200
PRIORITY,NORMAL,237291800
PRIORITY,NORMAL,237296200
PRIORITY,NORMAL,237298000
PRIORITY,NORMAL,237299800
PRIORITY,NORMAL,237298900
PRIORITY,NORMAL,237301400
PRIORITY,NORMAL,237303800
PRIORITY,NORMAL,237305600
PRIORITY,NORMAL,237307100
PRIORITY,NORMAL,237309000
PRIORITY,NORMAL,237311100
PRIORITY,NORMAL,237301300
PRIORITY,NORMAL,237929200
PRIORITY,NORMAL,237931900
PRIORITY,NORMAL,237935800
PRIORITY,NORMAL,237939200
PRIORITY,NORMAL,237944100
PRIORITY,NORMAL,237947500
PRIORITY,NORMAL,237951600
PRIORITY,NORMAL,237955700
PRIORITY,NORMAL,237957300
PRIORITY,NORMAL,237961600
PRIORITY,NORMAL,237962300
PRIORITY,NORMAL,237966600
PRIORITY,NORMAL,237970500
PRIORITY,NORMAL,237972300
PRIORITY,NORMAL,237975900
PRIORITY,NORMAL,237979900
PRIORITY,NORMAL,237983800
PRIORITY,NORMAL,237983500
PRIORITY,NORMAL,237985700
PRIORITY,NORMAL,237984500
PRIORITY,NORMAL,237985900
PRIORITY,NORMAL,237971300
PRIORITY,NORMAL,237972600
PRIORITY,NORMAL,237973900
PRIORITY,NORMAL,237975600
PRIORITY,NORMAL,237977000
PRIORITY,NORMAL,237978600
PRIORITY,NORMAL,237979900
PRIORITY,NORMAL,237978700
PRIORITY,NORMAL,237980300
PRIORITY,NORMAL,237982100
PRIORITY,NORMAL,237983900
PRIORITY,NORMAL,237988900
PRIORITY,NORMAL,237993300
PRIORITY,NORMAL,237998400
PRIORITY,NORMAL,238004400
PRIORITY,NORMAL,238010700
PRIORITY,NORMAL,238015300
PRIORITY,NORMAL,238020800
PRIORITY,NORMAL,238026100
PRIORITY,NORMAL,238355700
PRIORITY,NORMAL,238453500
PRIORITY,NORMAL,238457600
PRIORITY,NORMAL,238459200
PRIORITY,NORMAL,238456700
PRIORITY,NORMAL,238458400
PRIORITY,NORMAL,238457800
PRIORITY,NORMAL,238459500
PRIORITY,NORMAL,238461300
PRIORITY,NORMAL,238462500
PRIORITY,NORMAL,238463900
PRIORITY,NORMAL,238465300
PRIORITY,NORMAL,238466800
PRIORITY,NORMAL,238468100
PRIORITY,NORMAL,238456000
PRIORITY,NORMAL,238454600
PRIORITY,NORMAL,238456200
PRIORITY,NORMAL,238457700
PRIORITY,NORMAL,238459600
PRIORITY,NORMAL,238461500
PRIORITY,NORMAL,238463000
PRIORITY,NORMAL,238464700
PRIORITY,NORMAL,238466000
PRIORITY,NORMAL,238467300
PRIORITY,NORMAL,238465700
PRIORITY,NORMAL,238466900
PRIORITY,NORMAL,238461800
PRIORITY,NORMAL,238463200
PRIORITY,NORMAL,238464200
PRIORITY,NORMAL,238465600
PRIORITY,NORMAL,238467500
PRIORITY,NORMAL,238470000
PRIORITY,NORMAL,238471500
PRIORITY,NORMAL,238469800
PRIORITY,NORMAL,238472600
PRIORITY,NORMAL,238476500
PRIORITY,NORMAL,238478400
PRIORITY,NORMAL,238480100
PRIORITY,NORMAL,238481200
PRIORITY,NORMAL,238482600
PRIORITY,NORMAL,238486300
PRIORITY,NORMAL,238488800
PRIORITY,NORMAL,238490100
PRIORITY,NORMAL,238493800
PRIORITY,NORMAL,238497000
PRIORITY,NORMAL,238499700
PRIORITY,NORMAL,238503600
PRIORITY,NORMAL,238506000
PRIORITY,NORMAL,238509400
PRIORITY,NORMAL,238497600
PRIORITY,NORMAL,238502500
PRIORITY,NORMAL,238499800
PRIORITY,NORMAL,238502500
PRIORITY,NORMAL,238505600
PRIORITY,NORMAL,238507400
PRIORITY,NORMAL,238511900
PRIORITY,NORMAL,238513900
PRIORITY,NORMAL,238516800
PRIORITY,NORMAL,238519100
PRIORITY,NORMAL,238522000
PRIORITY,NORMAL,238522800
PRIORITY,NORMAL,238526800
PRIORITY,NORMAL,238527600
PRIORITY,NORMAL,238530600
PRIORITY,NORMAL,238533500
PRIORITY,NORMAL,238537500
PRIORITY,NORMAL,238539000
PRIORITY,NORMAL,238541000
PRIORITY,NORMAL,238542500
PRIORITY,NORMAL,238541500
PRIORITY,NORMAL,238542900
PRIORITY,NORMAL,238532100
PRIORITY,NORMAL,238534800
PRIORITY,NORMAL,238539100
PRIORITY,NORMAL,238543900
PRIORITY,NORMAL,238545500
PRIORITY,NORMAL,238550600
PRIORITY,NORMAL,238552500
PRIORITY,NORMAL,238553200
PRIORITY,NORMAL,238555600
PRIORITY,NORMAL,238557800
PRIORITY,NORMAL,238559100
PRIORITY,NORMAL,238561000
PRIORITY,NORMAL,238563200
PRIORITY,NORMAL,238566100
PRIORITY,NORMAL,238567500
PRIORITY,NORMAL,238570000
PRIORITY,NORMAL,238566200
PRIORITY,NORMAL,238570700
PRIORITY,NORMAL,238572800
PRIORITY,NORMAL,238574100
PRIORITY,NORMAL,238576700
PRIORITY,NORMAL,238579600
PRIORITY,NORMAL,238582800
PRIORITY,NORMAL,238587300
PRIORITY,NORMAL,238593200
PRIORITY,NORMAL,238598000
PRIORITY,NORMAL,238600200
PRIORITY,NORMAL,238602600
PRIORITY,NORMAL,238605400
PRIORITY,NORMAL,238606800
PRIORITY,NORMAL,238608100
PRIORITY,NORMAL,238612800
PRIORITY,NORMAL,238618400
PRIORITY,NORMAL,238624500
PRIORITY,NORMAL,238624100
PRIORITY,NORMAL,238628000
PRIORITY,NORMAL,238629600
PRIORITY,NORMAL,238636700
PRIORITY,NORMAL,238638700
PRIORITY,NORMAL,238642300
PRIORITY,NORMAL,238644100
PRIORITY,NORMAL,238648900
PRIORITY,NORMAL,238651400
PRIORITY,NORMAL,238650400
PRIORITY,NORMAL,238659100
PRIORITY,NORMAL,238663600
PRIORITY,NORMAL,238648100
PRIORITY,NORMAL,238650200
PRIORITY,NORMAL,238656300
PRIORITY,NORMAL,238662600
PRIORITY,NORMAL,238668900
PRIORITY,NORMAL,238675500
PRIORITY,NORMAL,238678400
PRIORITY,NORMAL,238676200
PRIORITY,NORMAL,238682800
PRIORITY,NORMAL,238685500
PRIORITY,NORMAL,238686700
PRIORITY,NORMAL,238689800
PRIORITY,NORMAL,238691500
PRIORITY,NORMAL,238694300
PRIORITY,NORMAL,238698800
PRIORITY,NORMAL,238700100
PRIORITY,NORMAL,238702600
PRIORITY,NORMAL,238707000
PRIORITY,NORMAL,238711400
PRIORITY,NORMAL,238713700
PRIORITY,NORMAL,238717100
PRIORITY,NORMAL,238719900
PRIORITY,NORMAL,238724000
PRIORITY,NORMAL,238727800
PRIORITY,NORMAL,238728900
PRIORITY,NORMAL,238731700
PRIORITY,NORMAL,238735600
PRIORITY,NORMAL,238738900
PRIORITY,NORMAL,238741300
PRIORITY,NORMAL,238744000
PRIORITY,NORMAL,238746300
PRIORITY,NORMAL,238749600
PRIORITY,NORMAL,238751300
PRIORITY,NORMAL,238751900
PRIORITY,NORMAL,238754400
PRIORITY,NORMAL,238756500
PRIORITY,NORMAL,238760400
PRIORITY,NORMAL,238763700
PRIORITY,NORMAL,238765600
PRIORITY,NORMAL,238766900
PRIORITY,NORMAL,238769400
PRIORITY,NORMAL,238771900
PRIORITY,NORMAL,238771500
PRIORITY,NORMAL,238773600
PRIORITY,NORMAL,238762100
PRIORITY,NORMAL,238751000
PRIORITY,NORMAL,238753600
PRIORITY,NORMAL,238757400
PRIORITY,NORMAL,238759800
PRIORITY,NORMAL,238763000
PRIORITY,NORMAL,238768800
PRIORITY,NORMAL,238771200
PRIORITY,NORMAL,238777200
PRIORITY,NORMAL,238781200
PRIORITY,NORMAL,238783700
PRIORITY,NORMAL,238788600
PRIORITY,NORMAL,238792300
PRIORITY,NORMAL,238794900
PRIORITY,NORMAL,238800200
PRIORITY,NORMAL,238806500
PRIORITY,NORMAL,238810700
PRIORITY,NORMAL,238815100
PRIORITY,NORMAL,238819800
PRIORITY,NORMAL,238822300
PRIORITY,NORMAL,238823500
PRIORITY,NORMAL,238826100
PRIORITY,NORMAL,238828100
PRIORITY,NORMAL,238830300
PRIORITY,NORMAL,238963400
PRIORITY,NORMAL,238967200
PRIORITY,NORMAL,238971500
PRIORITY,NORMAL,238975500
PRIORITY,NORMAL,238979700
PRIORITY,NORMAL,238983700
PRIORITY,NORMAL,238988300
PRIORITY,NORMAL,238992600
PRIORITY,NORMAL,238996900
PRIORITY,NORMAL,239001500
PRIORITY,NORMAL,239003200
PRIORITY,NORMAL,239007500
PRIORITY,NORMAL,239010800
PRIORITY,NORMAL,239003600
PRIORITY,NORMAL,239005100
PRIORITY,NORMAL,239006400
PRIORITY,NORMAL,239007900
PRIORITY,NORMAL,239009200
PRIORITY,NORMAL,239011200
PRIORITY,NORMAL,239009900
PRIORITY,NORMAL,239011500
PRIORITY,NORMAL,239012800
PRIORITY,NORMAL,239013600
PRIORITY,NORMAL,238998700
PRIORITY,NORMAL,238998600
PRIORITY,NORMAL,239000100
PRIORITY,NORMAL,239003800
PRIORITY,NORMAL,239005100
PRIORITY,NORMAL,239005200
PRIORITY,NORMAL,239007000
PRIORITY,NORMAL,239010100
PRIORITY,NORMAL,239014000
PRIORITY,NORMAL,239016900
PRIORITY,NORMAL,239020300
PRIORITY,NORMAL,239022200
PRIORITY,NORMAL,239024100
PRIORITY,NORMAL,239025800
PRIORITY,NORMAL,239025100
PRIORITY,NORMAL,239028100
PRIORITY,NORMAL,239030300
PRIORITY,NORMAL,239032400
PRIORITY,NORMAL,239034700
PRIORITY,NORMAL,239036800
PRIORITY,NORMAL,239038800
PRIORITY,NORMAL,239041200
PRIORITY,NORMAL,239043200
PRIORITY,NORMAL,239042600
PRIORITY,NORMAL,239044600
PRIORITY,NORMAL,239046200
PRIORITY,NORMAL,239048300
PRIORITY,NORMAL,239050200
PRIORITY,NORMAL,239054100
PRIORITY,NORMAL,239056000
PRIORITY,NORMAL,239058100
PRIORITY,NORMAL,239060100
PRIORITY,NORMAL,239059000
PRIORITY,NORMAL,239060900
PRIORITY,NORMAL,239063100
PRIORITY,NORMAL,239083500
PRIORITY,NORMAL,239086200
PRIORITY,NORMAL,239088200
PRIORITY,NORMAL,239090400
PRIORITY,NORMAL,239092700
PRIORITY,NORMAL,239094800
PRIORITY,NORMAL,239095000
PRIORITY,NORMAL,239097900
PRIORITY,NORMAL,239100000
PRIORITY,NORMAL,239101700
PRIORITY,NORMAL,239088400
PRIORITY,NORMAL,239091000
PRIORITY,NORMAL,239093500
PRIORITY,NORMAL,239095500
PRIORITY,NORMAL,239097200
PRIORITY,NORMAL,239096300
PRIORITY,NORMAL,239098200
PRIORITY,NORMAL,239100300
PRIORITY,NORMAL,239103700
PRIORITY,NORMAL,239105800
PRIORITY,NORMAL,239107300
PRIORITY,NORMAL,239109100
PRIORITY,NORMAL,239110900
PRIORITY,NORMAL,239112600
PRIORITY,NORMAL,239112700
PRIORITY,NORMAL,239116600
PRIORITY,NORMAL,239121600
PRIORITY,NORMAL,239125700
PRIORITY,NORMAL,239129700
PRIORITY,NORMAL,239134100
PRIORITY,NORMAL,239138800
PRIORITY,NORMAL,239135500
PRIORITY,NORMAL,239139500
PRIORITY,NORMAL,239140900
PRIORITY,NORMAL,239145100
PRIORITY,NORMAL,239149200
PRIORITY,NORMAL,239153600
PRIORITY,NORMAL,239157900
PRIORITY,NORMAL,239162300
PRIORITY,NORMAL,239166600
PRIORITY,NORMAL,239171100
PRIORITY,NORMAL,239173300
PRIORITY,NORMAL,239171900
PRIORITY,NORMAL,239173600
PRIORITY,NORMAL,239175400
PRIORITY,NORMAL,239176700
PRIORITY,NORMAL,239178200
PRIORITY,NORMAL,239180400
PRIORITY,NORMAL,239182100
PRIORITY,NORMAL,239184700
PRIORITY,NORMAL,239187300
PRIORITY,NORMAL,239186100
PRIORITY,NORMAL,239187500
PRIORITY,NORMAL,239189300
PRIORITY,NORMAL,239191500
PRIORITY,NORMAL,239192700
PRIORITY,NORMAL,239170500
PRIORITY,NORMAL,239173700
PRIORITY,NORMAL,239174100
PRIORITY,NORMAL,239176000
PRIORITY,NORMAL,239175100
PRIORITY,NORMAL,239179600
PRIORITY,NORMAL,239184300
PRIORITY,NORMAL,239188600
PRIORITY,NORMAL,239193000
PRIORITY,NORMAL,239198100
PRIORITY,NORMAL,239202100
PRIORITY,NORMAL,239206300
PRIORITY,NORMAL,239210700
PRIORITY,NORMAL,239212100
PRIORITY,NORMAL,239217200
PRIORITY,NORMAL,239221900
PRIORITY,NORMAL,239226300
PRIORITY,NORMAL,239229100
PRIORITY,NORMAL,239231000
PRIORITY,NORMAL,239232800
PRIORITY,NORMAL,239234500
PRIORITY,NORMAL,239236100
PRIORITY,NORMAL,239234900
PRIORITY,NORMAL,239236900
PRIORITY,NORMAL,239238700
PRIORITY,NORMAL,239240200
PRIORITY,NORMAL,239242700
PRIORITY,NORMAL,239244900
PRIORITY,NORMAL,239247000
PRIORITY,NORMAL,239249000
PRIORITY,NORMAL,239252500
PRIORITY,NORMAL,239252000
PRIORITY,NORMAL,239253800
PRIORITY,NORMAL,239255900
PRIORITY,NORMAL,239257500
PRIORITY,NORMAL,239259100
PRIORITY,NORMAL,239261300
PRIORITY,NORMAL,239263100
PRIORITY,NORMAL,239265000
PRIORITY,NORMAL,239267400
PRIORITY,NORMAL,239266600
PRIORITY,NORMAL,239270200
PRIORITY,NORMAL,239272000
PRIORITY,NORMAL,239274000
PRIORITY,NORMAL,239275800
PRIORITY,NORMAL,239277700
PRIORITY,NORMAL,239279400
PRIORITY,NORMAL,239282400
PRIORITY,NORMAL,239282800
PRIORITY,NORMAL,239282100
PRIORITY,NORMAL,239267100
PRIORITY,NORMAL,239267400
PRIORITY,NORMAL,239268200
PRIORITY,NORMAL,239258900
PRIORITY,NORMAL,239259100
PRIORITY,NORMAL,239259500
PRIORITY,NORMAL,239262600
PRIORITY,NORMAL,239266200
PRIORITY,NORMAL,239265500
PRIORITY,NORMAL,239268800
PRIORITY,NORMAL,239272200
PRIORITY,NORMAL,239275300
PRIORITY,NORMAL,239278400
PRIORITY,NORMAL,239282300
PRIORITY,NORMAL,239286100
PRIORITY,NORMAL,239288700
PRIORITY,NORMAL,239292800
PRIORITY,NORMAL,239291100
PRIORITY,NORMAL,239293100
PRIORITY,NORMAL,239293900
PRIORITY,NORMAL,239295600
PRIORITY,NORMAL,239297100
PRIORITY,NORMAL,239298700
PRIORITY,NORMAL,239300000
PRIORITY,NORMAL,239302500
PRIORITY,NORMAL,239304300
PRIORITY,NORMAL,239301000
PRIORITY,NORMAL,239301300
PRIORITY,NORMAL,239302300
PRIORITY,NORMAL,239302800
PRIORITY,NORMAL,239304500
PRIORITY,NORMAL,239306200
PRIORITY,NORMAL,239306800
PRIORITY,NORMAL,239296300
PRIORITY,NORMAL,239297000
PRIORITY,NORMAL,239286500
PRIORITY,NORMAL,239285000
PRIORITY,NORMAL,239287800
PRIORITY,NORMAL,239286200
PRIORITY,NORMAL,239285400
PRIORITY,NORMAL,239283400
PRIORITY,NORMAL,239250600
PRIORITY,NORMAL,239250700
PRIORITY,NORMAL,239250800
PRIORITY,NORMAL,239243800
PRIORITY,NORMAL,239245100
PRIORITY,NORMAL,239245000
PRIORITY,NORMAL,239245200
PRIORITY,NORMAL,239244900
PRIORITY,NORMAL,239244600
PRIORITY,NORMAL,239244600
PRIORITY,NORMAL,239244900
PRIORITY,NORMAL,239246600
PRIORITY,NORMAL,239244300
PRIORITY,NORMAL,239240900
PRIORITY,NORMAL,239237900
PRIORITY,NORMAL,239234600
PRIORITY,NORMAL,239231100
PRIORITY,NORMAL,239228600
PRIORITY,NORMAL,239224600
PRIORITY,NORMAL,239221300
PRIORITY,NORMAL,239217900
PRIORITY,NORMAL,239204300
PRIORITY,NORMAL,239201400
PRIORITY,NORMAL,239199300
PRIORITY,NORMAL,239198500
PRIORITY,NORMAL,239197300
PRIORITY,NORMAL,239196100
PRIORITY,NORMAL,239196600
PRIORITY,NORMAL,239195000
PRIORITY,NORMAL,239194200
PRIORITY,NORMAL,239193900
PRIORITY,NORMAL,239196200
PRIORITY,NORMAL,239194800
PRIORITY,NORMAL,239191700
PRIORITY,NORMAL,239195600
PRIORITY,NORMAL,239183000
PRIORITY,NORMAL,239184100
PRIORITY,NORMAL,239185800
PRIORITY,NORMAL,239187400
PRIORITY,NORMAL,239186300
PRIORITY,NORMAL,239188000
PRIORITY,NORMAL,239190000
PRIORITY,NORMAL,239192300
PRIORITY,NORMAL,239194100
PRIORITY,NORMAL,239195900
PRIORITY,NORMAL,239197900
PRIORITY,NORMAL,239201200
PRIORITY,NORMAL,239203800
PRIORITY,NORMAL,239201100
PRIORITY,NORMAL,239203000
PRIORITY,NORMAL,239204900
PRIORITY,NORMAL,239209100
PRIORITY,NORMAL,239213500
PRIORITY,NORMAL,239218100
PRIORITY,NORMAL,239222900
PRIORITY,NORMAL,239227500
PRIORITY,NORMAL,239231700
PRIORITY,NORMAL,239233000
PRIORITY,NORMAL,239237400
PRIORITY,NORMAL,239241900
PRIORITY,NORMAL,239246300
PRIORITY,NORMAL,239249600
PRIORITY,NORMAL,239250900
PRIORITY,NORMAL,239252500
PRIORITY,NORMAL,239254100
PRIORITY,NORMAL,239255800
PRIORITY,NORMAL,239254900
PRIORITY,NORMAL,239256900
PRIORITY,NORMAL,239258600
PRIORITY,NORMAL,239260400
PRIORITY,NORMAL,239262900
PRIORITY,NORMAL,239265800
PRIORITY,NORMAL,239267900
PRIORITY,NORMAL,239270000
PRIORITY,NORMAL,239272000
PRIORITY,NORMAL,239271000
PRIORITY,NORMAL,239272700
PRIORITY,NORMAL,239274500
PRIORITY,NORMAL,239276300
PRIORITY,NORMAL,239278200
PRIORITY,NORMAL,239281800
PRIORITY,NORMAL,239283800
PRIORITY,NORMAL,239286100
PRIORITY,NORMAL,239288200
PRIORITY,NORMAL,239288100
PRIORITY,NORMAL,239290400
PRIORITY,NORMAL,239292400
PRIORITY,NORMAL,239294400
PRIORITY,NORMAL,239296500
PRIORITY,NORMAL,239298600
PRIORITY,NORMAL,239300400
PRIORITY,NORMAL,239301100
PRIORITY,NORMAL,239280100
PRIORITY,NORMAL,239279000
PRIORITY,NORMAL,239281200
PRIORITY,NORMAL,239285500
PRIORITY,NORMAL,239289900
PRIORITY,NORMAL,239294400
PRIORITY,NORMAL,239298800
PRIORITY,NORMAL,239302900
PRIORITY,NORMAL,239307200
PRIORITY,NORMAL,239311500
PRIORITY,NORMAL,239313300
PRIORITY,NORMAL,239317800
PRIORITY,NORMAL,239322200
PRIORITY,NORMAL,239325300
PRIORITY,NORMAL,239326700
PRIORITY,NORMAL,239328400
PRIORITY,NORMAL,239330700
PRIORITY,NORMAL,239332600
PRIORITY,NORMAL,239336100
PRIORITY,NORMAL,239314000
PRIORITY,NORMAL,239316000
PRIORITY,NORMAL,239317900
PRIORITY,NORMAL,239319800
PRIORITY,NORMAL,239322400
PRIORITY,NORMAL,239324500
PRIORITY,NORMAL,239327800
PRIORITY,NORMAL,239330100
PRIORITY,NORMAL,239332200
PRIORITY,NORMAL,239331500
PRIORITY,NORMAL,239333500
PRIORITY,NORMAL,239336300
PRIORITY,NORMAL,239339200
PRIORITY,NORMAL,239341800
PRIORITY,NORMAL,239343900
PRIORITY,NORMAL,239346100
PRIORITY,NORMAL,239348300
PRIORITY,NORMAL,239350400
PRIORITY,NORMAL,239349500
PRIORITY,NORMAL,239352200
PRIORITY,NORMAL,239355100
PRIORITY,NORMAL,239357400
PRIORITY,NORMAL,239359600
PRIORITY,NORMAL,239361900
PRIORITY,NORMAL,239363800
PRIORITY,NORMAL,239365900
PRIORITY,NORMAL,239368000
PRIORITY,NORMAL,239368100
PRIORITY,NORMAL,239371000
PRIORITY,NORMAL,239371100
PRIORITY,NORMAL,239373300
PRIORITY,NORMAL,239376300
PRIORITY,NORMAL,239378500
PRIORITY,NORMAL,239380800
PRIORITY,NORMAL,239383000
PRIORITY,NORMAL,239384900
PRIORITY,NORMAL,239384000
PRIORITY,NORMAL,239385800
PRIORITY,NORMAL,239389200
PRIORITY,NORMAL,239393300
PRIORITY,NORMAL,239397400
PRIORITY,NORMAL,239401800
PRIORITY,NORMAL,239406000
PRIORITY,NORMAL,239410200
PRIORITY,NORMAL,239414100
PRIORITY,NORMAL,239415500
PRIORITY,NORMAL,239419700
PRIORITY,NORMAL,239424000
PRIORITY,NORMAL,239428200
PRIORITY,NORMAL,239431400
PRIORITY,NORMAL,239432800
PRIORITY,NORMAL,239434400
PRIORITY,NORMAL,239435700
PRIORITY,NORMAL,239437500
PRIORITY,NORMAL,239436700
PRIORITY,NORMAL,239439200
PRIORITY,NORMAL,239441000
PRIORITY,NORMAL,239443300
PRIORITY,NORMAL,239446800
PRIORITY,NORMAL,239448900
PRIORITY,NORMAL,239450900
PRIORITY,NORMAL,239452800
PRIORITY,NORMAL,239454900
PRIORITY,NORMAL,239454000
PRIORITY,NORMAL,239458000
PRIORITY,NORMAL,239462200
PRIORITY,NORMAL,239467000
PRIORITY,NORMAL,239471500
PRIORITY,NORMAL,239475500
PRIORITY,NORMAL,239479900
PRIORITY,NORMAL,239484200
PRIORITY,NORMAL,239488600
PRIORITY,NORMAL,239468200
PRIORITY,NORMAL,239472700
PRIORITY,NORMAL,239475500
PRIORITY,NORMAL,239475000
PRIORITY,NORMAL,239476800
PRIORITY,NORMAL,239478600
PRIORITY,NORMAL,239480400
PRIORITY,NORMAL,239482300
PRIORITY,NORMAL,239484100
PRIORITY,NORMAL,239484100
PRIORITY,NORMAL,239486600
PRIORITY,NORMAL,239488700
PRIORITY,NORMAL,239490900
PRIORITY,NORMAL,239493000
PRIORITY,NORMAL,239495000
PRIORITY,NORMAL,239497100
PRIORITY,NORMAL,239498700
PRIORITY,NORMAL,239501000
PRIORITY,NORMAL,239499700
PRIORITY,NORMAL,239502900
PRIORITY,NORMAL,239505100
PRIORITY,NORMAL,239507200
PRIORITY,NORMAL,239509300
PRIORITY,NORMAL,239511900
PRIORITY,NORMAL,239514700
PRIORITY,NORMAL,239516300
PRIORITY,NORMAL,239518000
PRIORITY,NORMAL,239516900
PRIORITY,NORMAL,239518900
PRIORITY,NORMAL,239520800
PRIORITY,NORMAL,239522700
PRIORITY,NORMAL,239524400
PRIORITY,NORMAL,239526900
PRIORITY,NORMAL,239529600
PRIORITY,NORMAL,239533900
PRIORITY,NORMAL,239538100
PRIORITY,NORMAL,239539700
PRIORITY,NORMAL,239544100
PRIORITY,NORMAL,239548100
PRIORITY,NORMAL,239552200
PRIORITY,NORMAL,239556500
PRIORITY,NORMAL,239560900
PRIORITY,NORMAL,239565300
PRIORITY,NORMAL,239569500
PRIORITY,NORMAL,239573400
PRIORITY,NORMAL,239572000
PRIORITY,NORMAL,239573500
PRIORITY,NORMAL,239576400
PRIORITY,NORMAL,239578700
PRIORITY,NORMAL,239578500
PRIORITY,NORMAL,239580300
PRIORITY,NORMAL,239582300
PRIORITY,NORMAL,239584100
PRIORITY,NORMAL,239586100
PRIORITY,NORMAL,239586000
PRIORITY,NORMAL,239589300
PRIORITY,NORMAL,239591500
PRIORITY,NORMAL,239594200
PRIORITY,NORMAL,239596300
PRIORITY,NORMAL,239598700
PRIORITY,NORMAL,239601100
PRIORITY,NORMAL,239603900
PRIORITY,NORMAL,239606200
PRIORITY,NORMAL,239605600
PRIORITY,NORMAL,239607800
PRIORITY,NORMAL,239610000
PRIORITY,NORMAL,239612200
PRIORITY,NORMAL,239615600
PRIORITY,NORMAL,239618400
PRIORITY,NORMAL,239620400
PRIORITY,NORMAL,239622500
PRIORITY,NORMAL,239624600
PRIORITY,NORMAL,239623600
PRIORITY,NORMAL,239625300
PRIORITY,NORMAL,239627400
PRIORITY,NORMAL,239629600
PRIORITY,NORMAL,239633100
PRIORITY,NORMAL,239635300
PRIORITY,NORMAL,239637400
PRIORITY,NORMAL,239639600
PRIORITY,NORMAL,239627200
PRIORITY,NORMAL,239626300
PRIORITY,NORMAL,239628300
PRIORITY,NORMAL,239630500
PRIORITY,NORMAL,239632400
PRIORITY,NORMAL,239634800
PRIORITY,NORMAL,239636600
PRIORITY,NORMAL,239638400
PRIORITY,NORMAL,239642700
PRIORITY,NORMAL,239646800
PRIORITY,NORMAL,239647100
PRIORITY,NORMAL,239613500
PRIORITY,NORMAL,239617600
PRIORITY,NORMAL,239621800
PRIORITY,NORMAL,239626100
PRIORITY,NORMAL,239628600
PRIORITY,NORMAL,239632900
PRIORITY,NORMAL,239637400
PRIORITY,NORMAL,239641900
PRIORITY,NORMAL,239641200
PRIORITY,NORMAL,239642800
PRIORITY,NORMAL,239644300
PRIORITY,NORMAL,239646000
PRIORITY,NORMAL,239647900
PRIORITY,NORMAL,239650300
PRIORITY,NORMAL,239652100
PRIORITY,NORMAL,239655700
PRIORITY,NORMAL,239657500
PRIORITY,NORMAL,239657100
PRIORITY,NORMAL,239659100
PRIORITY,NORMAL,239661000
PRIORITY,NORMAL,239662700
PRIORITY,NORMAL,239664600
PRIORITY,NORMAL,239668700
PRIORITY,NORMAL,239672800
PRIORITY,NORMAL,239677200
PRIORITY,NORMAL,239681600
PRIORITY,NORMAL,239683000
PRIORITY,NORMAL,239687200
PRIORITY,NORMAL,239691500
PRIORITY,NORMAL,239696200
PRIORITY,NORMAL,239700500
PRIORITY,NORMAL,239704800
PRIORITY,NORMAL,239707500
PRIORITY,NORMAL,239709100
PRIORITY,NORMAL,239711000
PRIORITY,NORMAL,239710000
PRIORITY,NORMAL,239711800
PRIORITY,NORMAL,239713700
PRIORITY,NORMAL,239717200
PRIORITY,NORMAL,239718900
PRIORITY,NORMAL,239720800
PRIORITY,NORMAL,239723200
PRIORITY,NORMAL,239725500
PRIORITY,NORMAL,239727500
PRIORITY,NORMAL,239726900
PRIORITY,NORMAL,239728900
PRIORITY,NORMAL,239731700
PRIORITY,NORMAL,239733600
PRIORITY,NORMAL,239735400
PRIORITY,NORMAL,239737300
PRIORITY,NORMAL,239737500
PRIORITY,NORMAL,239739700
PRIORITY,NORMAL,239741600
PRIORITY,NORMAL,239741800
PRIORITY,NORMAL,239743800
PRIORITY,NORMAL,239745600
PRIORITY,NORMAL,239747500
PRIORITY,NORMAL,239749400
PRIORITY,NORMAL,239751500
PRIORITY,NORMAL,239753400
PRIORITY,NORMAL,239756400
PRIORITY,NORMAL,239758900
PRIORITY,NORMAL,239758200
PRIORITY,NORMAL,239760000
PRIORITY,NORMAL,239764000
PRIORITY,NORMAL,239768400
PRIORITY,NORMAL,239772800
PRIORITY,NORMAL,239777500
PRIORITY,NORMAL,239781800
PRIORITY,NORMAL,239786000
PRIORITY,NORMAL,239790200
PRIORITY,NORMAL,239792000
PRIORITY,NORMAL,239796600
PRIORITY,NORMAL,239800600
PRIORITY,NORMAL,239804700
PRIORITY,NORMAL,239808900
PRIORITY,NORMAL,239813000
PRIORITY,NORMAL,239817300
PRIORITY,NORMAL,239821500
PRIORITY,NORMAL,239825600
PRIORITY,NORMAL,239827200
PRIORITY,NORMAL,239831700
PRIORITY,NORMAL,239836000
PRIORITY,NORMAL,239840400
PRIORITY,NORMAL,239842300
PRIORITY,NORMAL,239843800
PRIORITY,NORMAL,239846500
PRIORITY,NORMAL,239850500
PRIORITY,NORMAL,239854600
PRIORITY,NORMAL,239855800
PRIORITY,NORMAL,239859600
PRIORITY,NORMAL,239863400
PRIORITY,NORMAL,239867800
PRIORITY,NORMAL,239872200
PRIORITY,NORMAL,239876200
PRIORITY,NORMAL,239878900
PRIORITY,NORMAL,239882200
PRIORITY,NORMAL,239886500
PRIORITY,NORMAL,239888700
PRIORITY,NORMAL,239892100
PRIORITY,NORMAL,239896300
PRIORITY,NORMAL,239900600
PRIORITY,NORMAL,239904900
PRIORITY,NORMAL,239909300
PRIORITY,NORMAL,239913700
PRIORITY,NORMAL,239915800
PRIORITY,NORMAL,239917400
PRIORITY,NORMAL,239916400
PRIORITY,NORMAL,239918300
PRIORITY,NORMAL,239919800
PRIORITY,NORMAL,239922700
PRIORITY,NORMAL,239926800
PRIORITY,NORMAL,239931100
PRIORITY,NORMAL,239935000
PRIORITY,NORMAL,239938900
PRIORITY,NORMAL,239943700
PRIORITY,NORMAL,239945200
PRIORITY,NORMAL,239949500
PRIORITY,NORMAL,239953100
PRIORITY,NORMAL,239957800
PRIORITY,NORMAL,239962500
PRIORITY,NORMAL,239966500
PRIORITY,NORMAL,239970400
PRIORITY,NORMAL,239975000
PRIORITY,NORMAL,239977200
PRIORITY,NORMAL,239978400
PRIORITY,NORMAL,239982700
PRIORITY,NORMAL,239986200
PRIORITY,NORMAL,239990500
PRIORITY,NORMAL,239994400
PRIORITY,NORMAL,239998400
PRIORITY,NORMAL,240002800
PRIORITY,NORMAL,240007000
PRIORITY,NORMAL,240011100
PRIORITY,NORMAL,240012900
PRIORITY,NORMAL,240017200
PRIORITY,NORMAL,240021500
PRIORITY,NORMAL,240025800
PRIORITY,NORMAL,240029800
PRIORITY,NORMAL,240034100
PRIORITY,NORMAL,240036400
PRIORITY,NORMAL,240019600
PRIORITY,NORMAL,240022600
PRIORITY,NORMAL,240024900
PRIORITY,NORMAL,240028000
PRIORITY,NORMAL,240032200
PRIORITY,NORMAL,240036600
PRIORITY,NORMAL,240041000
PRIORITY,NORMAL,240045100
PRIORITY,NORMAL,240049200
PRIORITY,NORMAL,240053300
PRIORITY,NORMAL,240057400
PRIORITY,NORMAL,240058800
PRIORITY,NORMAL,240063100
PRIORITY,NORMAL,240067700
PRIORITY,NORMAL,240070300
PRIORITY,NORMAL,240072700
PRIORITY,NORMAL,240076700
PRIORITY,NORMAL,240080900
PRIORITY,NORMAL,240085300
PRIORITY,NORMAL,240089600
PRIORITY,NORMAL,240091500
PRIORITY,NORMAL,240094300
PRIORITY,NORMAL,240095800
PRIORITY,NORMAL,240097500
PRIORITY,NORMAL,240099200
PRIORITY,NORMAL,240100800
PRIORITY,NORMAL,240102700
PRIORITY,NORMAL,240104800
PRIORITY,NORMAL,240106700
PRIORITY,NORMAL,240105900
PRIORITY,NORMAL,240107900
PRIORITY,NORMAL,240109600
PRIORITY,NORMAL,240111500
PRIORITY,NORMAL,240113400
PRIORITY,NORMAL,240115200
PRIORITY,NORMAL,240117200
PRIORITY,NORMAL,240119500
PRIORITY,NORMAL,240121600
PRIORITY,NORMAL,240121100
PRIORITY,NORMAL,240125300
PRIORITY,NORMAL,240127200
PRIORITY,NORMAL,240129300
PRIORITY,NORMAL,240131000
PRIORITY,NORMAL,240099100
PRIORITY,NORMAL,240101100
PRIORITY,NORMAL,240104400
PRIORITY,NORMAL,240106500
PRIORITY,NORMAL,240104000
PRIORITY,NORMAL,240106300
PRIORITY,NORMAL,240108900
PRIORITY,NORMAL,240111000
PRIORITY,NORMAL,240113100
PRIORITY,NORMAL,240116100
PRIORITY,NORMAL,240118100
PRIORITY,NORMAL,240120200
PRIORITY,NORMAL,240122300
PRIORITY,NORMAL,240121500
PRIORITY,NORMAL,240123300
PRIORITY,NORMAL,240125600
PRIORITY,NORMAL,240127800
PRIORITY,NORMAL,240131000
PRIORITY,NORMAL,240133100
PRIORITY,NORMAL,240135400
PRIORITY,NORMAL,240137400
PRIORITY,NORMAL,240139600
PRIORITY,NORMAL,240139300
PRIORITY,NORMAL,240142000
PRIORITY,NORMAL,240144800
PRIORITY,NORMAL,240147000
PRIORITY,NORMAL,240149100
PRIORITY,NORMAL,240151000
PRIORITY,NORMAL,240152900
PRIORITY,NORMAL,240156000
PRIORITY,NORMAL,240158000
PRIORITY,NORMAL,240157200
PRIORITY,NORMAL,240159300
PRIORITY,NORMAL,240160900
PRIORITY,NORMAL,240163200
PRIORITY,NORMAL,240165400
PRIORITY,NORMAL,240169500
PRIORITY,NORMAL,240173500
PRIORITY,NORMAL,240177600
PRIORITY,NORMAL,240182200
PRIORITY,NORMAL,240183700
PRIORITY,NORMAL,240187900
PRIORITY,NORMAL,240192200
PRIORITY,NORMAL,240196500
PRIORITY,NORMAL,240200900
PRIORITY,NORMAL,240205100
PRIORITY,NORMAL,240209500
PRIORITY,NORMAL,240214100
PRIORITY,NORMAL,240218700
PRIORITY,NORMAL,240218600
PRIORITY,NORMAL,240223200
PRIORITY,NORMAL,240227000
PRIORITY,NORMAL,240228800
PRIORITY,NORMAL,240231600
PRIORITY,NORMAL,240235800
PRIORITY,NORMAL,240240000
PRIORITY,NORMAL,240243900
PRIORITY,NORMAL,240247900
PRIORITY,NORMAL,240249000
PRIORITY,NORMAL,240253200
PRIORITY,NORMAL,240257100
PRIORITY,NORMAL,240259700
PRIORITY,NORMAL,240263600
PRIORITY,NORMAL,240267700
PRIORITY,NORMAL,240272000
PRIORITY,NORMAL,240275400
PRIORITY,NORMAL,240279400
PRIORITY,NORMAL,240281300
PRIORITY,NORMAL,240285800
PRIORITY,NORMAL,240290200
PRIORITY,NORMAL,240294100
PRIORITY,NORMAL,240295800
PRIORITY,NORMAL,240297500
PRIORITY,NORMAL,240299200
PRIORITY,NORMAL,240301200
PRIORITY,NORMAL,240304200
PRIORITY,NORMAL,240305700
PRIORITY,NORMAL,240309900
PRIORITY,NORMAL,240313900
PRIORITY,NORMAL,240318000
PRIORITY,NORMAL,240322000
PRIORITY,NORMAL,240326100
PRIORITY,NORMAL,240330100
PRIORITY,NORMAL,240332700
PRIORITY,NORMAL,240336800
PRIORITY,NORMAL,240338100
PRIORITY,NORMAL,240341700
PRIORITY,NORMAL,240345400
PRIORITY,NORMAL,240348800
PRIORITY,NORMAL,240353000
PRIORITY,NORMAL,240356900
PRIORITY,NORMAL,240361200
PRIORITY,NORMAL,240365200
PRIORITY,NORMAL,240369400
PRIORITY,NORMAL,240369800
PRIORITY,NORMAL,240373200
PRIORITY,NORMAL,240375400
PRIORITY,NORMAL,240379500
PRIORITY,NORMAL,240383700
PRIORITY,NORMAL,240388200
PRIORITY,NORMAL,240391200
PRIORITY,NORMAL,240395100
PRIORITY,NORMAL,240399800
PRIORITY,NORMAL,240401900
PRIORITY,NORMAL,240404800
PRIORITY,NORMAL,240409200
PRIORITY,NORMAL,240414000
PRIORITY,NORMAL,240418100
PRIORITY,NORMAL,240422600
PRIORITY,NORMAL,240404700
PRIORITY,NORMAL,240408200
PRIORITY,NORMAL,240412100
PRIORITY,NORMAL,240413600
PRIORITY,NORMAL,240417900
PRIORITY,NORMAL,240422000
PRIORITY,NORMAL,240424000
PRIORITY,NORMAL,240428100
PRIORITY,NORMAL,240432400
PRIORITY,NORMAL,240436800
PRIORITY,NORMAL,240441300
PRIORITY,NORMAL,240445700
PRIORITY,NORMAL,240445900
PRIORITY,NORMAL,240447900
PRIORITY,NORMAL,240449600
PRIORITY,NORMAL,240451300
PRIORITY,NORMAL,240453000
PRIORITY,NORMAL,240454900
PRIORITY,NORMAL,240456900
PRIORITY,NORMAL,240459300
PRIORITY,NORMAL,240462200
PRIORITY,NORMAL,240461300
PRIORITY,NORMAL,240463000
PRIORITY,NORMAL,240465000
PRIORITY,NORMAL,240466600
PRIORITY,NORMAL,240468300
PRIORITY,NORMAL,240470200
PRIORITY,NORMAL,240472300
PRIORITY,NORMAL,240474800
PRIORITY,NORMAL,240476700
PRIORITY,NORMAL,240475900
PRIORITY,NORMAL,240478000
PRIORITY,NORMAL,240479800
PRIORITY,NORMAL,240480100
PRIORITY,NORMAL,240481700
PRIORITY,NORMAL,240483400
PRIORITY,NORMAL,240485000
PRIORITY,NORMAL,240489100
PRIORITY,NORMAL,240493200
PRIORITY,NORMAL,240494800
PRIORITY,NORMAL,240499400
PRIORITY,NORMAL,240503700
PRIORITY,NORMAL,240507900
PRIORITY,NORMAL,240512200
PRIORITY,NORMAL,240516400
PRIORITY,NORMAL,240520700
PRIORITY,NORMAL,240525100
PRIORITY,NORMAL,240529400
PRIORITY,NORMAL,240531200
PRIORITY,NORMAL,240535600
PRIORITY,NORMAL,240539900
PRIORITY,NORMAL,240544400
PRIORITY,NORMAL,240547300
PRIORITY,NORMAL,240548900
PRIORITY,NORMAL,240552900
PRIORITY,NORMAL,240557200
PRIORITY,NORMAL,240561500
PRIORITY,NORMAL,240562900
PRIORITY,NORMAL,240567700
PRIORITY,NORMAL,240572300
PRIORITY,NORMAL,240576500
PRIORITY,NORMAL,240579400
PRIORITY,NORMAL,240583400
PRIORITY,NORMAL,240587600
PRIORITY,NORMAL,240592500
PRIORITY,NORMAL,240597200
PRIORITY,NORMAL,240598700
PRIORITY,NORMAL,240603200
PRIORITY,NORMAL,240607500
PRIORITY,NORMAL,240611900
PRIORITY,NORMAL,240614200
PRIORITY,NORMAL,240615900
PRIORITY,NORMAL,240618200
PRIORITY,NORMAL,240619900
PRIORITY,NORMAL,240621300
PRIORITY,NORMAL,240585500
PRIORITY,NORMAL,240587600
PRIORITY,NORMAL,240589200
PRIORITY,NORMAL,240591100
PRIORITY,NORMAL,240591500
PRIORITY,NORMAL,240593300
PRIORITY,NORMAL,240595000
PRIORITY,NORMAL,240598600
PRIORITY,NORMAL,240603600
PRIORITY,NORMAL,240605200
PRIORITY,NORMAL,240610100
PRIORITY,NORMAL,240614000
PRIORITY,NORMAL,240618200
PRIORITY,NORMAL,240622300
PRIORITY,NORMAL,240626200
PRIORITY,NORMAL,240629200
PRIORITY,NORMAL,240633400
PRIORITY,NORMAL,240637500
PRIORITY,NORMAL,240638100
PRIORITY,NORMAL,240642100
PRIORITY,NORMAL,240646500
PRIORITY,NORMAL,240651100
PRIORITY,NORMAL,240655700
PRIORITY,NORMAL,240659800
PRIORITY,NORMAL,240661400
PRIORITY,NORMAL,240663000
PRIORITY,NORMAL,240664500
PRIORITY,NORMAL,240663000
PRIORITY,NORMAL,240664300
PRIORITY,NORMAL,240665900
PRIORITY,NORMAL,240667400
PRIORITY,NORMAL,240669300
PRIORITY,NORMAL,240671100
PRIORITY,NORMAL,240672700
PRIORITY,NORMAL,240674600
PRIORITY,NORMAL,240676300
PRIORITY,NORMAL,240675500
PRIORITY,NORMAL,240679100
PRIORITY,NORMAL,240681100
PRIORITY,NORMAL,240683300
PRIORITY,NORMAL,240685300
PRIORITY,NORMAL,240687600
PRIORITY,NORMAL,240689700
PRIORITY,NORMAL,240691800
PRIORITY,NORMAL,240694200
PRIORITY,NORMAL,240694300
PRIORITY,NORMAL,240697100
PRIORITY,NORMAL,240698900
PRIORITY,NORMAL,240700500
PRIORITY,NORMAL,240702500
PRIORITY,NORMAL,240702700
PRIORITY,NORMAL,240704700
PRIORITY,NORMAL,240707000
PRIORITY,NORMAL,240710200
PRIORITY,NORMAL,240709600
PRIORITY,NORMAL,240711600
PRIORITY,NORMAL,240713300
PRIORITY,NORMAL,240715100
PRIORITY,NORMAL,240717000
PRIORITY,NORMAL,240719000
PRIORITY,NORMAL,240720800
PRIORITY,NORMAL,240722900
PRIORITY,NORMAL,240725700
PRIORITY,NORMAL,240724600
PRIORITY,NORMAL,240726400
PRIORITY,NORMAL,240728200
PRIORITY,NORMAL,240732200
PRIORITY,NORMAL,240736400
PRIORITY,NORMAL,240740800
PRIORITY,NORMAL,240745400
PRIORITY,NORMAL,240749700
PRIORITY,NORMAL,240753900
PRIORITY,NORMAL,240755500
PRIORITY,NORMAL,240760300
PRIORITY,NORMAL,240764800
PRIORITY,NORMAL,240769400
PRIORITY,NORMAL,240773900
PRIORITY,NORMAL,240743700
PRIORITY,NORMAL,240746100
PRIORITY,NORMAL,240747600
PRIORITY,NORMAL,240749300
PRIORITY,NORMAL,240748400
PRIORITY,NORMAL,240750100
PRIORITY,NORMAL,240752200
PRIORITY,NORMAL,240754100
PRIORITY,NORMAL,240756300
PRIORITY,NORMAL,240758100
PRIORITY,NORMAL,240761900
PRIORITY,NORMAL,240763600
PRIORITY,NORMAL,240765600
PRIORITY,NORMAL,240765000
PRIORITY,NORMAL,240767100
PRIORITY,NORMAL,240769100
PRIORITY,NORMAL,240771600
PRIORITY,NORMAL,240774400
PRIORITY,NORMAL,240776600
PRIORITY,NORMAL,240777300
PRIORITY,NORMAL,240779400
PRIORITY,NORMAL,240781800
PRIORITY,NORMAL,240781300
PRIORITY,NORMAL,240783700
PRIORITY,NORMAL,240785900
PRIORITY,NORMAL,240788500
PRIORITY,NORMAL,240790400
PRIORITY,NORMAL,240792700
PRIORITY,NORMAL,240794900
PRIORITY,NORMAL,240796800
PRIORITY,NORMAL,240798700
PRIORITY,NORMAL,240798000
PRIORITY,NORMAL,240800500
PRIORITY,NORMAL,240802500
PRIORITY,NORMAL,240804800
PRIORITY,NORMAL,240806600
PRIORITY,NORMAL,240808900
PRIORITY,NORMAL,240810900
PRIORITY,NORMAL,240812700
PRIORITY,NORMAL,240814800
PRIORITY,NORMAL,240814200
PRIORITY,NORMAL,240815900
PRIORITY,NORMAL,240817600
PRIORITY,NORMAL,240819700
PRIORITY,NORMAL,240823600
PRIORITY,NORMAL,240827600
PRIORITY,NORMAL,240831900
PRIORITY,NORMAL,240836300
PRIORITY,NORMAL,240840700
PRIORITY,NORMAL,240842100
PRIORITY,NORMAL,240846300
PRIORITY,NORMAL,240850500
PRIORITY,NORMAL,240854800
PRIORITY,NORMAL,240859500
PRIORITY,NORMAL,240863800
PRIORITY,NORMAL,240866900
PRIORITY,NORMAL,240868200
PRIORITY,NORMAL,240869900
PRIORITY,NORMAL,240868700
PRIORITY,NORMAL,240870100
PRIORITY,NORMAL,240872200
PRIORITY,NORMAL,240874600
PRIORITY,NORMAL,240876400
PRIORITY,NORMAL,240878300
PRIORITY,NORMAL,240880300
PRIORITY,NORMAL,240880300
PRIORITY,NORMAL,240882200
PRIORITY,NORMAL,240881200
PRIORITY,NORMAL,240883000
PRIORITY,NORMAL,240887000
PRIORITY,NORMAL,240891400
PRIORITY,NORMAL,240895700
PRIORITY,NORMAL,240900500
PRIORITY,NORMAL,240904700
PRIORITY,NORMAL,240908900
PRIORITY,NORMAL,240913200
PRIORITY,NORMAL,240915000
PRIORITY,NORMAL,240919700
PRIORITY,NORMAL,240924000
PRIORITY,NORMAL,240926900
PRIORITY,NORMAL,240928300
PRIORITY,NORMAL,240930200
PRIORITY,NORMAL,240932000
PRIORITY,NORMAL,240933900
PRIORITY,NORMAL,240936000
PRIORITY,NORMAL,240935300
PRIORITY,NORMAL,240936900
PRIORITY,NORMAL,240938900
PRIORITY,NORMAL,240941100
PRIORITY,NORMAL,240943300
PRIORITY,NORMAL,240945400
PRIORITY,NORMAL,240947500
PRIORITY,NORMAL,240949300
PRIORITY,NORMAL,240951100
PRIORITY,NORMAL,240949800
PRIORITY,NORMAL,240951800
PRIORITY,NORMAL,240954400
PRIORITY,NORMAL,240956400
PRIORITY,NORMAL,240958600
PRIORITY,NORMAL,240960500
PRIORITY,NORMAL,240962400
PRIORITY,NORMAL,240964300
PRIORITY,NORMAL,240966200
PRIORITY,NORMAL,240965600
PRIORITY,NORMAL,240967400
PRIORITY,NORMAL,240969200
PRIORITY,NORMAL,240936500
PRIORITY,NORMAL,240938200
PRIORITY,NORMAL,240941400
PRIORITY,NORMAL,240945500
PRIORITY,NORMAL,240949700
PRIORITY,NORMAL,240952200
PRIORITY,NORMAL,240953800
PRIORITY,NORMAL,240957800
PRIORITY,NORMAL,240962000
PRIORITY,NORMAL,240966200
PRIORITY,NORMAL,240970400
PRIORITY,NORMAL,240974500
PRIORITY,NORMAL,240978800
PRIORITY,NORMAL,240983000
PRIORITY,NORMAL,240987500
PRIORITY,NORMAL,240989100
PRIORITY,NORMAL,240993300
PRIORITY,NORMAL,240997700
PRIORITY,NORMAL,241001400
PRIORITY,NORMAL,241003000
PRIORITY,NORMAL,241006000
PRIORITY,NORMAL,241010200
PRIORITY,NORMAL,241014100
PRIORITY,NORMAL,241018100
PRIORITY,NORMAL,241019100
PRIORITY,NORMAL,241023100
PRIORITY,NORMAL,241027200
PRIORITY,NORMAL,241031200
PRIORITY,NORMAL,241034200
PRIORITY,NORMAL,241038600
PRIORITY,NORMAL,241042500
PRIORITY,NORMAL,241046900
PRIORITY,NORMAL,241050100
PRIORITY,NORMAL,241051500
PRIORITY,NORMAL,241056000
PRIORITY,NORMAL,241060400
PRIORITY,NORMAL,241065000
PRIORITY,NORMAL,241069600
PRIORITY,NORMAL,241071000
PRIORITY,NORMAL,241073000
PRIORITY,NORMAL,241074700
PRIORITY,NORMAL,241076800
PRIORITY,NORMAL,241076300
PRIORITY,NORMAL,241082500
PRIORITY,NORMAL,241086900
PRIORITY,NORMAL,241091300
PRIORITY,NORMAL,241095400
PRIORITY,NORMAL,241099700
PRIORITY,NORMAL,241104100
PRIORITY,NORMAL,241108400
PRIORITY,NORMAL,241111500
PRIORITY,NORMAL,241110500
PRIORITY,NORMAL,241114900
PRIORITY,NORMAL,241118400
PRIORITY,NORMAL,241122900
PRIORITY,NORMAL,241125100
PRIORITY,NORMAL,241129700
PRIORITY,NORMAL,241133500
PRIORITY,NORMAL,241138200
PRIORITY,NORMAL,241142400
PRIORITY,NORMAL,241144000
PRIORITY,NORMAL,241148600
PRIORITY,NORMAL,241151700
PRIORITY,NORMAL,241155200
PRIORITY,NORMAL,241159300
PRIORITY,NORMAL,241163300
PRIORITY,NORMAL,241167700
PRIORITY,NORMAL,241171700
PRIORITY,NORMAL,241175600
PRIORITY,NORMAL,241176200
PRIORITY,NORMAL,241180700
PRIORITY,NORMAL,241184900
PRIORITY,NORMAL,241187900
PRIORITY,NORMAL,241192100
PRIORITY,NORMAL,241195800
PRIORITY,NORMAL,241200100
PRIORITY,NORMAL,241204300
PRIORITY,NORMAL,241208600
PRIORITY,NORMAL,241209500
PRIORITY,NORMAL,241214200
PRIORITY,NORMAL,241218200
PRIORITY,NORMAL,241222600
PRIORITY,NORMAL,241226900
PRIORITY,NORMAL,241230000
PRIORITY,NORMAL,241231800
PRIORITY,NORMAL,241235700
PRIORITY,NORMAL,241240400
PRIORITY,NORMAL,241242100
PRIORITY,NORMAL,241246600
PRIORITY,NORMAL,241250900
PRIORITY,NORMAL,241253700
PRIORITY,NORMAL,241255300
PRIORITY,NORMAL,241257200
PRIORITY,NORMAL,241258900
PRIORITY,NORMAL,241261600
PRIORITY,NORMAL,241263600
PRIORITY,NORMAL,241260500
PRIORITY,NORMAL,241262200
PRIORITY,NORMAL,241264600
PRIORITY,NORMAL,241267100
PRIORITY,NORMAL,241269600
PRIORITY,NORMAL,241271400
PRIORITY,NORMAL,241272800
PRIORITY,NORMAL,241275200
PRIORITY,NORMAL,241277200
PRIORITY,NORMAL,241276700
PRIORITY,NORMAL,241278800
PRIORITY,NORMAL,241280900
PRIORITY,NORMAL,241283600
PRIORITY,NORMAL,241285900
PRIORITY,NORMAL,241288100
PRIORITY,NORMAL,241290400
PRIORITY,NORMAL,241292800
PRIORITY,NORMAL,241294800
PRIORITY,NORMAL,241294300
PRIORITY,NORMAL,241296300
PRIORITY,NORMAL,241298600
PRIORITY,NORMAL,241300800
PRIORITY,NORMAL,241303400
PRIORITY,NORMAL,241305500
PRIORITY,NORMAL,241308000
PRIORITY,NORMAL,241310200
PRIORITY,NORMAL,241312400
PRIORITY,NORMAL,241311700
PRIORITY,NORMAL,241313700
PRIORITY,NORMAL,241315400
PRIORITY,NORMAL,241317300
PRIORITY,NORMAL,241319300
PRIORITY,NORMAL,241321400
PRIORITY,NORMAL,241323600
PRIORITY,NORMAL,241325600
PRIORITY,NORMAL,241327700
PRIORITY,NORMAL,241326900
PRIORITY,NORMAL,241328800
PRIORITY,NORMAL,241330900
PRIORITY,NORMAL,241332700
PRIORITY,NORMAL,241334600
PRIORITY,NORMAL,241336200
PRIORITY,NORMAL,241338000
PRIORITY,NORMAL,241339600
PRIORITY,NORMAL,241343600
PRIORITY,NORMAL,241344900
PRIORITY,NORMAL,241349100
PRIORITY,NORMAL,241351600
PRIORITY,NORMAL,241355600
PRIORITY,NORMAL,241360100
PRIORITY,NORMAL,241364100
PRIORITY,NORMAL,241368300
PRIORITY,NORMAL,241372400
PRIORITY,NORMAL,241376400
PRIORITY,NORMAL,241377900
PRIORITY,NORMAL,241381900
PRIORITY,NORMAL,241386400
PRIORITY,NORMAL,241390700
PRIORITY,NORMAL,241395300
PRIORITY,NORMAL,241399900
PRIORITY,NORMAL,241401900
PRIORITY,NORMAL,241403400
PRIORITY,NORMAL,241407700
PRIORITY,NORMAL,241409200
PRIORITY,NORMAL,241413600
PRIORITY,NORMAL,241417800
PRIORITY,NORMAL,241422000
PRIORITY,NORMAL,241426500
PRIORITY,NORMAL,241430700
PRIORITY,NORMAL,241433600
PRIORITY,NORMAL,241437500
PRIORITY,NORMAL,241441400
PRIORITY,NORMAL,241443500
PRIORITY,NORMAL,241447000
PRIORITY,NORMAL,241451100
PRIORITY,NORMAL,241455600
PRIORITY,NORMAL,241460000
PRIORITY,NORMAL,241464400
PRIORITY,NORMAL,241468000
PRIORITY,NORMAL,241469400
PRIORITY,NORMAL,241471200
PRIORITY,NORMAL,241470200
PRIORITY,NORMAL,241472100
PRIORITY,NORMAL,241475300
PRIORITY,NORMAL,241479600
PRIORITY,NORMAL,241484400
PRIORITY,NORMAL,241488300
PRIORITY,NORMAL,241492100
PRIORITY,NORMAL,241434000
PRIORITY,NORMAL,241438000
PRIORITY,NORMAL,241439500
PRIORITY,NORMAL,241441800
PRIORITY,NORMAL,241446000
PRIORITY,NORMAL,241448600
PRIORITY,NORMAL,241453400
PRIORITY,NORMAL,241456400
PRIORITY,NORMAL,241460500
PRIORITY,NORMAL,241464600
PRIORITY,NORMAL,241469000
PRIORITY,NORMAL,241470500
PRIORITY,NORMAL,241474900
PRIORITY,NORMAL,241479000
PRIORITY,NORMAL,241483100
PRIORITY,NORMAL,241487100
PRIORITY,NORMAL,241463300
PRIORITY,NORMAL,241469600
PRIORITY,NORMAL,241474700
PRIORITY,NORMAL,241478500
PRIORITY,NORMAL,241480500
PRIORITY,NORMAL,241485000
PRIORITY,NORMAL,241488600
PRIORITY,NORMAL,241492600
PRIORITY,NORMAL,241496500
PRIORITY,NORMAL,241500600
PRIORITY,NORMAL,241504700
PRIORITY,NORMAL,241509100
PRIORITY,NORMAL,241512100
PRIORITY,NORMAL,241512900
PRIORITY,NORMAL,241516800
PRIORITY,NORMAL,241521100
PRIORITY,NORMAL,241525700
PRIORITY,NORMAL,241529200
PRIORITY,NORMAL,241530900
PRIORITY,NORMAL,241534900
PRIORITY,NORMAL,241539100
PRIORITY,NORMAL,241543000
PRIORITY,NORMAL,241544300
PRIORITY,NORMAL,241548600
PRIORITY,NORMAL,241551800
PRIORITY,NORMAL,241553400
PRIORITY,NORMAL,241554800
PRIORITY,NORMAL,241556800
PRIORITY,NORMAL,241558400
PRIORITY,NORMAL,241560000
PRIORITY,NORMAL,241562000
PRIORITY,NORMAL,241561600
PRIORITY,NORMAL,241563600
PRIORITY,NORMAL,241565700
PRIORITY,NORMAL,241567500
PRIORITY,NORMAL,241567300
PRIORITY,NORMAL,241569000
PRIORITY,NORMAL,241571000
PRIORITY,NORMAL,241573000
PRIORITY,NORMAL,241575500
PRIORITY,NORMAL,241574900
PRIORITY,NORMAL,241576700
PRIORITY,NORMAL,241578900
PRIORITY,NORMAL,241580800
PRIORITY,NORMAL,241582800
PRIORITY,NORMAL,241584600
PRIORITY,NORMAL,241586600
PRIORITY,NORMAL,241588200
PRIORITY,NORMAL,241592200
PRIORITY,NORMAL,241593400
PRIORITY,NORMAL,241597500
PRIORITY,NORMAL,241601700
PRIORITY,NORMAL,241605900
PRIORITY,NORMAL,241609800
PRIORITY,NORMAL,241613800
PRIORITY,NORMAL,241618000
PRIORITY,NORMAL,241622100
PRIORITY,NORMAL,241626200
PRIORITY,NORMAL,241627800
PRIORITY,NORMAL,241632400
PRIORITY,NORMAL,241637100
PRIORITY,NORMAL,241641500
PRIORITY,NORMAL,241646000
PRIORITY,NORMAL,241649900
PRIORITY,NORMAL,241651500
PRIORITY,NORMAL,241654400
PRIORITY,NORMAL,241658600
PRIORITY,NORMAL,241660100
PRIORITY,NORMAL,241664100
PRIORITY,NORMAL,241668200
PRIORITY,NORMAL,241672300
PRIORITY,NORMAL,241676500
PRIORITY,NORMAL,241680600
PRIORITY,NORMAL,241683600
PRIORITY,NORMAL,241688200
PRIORITY,NORMAL,241692300
PRIORITY,NORMAL,241693200
PRIORITY,NORMAL,241697300
PRIORITY,NORMAL,241701700
PRIORITY,NORMAL,241706000
PRIORITY,NORMAL,241710400
PRIORITY,NORMAL,241713000
PRIORITY,NORMAL,241714900
PRIORITY,NORMAL,241716800
PRIORITY,NORMAL,241719000
PRIORITY,NORMAL,241718500
PRIORITY,NORMAL,241720200
PRIORITY,NORMAL,241721800
PRIORITY,NORMAL,241724100
PRIORITY,NORMAL,241726200
PRIORITY,NORMAL,241728000
PRIORITY,NORMAL,241730000
PRIORITY,NORMAL,241732400
PRIORITY,NORMAL,241736500
PRIORITY,NORMAL,241738000
PRIORITY,NORMAL,241742300
PRIORITY,NORMAL,241746500
PRIORITY,NORMAL,241750500
PRIORITY,NORMAL,241754700
PRIORITY,NORMAL,241758800
PRIORITY,NORMAL,241763000
PRIORITY,NORMAL,241765800
PRIORITY,NORMAL,241770600
PRIORITY,NORMAL,241772000
PRIORITY,NORMAL,241775100
PRIORITY,NORMAL,241779500
PRIORITY,NORMAL,241784000
PRIORITY,NORMAL,241788300
PRIORITY,NORMAL,241792800
PRIORITY,NORMAL,241797100
PRIORITY,NORMAL,241798700
PRIORITY,NORMAL,241800000
PRIORITY,NORMAL,241799100
PRIORITY,NORMAL,241800400
PRIORITY,NORMAL,241802000
PRIORITY,NORMAL,241803800
PRIORITY,NORMAL,241805700
PRIORITY,NORMAL,241807700
PRIORITY,NORMAL,241809600
PRIORITY,NORMAL,241811300
PRIORITY,NORMAL,241813400
PRIORITY,NORMAL,241812600
PRIORITY,NORMAL,241814500
PRIORITY,NORMAL,241816100
PRIORITY,NORMAL,241818600
PRIORITY,NORMAL,241820700
PRIORITY,NORMAL,241822800
PRIORITY,NORMAL,241823100
PRIORITY,NORMAL,241825400
PRIORITY,NORMAL,241827100
PRIORITY,NORMAL,241826200
PRIORITY,NORMAL,241827700
PRIORITY,NORMAL,241829600
PRIORITY,NORMAL,241831500
PRIORITY,NORMAL,241833600
PRIORITY,NORMAL,241835600
PRIORITY,NORMAL,241837400
PRIORITY,NORMAL,241839300
PRIORITY,NORMAL,241841200
PRIORITY,NORMAL,241840500
PRIORITY,NORMAL,241842400
PRIORITY,NORMAL,241844100
PRIORITY,NORMAL,241845600
PRIORITY,NORMAL,241847500
PRIORITY,NORMAL,241851000
PRIORITY,NORMAL,241855200
PRIORITY,NORMAL,241859500
PRIORITY,NORMAL,241863900
PRIORITY,NORMAL,241865600
PRIORITY,NORMAL,241870000
PRIORITY,NORMAL,241874100
PRIORITY,NORMAL,241878300
PRIORITY,NORMAL,241882600
PRIORITY,NORMAL,241886700
PRIORITY,NORMAL,241891100
PRIORITY,NORMAL,241895500
PRIORITY,NORMAL,241899700
PRIORITY,NORMAL,241901400
PRIORITY,NORMAL,241904800
PRIORITY,NORMAL,241906600
PRIORITY,NORMAL,241910400
PRIORITY,NORMAL,241914700
PRIORITY,NORMAL,241918900
PRIORITY,NORMAL,241922900
PRIORITY,NORMAL,241927000
PRIORITY,NORMAL,241931200
PRIORITY,NORMAL,241932600
PRIORITY,NORMAL,241935600
PRIORITY,NORMAL,241939800
PRIORITY,NORMAL,241943900
PRIORITY,NORMAL,241948500
PRIORITY,NORMAL,241952700
PRIORITY,NORMAL,241956800
PRIORITY,NORMAL,241959200
PRIORITY,NORMAL,241963000
PRIORITY,NORMAL,241961900
PRIORITY,NORMAL,241963900
PRIORITY,NORMAL,241965700
PRIORITY,NORMAL,241967500
PRIORITY,NORMAL,241971500
PRIORITY,NORMAL,241975900
PRIORITY,NORMAL,241980200
PRIORITY,NORMAL,241984400
PRIORITY,NORMAL,241988700
PRIORITY,NORMAL,241990300
PRIORITY,NORMAL,241994500
PRIORITY,NORMAL,241997000
PRIORITY,NORMAL,242000900
PRIORITY,NORMAL,242005000
PRIORITY,NORMAL,242008800
PRIORITY,NORMAL,242012600
PRIORITY,NORMAL,242015500
PRIORITY,NORMAL,242019900
PRIORITY,NORMAL,242022000
PRIORITY,NORMAL,242026200
PRIORITY,NORMAL,242030500
PRIORITY,NORMAL,242034700
PRIORITY,NORMAL,242038000
PRIORITY,NORMAL,242041300
PRIORITY,NORMAL,242045200
PRIORITY,NORMAL,242049000
PRIORITY,NORMAL,242052900
PRIORITY,NORMAL,242054400
PRIORITY,NORMAL,242057600
PRIORITY,NORMAL,242062100
PRIORITY,NORMAL,242066200
PRIORITY,NORMAL,242069400
PRIORITY,NORMAL,242073800
PRIORITY,NORMAL,242077500
PRIORITY,NORMAL,242082000
PRIORITY,NORMAL,242086300
PRIORITY,NORMAL,242087900
PRIORITY,NORMAL,242092000
PRIORITY,NORMAL,242096200
PRIORITY,NORMAL,242100700
PRIORITY,NORMAL,242105100
PRIORITY,NORMAL,242107800
PRIORITY,NORMAL,242110700
PRIORITY,NORMAL,242114600
PRIORITY,NORMAL,242116900
PRIORITY,NORMAL,242118600
PRIORITY,NORMAL,242121500
PRIORITY,NORMAL,242123000
PRIORITY,NORMAL,242124700
PRIORITY,NORMAL,242126400
PRIORITY,NORMAL,242128100
PRIORITY,NORMAL,242129700
PRIORITY,NORMAL,242131600
PRIORITY,NORMAL,242133700
PRIORITY,NORMAL,242132600
PRIORITY,NORMAL,242134600
PRIORITY,NORMAL,242136200
PRIORITY,NORMAL,242138500
PRIORITY,NORMAL,242140500
PRIORITY,NORMAL,242142900
PRIORITY,NORMAL,242144700
PRIORITY,NORMAL,242146800
PRIORITY,NORMAL,242149200
PRIORITY,NORMAL,242148600
PRIORITY,NORMAL,242150900
PRIORITY,NORMAL,242152900
PRIORITY,NORMAL,242155200
PRIORITY,NORMAL,242157200
PRIORITY,NORMAL,242159300
PRIORITY,NORMAL,242161200
PRIORITY,NORMAL,242163200
PRIORITY,NORMAL,242165600
PRIORITY,NORMAL,242165300
PRIORITY,NORMAL,242167200
PRIORITY,NORMAL,242169700
PRIORITY,NORMAL,242171800
PRIORITY,NORMAL,242173900
PRIORITY,NORMAL,242176100
PRIORITY,NORMAL,242178100
PRIORITY,NORMAL,242179800
PRIORITY,NORMAL,242181600
PRIORITY,NORMAL,242181100
PRIORITY,NORMAL,242183300
PRIORITY,NORMAL,242185400
PRIORITY,NORMAL,242187500
PRIORITY,NORMAL,242189600
PRIORITY,NORMAL,242191700
PRIORITY,NORMAL,242193800
PRIORITY,NORMAL,242195700
PRIORITY,NORMAL,242197900
PRIORITY,NORMAL,242195000
PRIORITY,NORMAL,242141300
PRIORITY,NORMAL,242144800
PRIORITY,NORMAL,242149000
PRIORITY,NORMAL,242153500
PRIORITY,NORMAL,242158100
PRIORITY,NORMAL,242162400
PRIORITY,NORMAL,242166700
PRIORITY,NORMAL,242171000
PRIORITY,NORMAL,242172600
PRIORITY,NORMAL,242176900
PRIORITY,NORMAL,242181100
PRIORITY,NORMAL,242185500
PRIORITY,NORMAL,242189700
PRIORITY,NORMAL,242194200
PRIORITY,NORMAL,242198000
PRIORITY,NORMAL,242199400
PRIORITY,NORMAL,242202800
PRIORITY,NORMAL,242204300
PRIORITY,NORMAL,242208500
PRIORITY,NORMAL,242212600
PRIORITY,NORMAL,242216800
PRIORITY,NORMAL,242221100
PRIORITY,NORMAL,242225200
PRIORITY,NORMAL,242228400
PRIORITY,NORMAL,242232500
PRIORITY,NORMAL,242236600
PRIORITY,NORMAL,242238800
PRIORITY,NORMAL,242243300
PRIORITY,NORMAL,242247300
PRIORITY,NORMAL,242251600
PRIORITY,NORMAL,242255500
PRIORITY,NORMAL,242256900
PRIORITY,NORMAL,242258500
PRIORITY,NORMAL,242260200
PRIORITY,NORMAL,242261800
PRIORITY,NORMAL,242262800
PRIORITY,NORMAL,242267000
PRIORITY,NORMAL,242271200
PRIORITY,NORMAL,242275200
PRIORITY,NORMAL,242279200
PRIORITY,NORMAL,242243900
PRIORITY,NORMAL,242248000
PRIORITY,NORMAL,242251200
PRIORITY,NORMAL,242255200
PRIORITY,NORMAL,242256600
PRIORITY,NORMAL,242258300
PRIORITY,NORMAL,242261600
PRIORITY,NORMAL,242265500
PRIORITY,NORMAL,242270000
PRIORITY,NORMAL,242274400
PRIORITY,NORMAL,242278600
PRIORITY,NORMAL,242282900
PRIORITY,NORMAL,242286400
PRIORITY,NORMAL,242287200
PRIORITY,NORMAL,242291200
PRIORITY,NORMAL,242295500
PRIORITY,NORMAL,242300100
PRIORITY,NORMAL,242303400
PRIORITY,NORMAL,242307400
PRIORITY,NORMAL,242311900
PRIORITY,NORMAL,242317000
PRIORITY,NORMAL,242320200
PRIORITY,NORMAL,242321500
PRIORITY,NORMAL,242325400
PRIORITY,NORMAL,242329600
PRIORITY,NORMAL,242333600
PRIORITY,NORMAL,242337300
PRIORITY,NORMAL,242340800
PRIORITY,NORMAL,242344600
PRIORITY,NORMAL,242348700
PRIORITY,NORMAL,242353000
PRIORITY,NORMAL,242352600
PRIORITY,NORMAL,242355500
PRIORITY,NORMAL,242359400
PRIORITY,NORMAL,242363400
PRIORITY,NORMAL,242367800
PRIORITY,NORMAL,242370400
PRIORITY,NORMAL,242371900
PRIORITY,NORMAL,242373600
PRIORITY,NORMAL,242375100
PRIORITY,NORMAL,242373800
PRIORITY,NORMAL,242376000
PRIORITY,NORMAL,242377800
PRIORITY,NORMAL,242379700
PRIORITY,NORMAL,242381400
PRIORITY,NORMAL,242318600
PRIORITY,NORMAL,242320200
PRIORITY,NORMAL,242322400
PRIORITY,NORMAL,242324600
PRIORITY,NORMAL,242323800
PRIORITY,NORMAL,242325700
PRIORITY,NORMAL,242325500
PRIORITY,NORMAL,242327100
PRIORITY,NORMAL,242329200
PRIORITY,NORMAL,242331900
PRIORITY,NORMAL,242335900
PRIORITY,NORMAL,242339900
PRIORITY,NORMAL,242344100
PRIORITY,NORMAL,242345700
PRIORITY,NORMAL,242349700
PRIORITY,NORMAL,242353700
PRIORITY,NORMAL,242357700
PRIORITY,NORMAL,242361700
PRIORITY,NORMAL,242365900
PRIORITY,NORMAL,242370100
PRIORITY,NORMAL,242374300
PRIORITY,NORMAL,242378900
PRIORITY,NORMAL,242379800
PRIORITY,NORMAL,242381500
PRIORITY,NORMAL,242385500
PRIORITY,NORMAL,242389800
PRIORITY,NORMAL,242394100
PRIORITY,NORMAL,242398200
PRIORITY,NORMAL,242402200
PRIORITY,NORMAL,242406600
PRIORITY,NORMAL,242410800
PRIORITY,NORMAL,242411600
PRIORITY,NORMAL,242415900
PRIORITY,NORMAL,242420100
PRIORITY,NORMAL,242423200
PRIORITY,NORMAL,242427300
PRIORITY,NORMAL,242431600
PRIORITY,NORMAL,242436100
PRIORITY,NORMAL,242438500
PRIORITY,NORMAL,242440200
PRIORITY,NORMAL,242439500
PRIORITY,NORMAL,242441100
PRIORITY,NORMAL,242442700
PRIORITY,NORMAL,242444800
PRIORITY,NORMAL,242446500
PRIORITY,NORMAL,242448400
PRIORITY,NORMAL,242450100
PRIORITY,NORMAL,242451900
PRIORITY,NORMAL,242455600
PRIORITY,NORMAL,242457000
PRIORITY,NORMAL,242461300
PRIORITY,NORMAL,242465300
PRIORITY,NORMAL,242467500
PRIORITY,NORMAL,242471700
PRIORITY,NORMAL,242476100
PRIORITY,NORMAL,242479900
PRIORITY,NORMAL,242484500
PRIORITY,NORMAL,242488700
PRIORITY,NORMAL,242490200
PRIORITY,NORMAL,242494600
PRIORITY,NORMAL,242498700
PRIORITY,NORMAL,242503300
PRIORITY,NORMAL,242506000
PRIORITY,NORMAL,242507700
PRIORITY,NORMAL,242509500
PRIORITY,NORMAL,242511500
PRIORITY,NORMAL,242513200
PRIORITY,NORMAL,242512400
PRIORITY,NORMAL,242514300
PRIORITY,NORMAL,242516300
PRIORITY,NORMAL,242518000
PRIORITY,NORMAL,242519800
PRIORITY,NORMAL,242521900
PRIORITY,NORMAL,242524200
PRIORITY,NORMAL,242526400
PRIORITY,NORMAL,242528300
PRIORITY,NORMAL,242527400
PRIORITY,NORMAL,242529200
PRIORITY,NORMAL,242531000
PRIORITY,NORMAL,242532600
PRIORITY,NORMAL,242533900
PRIORITY,NORMAL,242535900
PRIORITY,NORMAL,242537800
PRIORITY,NORMAL,242540300
PRIORITY,NORMAL,242542500
PRIORITY,NORMAL,242542000
PRIORITY,NORMAL,242544200
PRIORITY,NORMAL,242546100
PRIORITY,NORMAL,242548300
PRIORITY,NORMAL,242550200
PRIORITY,NORMAL,242552000
PRIORITY,NORMAL,242554000
PRIORITY,NORMAL,242556900
PRIORITY,NORMAL,242560800
PRIORITY,NORMAL,242562000
PRIORITY,NORMAL,242566100
PRIORITY,NORMAL,242570400
PRIORITY,NORMAL,242574200
PRIORITY,NORMAL,242576200
PRIORITY,NORMAL,242579900
PRIORITY,NORMAL,242584000
PRIORITY,NORMAL,242588000
PRIORITY,NORMAL,242592000
PRIORITY,NORMAL,242593300
PRIORITY,NORMAL,242597500
PRIORITY,NORMAL,242601800
PRIORITY,NORMAL,242606300
PRIORITY,NORMAL,242610600
PRIORITY,NORMAL,242612500
PRIORITY,NORMAL,242615700
PRIORITY,NORMAL,242619900
PRIORITY,NORMAL,242624200
PRIORITY,NORMAL,242625700
PRIORITY,NORMAL,242629800
PRIORITY,NORMAL,242633900
PRIORITY,NORMAL,242638400
PRIORITY,NORMAL,242641600
PRIORITY,NORMAL,242646900
PRIORITY,NORMAL,242651000
PRIORITY,NORMAL,242654500
PRIORITY,NORMAL,242659000
PRIORITY,NORMAL,242660700
PRIORITY,NORMAL,242665100
PRIORITY,NORMAL,242669500
PRIORITY,NORMAL,242674000
PRIORITY,NORMAL,242675400
PRIORITY,NORMAL,242677000
PRIORITY,NORMAL,242678800
PRIORITY,NORMAL,242680600
PRIORITY,NORMAL,242684500
PRIORITY,NORMAL,242686100
PRIORITY,NORMAL,242690200
PRIORITY,NORMAL,242694400
PRIORITY,NORMAL,242698600
PRIORITY,NORMAL,242702600
PRIORITY,NORMAL,242707100
PRIORITY,NORMAL,242709800
PRIORITY,NORMAL,242713900
PRIORITY,NORMAL,242718300
PRIORITY,NORMAL,242719700
PRIORITY,NORMAL,242722800
PRIORITY,NORMAL,242726700
PRIORITY,NORMAL,242730900
PRIORITY,NORMAL,242735100
PRIORITY,NORMAL,242737300
PRIORITY,NORMAL,242741800
PRIORITY,NORMAL,242746200
PRIORITY,NORMAL,242750300
PRIORITY,NORMAL,242752000
PRIORITY,NORMAL,242756100
PRIORITY,NORMAL,242760300
PRIORITY,NORMAL,242764600
PRIORITY,NORMAL,242767800
PRIORITY,NORMAL,242772100
PRIORITY,NORMAL,242776300
PRIORITY,NORMAL,242779800
PRIORITY,NORMAL,242783900
PRIORITY,NORMAL,242784500
PRIORITY,NORMAL,242789100
PRIORITY,NORMAL,242793100
PRIORITY,NORMAL,242797500
PRIORITY,NORMAL,242800500
PRIORITY,NORMAL,242803800
PRIORITY,NORMAL,242807800
PRIORITY,NORMAL,242811800
PRIORITY,NORMAL,242816000
PRIORITY,NORMAL,242815900
PRIORITY,NORMAL,242819200
PRIORITY,NORMAL,242823300
PRIORITY,NORMAL,242827700
PRIORITY,NORMAL,242832300
PRIORITY,NORMAL,242836800
PRIORITY,NORMAL,242840700
PRIORITY,NORMAL,242842800
PRIORITY,NORMAL,242844500
PRIORITY,NORMAL,242843700
PRIORITY,NORMAL,242845400
PRIORITY,NORMAL,242847300
PRIORITY,NORMAL,242849200
PRIORITY,NORMAL,242851300
PRIORITY,NORMAL,242853100
PRIORITY,NORMAL,242855200
PRIORITY,NORMAL,242856900
PRIORITY,NORMAL,242859100
PRIORITY,NORMAL,242858400
PRIORITY,NORMAL,242860500
PRIORITY,NORMAL,242862400
PRIORITY,NORMAL,242864500
PRIORITY,NORMAL,242866700
PRIORITY,NORMAL,242868800
PRIORITY,NORMAL,242869000
PRIORITY,NORMAL,242871000
PRIORITY,NORMAL,242873200
PRIORITY,NORMAL,242872600
PRIORITY,NORMAL,242874600
PRIORITY,NORMAL,242876700
PRIORITY,NORMAL,242878900
PRIORITY,NORMAL,242880900
PRIORITY,NORMAL,242883100
PRIORITY,NORMAL,242885200
PRIORITY,NORMAL,242887700
PRIORITY,NORMAL,242890000
PRIORITY,NORMAL,242889300
PRIORITY,NORMAL,242891600
PRIORITY,NORMAL,242893600
PRIORITY,NORMAL,242895600
PRIORITY,NORMAL,242897600
PRIORITY,NORMAL,242899800
PRIORITY,NORMAL,242901900
PRIORITY,NORMAL,242903900
PRIORITY,NORMAL,242905900
PRIORITY,NORMAL,242905000
PRIORITY,NORMAL,242906700
PRIORITY,NORMAL,242908700
PRIORITY,NORMAL,242910700
PRIORITY,NORMAL,242912500
PRIORITY,NORMAL,242914300
PRIORITY,NORMAL,242917100
PRIORITY,NORMAL,242920900
PRIORITY,NORMAL,242925000
PRIORITY,NORMAL,242928300
PRIORITY,NORMAL,242932600
PRIORITY,NORMAL,242936500
PRIORITY,NORMAL,242940600
PRIORITY,NORMAL,242944700
PRIORITY,NORMAL,242948800
PRIORITY,NORMAL,242952700
PRIORITY,NORMAL,242957000
PRIORITY,NORMAL,242961500
PRIORITY,NORMAL,242963200
PRIORITY,NORMAL,242967600
PRIORITY,NORMAL,242972200
PRIORITY,NORMAL,242976300
PRIORITY,NORMAL,242978000
PRIORITY,NORMAL,242981100
PRIORITY,NORMAL,242985400
PRIORITY,NORMAL,242989600
PRIORITY,NORMAL,242991600
PRIORITY,NORMAL,242993100
PRIORITY,NORMAL,242997300
PRIORITY,NORMAL,243001600
PRIORITY,NORMAL,243004300
PRIORITY,NORMAL,243008500
PRIORITY,NORMAL,243012500
PRIORITY,NORMAL,243017400
PRIORITY,NORMAL,243021800
PRIORITY,NORMAL,243025800
PRIORITY,NORMAL,243027300
PRIORITY,NORMAL,243031900
PRIORITY,NORMAL,243036500
PRIORITY,NORMAL,243038700
PRIORITY,NORMAL,243040400
PRIORITY,NORMAL,243042200
PRIORITY,NORMAL,243043900
PRIORITY,NORMAL,243047000
PRIORITY,NORMAL,243051300
PRIORITY,NORMAL,243052800
PRIORITY,NORMAL,243057300
PRIORITY,NORMAL,243061500
PRIORITY,NORMAL,243066000
PRIORITY,NORMAL,243070300
PRIORITY,NORMAL,243036700
PRIORITY,NORMAL,243040000
PRIORITY,NORMAL,243044100
PRIORITY,NORMAL,243047700
PRIORITY,NORMAL,243048600
PRIORITY,NORMAL,243052000
PRIORITY,NORMAL,243056400
PRIORITY,NORMAL,243061300
PRIORITY,NORMAL,243065600
PRIORITY,NORMAL,243069700
PRIORITY,NORMAL,243074200
PRIORITY,NORMAL,243078300
PRIORITY,NORMAL,243082600
PRIORITY,NORMAL,243084000
PRIORITY,NORMAL,243088500
PRIORITY,NORMAL,243092300
PRIORITY,NORMAL,243096400
PRIORITY,NORMAL,243100600
PRIORITY,NORMAL,243105900
PRIORITY,NORMAL,243109800
PRIORITY,NORMAL,243113900
PRIORITY,NORMAL,243118200
PRIORITY,NORMAL,243117300
PRIORITY,NORMAL,243121500
PRIORITY,NORMAL,243124700
PRIORITY,NORMAL,243128600
PRIORITY,NORMAL,243132800
PRIORITY,NORMAL,243137100
PRIORITY,NORMAL,243141500
PRIORITY,NORMAL,243143600
PRIORITY,NORMAL,243147800
PRIORITY,NORMAL,243149400
PRIORITY,NORMAL,243153700
PRIORITY,NORMAL,243157800
PRIORITY,NORMAL,243162100
PRIORITY,NORMAL,243164900
PRIORITY,NORMAL,243166300
PRIORITY,NORMAL,243167900
PRIORITY,NORMAL,243170000
PRIORITY,NORMAL,243171800
PRIORITY,NORMAL,243171000
PRIORITY,NORMAL,243172800
PRIORITY,NORMAL,243174700
PRIORITY,NORMAL,243176700
PRIORITY,NORMAL,243178400
PRIORITY,NORMAL,243180100
PRIORITY,NORMAL,243182500
PRIORITY,NORMAL,243184500
PRIORITY,NORMAL,243186300
PRIORITY,NORMAL,243185600
PRIORITY,NORMAL,243187600
PRIORITY,NORMAL,243189400
PRIORITY,NORMAL,243191400
PRIORITY,NORMAL,243194000
PRIORITY,NORMAL,243198100
PRIORITY,NORMAL,243202300
PRIORITY,NORMAL,243206500
PRIORITY,NORMAL,243210800
PRIORITY,NORMAL,243212200
PRIORITY,NORMAL,243216200
PRIORITY,NORMAL,243220200
PRIORITY,NORMAL,243224400
PRIORITY,NORMAL,243228600
PRIORITY,NORMAL,243232900
PRIORITY,NORMAL,243237300
PRIORITY,NORMAL,243241600
PRIORITY,NORMAL,243246000
PRIORITY,NORMAL,243245500
PRIORITY,NORMAL,243247900
PRIORITY,NORMAL,243249500
PRIORITY,NORMAL,243253800
PRIORITY,NORMAL,243258300
PRIORITY,NORMAL,243262600
PRIORITY,NORMAL,243266900
PRIORITY,NORMAL,243271200
PRIORITY,NORMAL,243275600
PRIORITY,NORMAL,243277100
PRIORITY,NORMAL,243280600
PRIORITY,NORMAL,243284900
PRIORITY,NORMAL,243289900
PRIORITY,NORMAL,243294300
PRIORITY,NORMAL,243298700
PRIORITY,NORMAL,243303100
PRIORITY,NORMAL,243307500
PRIORITY,NORMAL,243312000
PRIORITY,NORMAL,243311400
PRIORITY,NORMAL,243313500
PRIORITY,NORMAL,243315600
PRIORITY,NORMAL,243317400
PRIORITY,NORMAL,243319100
PRIORITY,NORMAL,243321300
PRIORITY,NORMAL,243323100
PRIORITY,NORMAL,243324900
PRIORITY,NORMAL,243326700
PRIORITY,NORMAL,243326400
PRIORITY,NORMAL,243330700
PRIORITY,NORMAL,243335100
PRIORITY,NORMAL,243339500
PRIORITY,NORMAL,243343600
PRIORITY,NORMAL,243347700
PRIORITY,NORMAL,243352100
PRIORITY,NORMAL,243356300
PRIORITY,NORMAL,243360400
PRIORITY,NORMAL,243361700
PRIORITY,NORMAL,243368500
PRIORITY,NORMAL,243373000
PRIORITY,NORMAL,243377100
PRIORITY,NORMAL,243303200
PRIORITY,NORMAL,243307700
PRIORITY,NORMAL,243312300
PRIORITY,NORMAL,243314400
PRIORITY,NORMAL,243315800
PRIORITY,NORMAL,243315200
PRIORITY,NORMAL,243314700
PRIORITY,NORMAL,243317000
PRIORITY,NORMAL,243318800
PRIORITY,NORMAL,243353900
PRIORITY,NORMAL,243355900
PRIORITY,NORMAL,243357900
PRIORITY,NORMAL,243359800
PRIORITY,NORMAL,243361700
PRIORITY,NORMAL,243361400
PRIORITY,NORMAL,243363700
PRIORITY,NORMAL,243365900
PRIORITY,NORMAL,243368400
PRIORITY,NORMAL,243370300
PRIORITY,NORMAL,243372300
PRIORITY,NORMAL,243460600
PRIORITY,NORMAL,243466100
PRIORITY,NORMAL,243551500
PRIORITY,NORMAL,243553900
PRIORITY,NORMAL,243556100
PRIORITY,NORMAL,243557600
PRIORITY,NORMAL,243562100
PRIORITY,NORMAL,243566200
PRIORITY,NORMAL,243570900
PRIORITY,NORMAL,243575200
PRIORITY,NORMAL,243579700
PRIORITY,NORMAL,243584100
PRIORITY,NORMAL,243585300
PRIORITY,NORMAL,243589500
PRIORITY,NORMAL,243593500
PRIORITY,NORMAL,243598000
PRIORITY,NORMAL,243602200
PRIORITY,NORMAL,243606400
PRIORITY,NORMAL,243610700
PRIORITY,NORMAL,243614900
PRIORITY,NORMAL,243619100
PRIORITY,NORMAL,243621300
PRIORITY,NORMAL,243625600
PRIORITY,NORMAL,243630200
PRIORITY,NORMAL,243634600
PRIORITY,NORMAL,243636800
PRIORITY,NORMAL,243638500
PRIORITY,NORMAL,243642400
PRIORITY,NORMAL,243647200
PRIORITY,NORMAL,243651600
PRIORITY,NORMAL,243653100
PRIORITY,NORMAL,243657400
PRIORITY,NORMAL,243660000
PRIORITY,NORMAL,243664800
PRIORITY,NORMAL,243708000
PRIORITY,NORMAL,243765500
PRIORITY,NORMAL,243859300
PRIORITY,NORMAL,243900000
PRIORITY,NORMAL,243902500
PRIORITY,NORMAL,243901600
PRIORITY,NORMAL,243903100
PRIORITY,NORMAL,243905100
PRIORITY,NORMAL,243907000
PRIORITY,NORMAL,243909500
PRIORITY,NORMAL,244020000
PRIORITY,NORMAL,244283600
PRIORITY,NORMAL,244293000
PRIORITY,NORMAL,244297200
PRIORITY,NORMAL,244306600
PRIORITY,NORMAL,244314300
PRIORITY,NORMAL,244317300
PRIORITY,NORMAL,244319700
PRIORITY,NORMAL,244322500
PRIORITY,NORMAL,244325700
PRIORITY,NORMAL,244348200
PRIORITY,NORMAL,244351500
PRIORITY,NORMAL,244354200
PRIORITY,NORMAL,244355700
PRIORITY,NORMAL,244358100
PRIORITY,NORMAL,244359900
PRIORITY,NORMAL,244361600
PRIORITY,NORMAL,244363400
PRIORITY,NORMAL,244364900
PRIORITY,NORMAL,244368800
PRIORITY,NORMAL,244374000
PRIORITY,NORMAL,244378100
PRIORITY,NORMAL,244376800
PRIORITY,NORMAL,244379300
PRIORITY,NORMAL,244380600
PRIORITY,NORMAL,244384100
PRIORITY,NORMAL,244386000
PRIORITY,NORMAL,244391500
PRIORITY,NORMAL,244393900
PRIORITY,NORMAL,244395200
PRIORITY,NORMAL,244396700
PRIORITY,NORMAL,244397900
PRIORITY,NORMAL,244404000
PRIORITY,NORMAL,244406200
PRIORITY,NORMAL,244406000
PRIORITY,NORMAL,244411700
PRIORITY,NORMAL,244416200
PRIORITY,NORMAL,244422400
PRIORITY,NORMAL,244428000
PRIORITY,NORMAL,244442400
PRIORITY,NORMAL,244446400
PRIORITY,NORMAL,244448600
PRIORITY,NORMAL,244454000
PRIORITY,NORMAL,244461400
PRIORITY,NORMAL,244466800
PRIORITY,NORMAL,244470900
PRIORITY,NORMAL,244475900
PRIORITY,NORMAL,244488000
PRIORITY,NORMAL,244493000
PRIORITY,NORMAL,244492600
PRIORITY,NORMAL,244494200
PRIORITY,NORMAL,244495400
PRIORITY,NORMAL,244497800
PRIORITY,NORMAL,244499900
PRIORITY,NORMAL,244502000
PRIORITY,NORMAL,244504100
PRIORITY,NORMAL,244505700
PRIORITY,NORMAL,244507400
PRIORITY,NORMAL,244509700
PRIORITY,NORMAL,244513200
PRIORITY,NORMAL,244519900
PRIORITY,NORMAL,244536800
PRIORITY,NORMAL,244541800
PRIORITY,NORMAL,244544700
PRIORITY,NORMAL,244548900
PRIORITY,NORMAL,244552700
PRIORITY,NORMAL,244556200
PRIORITY,NORMAL,244555700
PRIORITY,NORMAL,244560000
PRIORITY,NORMAL,244562400
PRIORITY,NORMAL,244563900
PRIORITY,NORMAL,244566700
PRIORITY,NORMAL,244569600
PRIORITY,NORMAL,244571400
PRIORITY,NORMAL,244574200
PRIORITY,NORMAL,244576600
PRIORITY,NORMAL,244576300
PRIORITY,NORMAL,244579200
PRIORITY,NORMAL,244581600
PRIORITY,NORMAL,244584200
PRIORITY,NORMAL,244584500
PRIORITY,NORMAL,244586700
PRIORITY,NORMAL,244589000
PRIORITY,NORMAL,244591200
PRIORITY,NORMAL,244593700
PRIORITY,NORMAL,244593500
PRIORITY,NORMAL,244595600
PRIORITY,NORMAL,244598000
PRIORITY,NORMAL,244600100
PRIORITY,NORMAL,244602400
PRIORITY,NORMAL,244604600
PRIORITY,NORMAL,244607200
PRIORITY,NORMAL,244609600
PRIORITY,NORMAL,244612000
PRIORITY,NORMAL,244611700
PRIORITY,NORMAL,244614200
PRIORITY,NORMAL,244616600
PRIORITY,NORMAL,244618800
PRIORITY,NORMAL,244622000
PRIORITY,NORMAL,244624800
PRIORITY,NORMAL,244627100
PRIORITY,NORMAL,244629300
PRIORITY,NORMAL,244631600
PRIORITY,NORMAL,244631100
PRIORITY,NORMAL,244633300
PRIORITY,NORMAL,244636000
PRIORITY,NORMAL,244638400
PRIORITY,NORMAL,244641600
PRIORITY,NORMAL,244644000
PRIORITY,NORMAL,244646100
PRIORITY,NORMAL,244648500
PRIORITY,NORMAL,244651000
PRIORITY,NORMAL,244650300
PRIORITY,NORMAL,244652800
PRIORITY,NORMAL,244655400
PRIORITY,NORMAL,244657600
PRIORITY,NORMAL,244659800
PRIORITY,NORMAL,244662400
PRIORITY,NORMAL,244664800
PRIORITY,NORMAL,244667400
PRIORITY,NORMAL,244670000
PRIORITY,NORMAL,244669600
PRIORITY,NORMAL,244672100
PRIORITY,NORMAL,244675000
PRIORITY,NORMAL,244677800
PRIORITY,NORMAL,244680600
PRIORITY,NORMAL,244683900
PRIORITY,NORMAL,244684300
PRIORITY,NORMAL,244686700
PRIORITY,NORMAL,244689800
PRIORITY,NORMAL,244689800
PRIORITY,NORMAL,244738300
PRIORITY,NORMAL,244743300
PRIORITY,NORMAL,244745900
PRIORITY,NORMAL,244748800
PRIORITY,NORMAL,244712300
PRIORITY,NORMAL,244720500
PRIORITY,NORMAL,244723800
PRIORITY,NORMAL,244726200
PRIORITY,NORMAL,244725900
PRIORITY,NORMAL,244728300
PRIORITY,NORMAL,244730600
PRIORITY,NORMAL,244733300
PRIORITY,NORMAL,244735400
PRIORITY,NORMAL,244737200
PRIORITY,NORMAL,244739200
PRIORITY,NORMAL,244742000
PRIORITY,NORMAL,244744300
PRIORITY,NORMAL,244744000
PRIORITY,NORMAL,244746400
PRIORITY,NORMAL,244749200
PRIORITY,NORMAL,244754200
PRIORITY,NORMAL,244757900
PRIORITY,NORMAL,244760500
PRIORITY,NORMAL,244764000
PRIORITY,NORMAL,244766000
PRIORITY,NORMAL,244768500
PRIORITY,NORMAL,244770400
PRIORITY,NORMAL,244774700
PRIORITY,NORMAL,244777800
PRIORITY,NORMAL,244780200
PRIORITY,NORMAL,244782800
PRIORITY,NORMAL,244785100
PRIORITY,NORMAL,244787400
PRIORITY,NORMAL,244790200
PRIORITY,NORMAL,244792700
PRIORITY,NORMAL,244792200
PRIORITY,NORMAL,244794400
PRIORITY,NORMAL,244796800
PRIORITY,NORMAL,244799000
PRIORITY,NORMAL,244801100
PRIORITY,NORMAL,244803800
PRIORITY,NORMAL,244806500
PRIORITY,NORMAL,244806600
PRIORITY,NORMAL,244809100
PRIORITY,NORMAL,244809100
PRIORITY,NORMAL,244811700
PRIORITY,NORMAL,244814500
PRIORITY,NORMAL,244816800
PRIORITY,NORMAL,244819800
PRIORITY,NORMAL,244827600
PRIORITY,NORMAL,244830800
PRIORITY,NORMAL,244834300
PRIORITY,NORMAL,244835900
PRIORITY,NORMAL,244919400
PRIORITY,NORMAL,244924600
PRIORITY,NORMAL,244926300
PRIORITY,NORMAL,244928200
PRIORITY,NORMAL,244929800
PRIORITY,NORMAL,244972100
PRIORITY,NORMAL,244975900
PRIORITY,NORMAL,244977500
PRIORITY,NORMAL,244979500
PRIORITY,NORMAL,244978300
PRIORITY,NORMAL,244980000
PRIORITY,NORMAL,244981800
PRIORITY,NORMAL,244983500
PRIORITY,NORMAL,244984800
PRIORITY,NORMAL,244986400
PRIORITY,NORMAL,244987700
PRIORITY,NORMAL,244989200
PRIORITY,NORMAL,244991600
PRIORITY,NORMAL,244992400
PRIORITY,NORMAL,244996200
PRIORITY,NORMAL,245000300
PRIORITY,NORMAL,245004900
PRIORITY,NORMAL,245009200
PRIORITY,NORMAL,245013000
PRIORITY,NORMAL,245015500
PRIORITY,NORMAL,245019300
PRIORITY,NORMAL,245020900
PRIORITY,NORMAL,245019800
PRIORITY,NORMAL,245022300
PRIORITY,NORMAL,245026600
PRIORITY,NORMAL,245029200
PRIORITY,NORMAL,245031300
PRIORITY,NORMAL,245032700
PRIORITY,NORMAL,245034200
PRIORITY,NORMAL,245036300
PRIORITY,NORMAL,245036100
PRIORITY,NORMAL,245035100
PRIORITY,NORMAL,245037100
PRIORITY,NORMAL,245038800
PRIORITY,NORMAL,245040300
PRIORITY,NORMAL,245042500
PRIORITY,NORMAL,245044300
PRIORITY,NORMAL,245045600
PRIORITY,NORMAL,245047100
PRIORITY,NORMAL,245048400
PRIORITY,NORMAL,245047200
PRIORITY,NORMAL,245048600
PRIORITY,NORMAL,245049900
PRIORITY,NORMAL,245051700
PRIORITY,NORMAL,245054300
PRIORITY,NORMAL,245055800
PRIORITY,NORMAL,245056900
PRIORITY,NORMAL,245058900
PRIORITY,NORMAL,245060700
PRIORITY,NORMAL,245061200
PRIORITY,NORMAL,245063200
PRIORITY,NORMAL,245065200
PRIORITY,NORMAL,245067300
PRIORITY,NORMAL,245069200
PRIORITY,NORMAL,245070800
PRIORITY,NORMAL,245072700
PRIORITY,NORMAL,245074400
PRIORITY,NORMAL,245076000
PRIORITY,NORMAL,245074700
PRIORITY,NORMAL,245076100
PRIORITY,NORMAL,245077700
PRIORITY,NORMAL,245079700
PRIORITY,NORMAL,245081500
PRIORITY,NORMAL,245083400
PRIORITY,NORMAL,245085400
PRIORITY,NORMAL,245087400
PRIORITY,NORMAL,245088900
PRIORITY,NORMAL,245088100
PRIORITY,NORMAL,245089900
PRIORITY,NORMAL,245091600
PRIORITY,NORMAL,245093200
PRIORITY,NORMAL,245095200
PRIORITY,NORMAL,245097100
PRIORITY,NORMAL,245098900
PRIORITY,NORMAL,245100900
PRIORITY,NORMAL,245102500
PRIORITY,NORMAL,245098900
PRIORITY,NORMAL,245101000
PRIORITY,NORMAL,245105000
PRIORITY,NORMAL,245106800
PRIORITY,NORMAL,245109300
PRIORITY,NORMAL,245110800
PRIORITY,NORMAL,245112300
PRIORITY,NORMAL,245114400
PRIORITY,NORMAL,245116100
PRIORITY,NORMAL,245115700
PRIORITY,NORMAL,245117000
PRIORITY,NORMAL,245118100
PRIORITY,NORMAL,245119700
PRIORITY,NORMAL,245122800
PRIORITY,NORMAL,245124600
PRIORITY,NORMAL,245127800
PRIORITY,NORMAL,245131100
PRIORITY,NORMAL,245134800
PRIORITY,NORMAL,245136600
PRIORITY,NORMAL,245139700
PRIORITY,NORMAL,245142100
PRIORITY,NORMAL,245143500
PRIORITY,NORMAL,245145300
PRIORITY,NORMAL,245147600
PRIORITY,NORMAL,245149500
PRIORITY,NORMAL,245151800
PRIORITY,NORMAL,245153700
PRIORITY,NORMAL,245152900
PRIORITY,NORMAL,245156000
PRIORITY,NORMAL,245159800
PRIORITY,NORMAL,245162900
PRIORITY,NORMAL,245166300
PRIORITY,NORMAL,245171700
PRIORITY,NORMAL,245175800
PRIORITY,NORMAL,245180500
PRIORITY,NORMAL,245185600
PRIORITY,NORMAL,245185900
PRIORITY,NORMAL,245189800
PRIORITY,NORMAL,245127000
PRIORITY,NORMAL,245128200
PRIORITY,NORMAL,245130700
PRIORITY,NORMAL,245133900
PRIORITY,NORMAL,245137900
PRIORITY,NORMAL,245141700
PRIORITY,NORMAL,245145800
PRIORITY,NORMAL,245145400
PRIORITY,NORMAL,245149600
PRIORITY,NORMAL,245151600
PRIORITY,NORMAL,245153300
PRIORITY,NORMAL,245155100
PRIORITY,NORMAL,245156700
PRIORITY,NORMAL,245158400
PRIORITY,NORMAL,245159900
PRIORITY,NORMAL,245161400
PRIORITY,NORMAL,245160300
PRIORITY,NORMAL,245162000
PRIORITY,NORMAL,245164100
PRIORITY,NORMAL,245165600
PRIORITY,NORMAL,245167000
PRIORITY,NORMAL,245168800
PRIORITY,NORMAL,245171800
PRIORITY,NORMAL,245175200
PRIORITY,NORMAL,245177000
PRIORITY,NORMAL,245176200
PRIORITY,NORMAL,245238500
PRIORITY,NORMAL,245241400
PRIORITY,NORMAL,245243100
PRIORITY,NORMAL,245246700
PRIORITY,NORMAL,245248900
PRIORITY,NORMAL,245251800
PRIORITY,NORMAL,245253700
PRIORITY,NORMAL,245255900
PRIORITY,NORMAL,245256600
PRIORITY,NORMAL,245257900
PRIORITY,NORMAL,245259400
PRIORITY,NORMAL,245262400
PRIORITY,NORMAL,245264600
PRIORITY,NORMAL,245268000
PRIORITY,NORMAL,245270700
PRIORITY,NORMAL,245272300
PRIORITY,NORMAL,245274300
PRIORITY,NORMAL,245274400
PRIORITY,NORMAL,245276900
PRIORITY,NORMAL,245280300
PRIORITY,NORMAL,245284200
PRIORITY,NORMAL,245295500
PRIORITY,NORMAL,245299300
PRIORITY,NORMAL,245302500
PRIORITY,NORMAL,245304200
PRIORITY,NORMAL,245306600
PRIORITY,NORMAL,245306600
PRIORITY,NORMAL,245310100
PRIORITY,NORMAL,245311500
PRIORITY,NORMAL,245312000
PRIORITY,NORMAL,245312600
PRIORITY,NORMAL,245312900
PRIORITY,NORMAL,245313500
PRIORITY,NORMAL,245314100
PRIORITY,NORMAL,245314800
PRIORITY,NORMAL,245313000
PRIORITY,NORMAL,245313300
PRIORITY,NORMAL,245313800
PRIORITY,NORMAL,245314900
PRIORITY,NORMAL,245315300
PRIORITY,NORMAL,245315900
PRIORITY,NORMAL,245316400
PRIORITY,NORMAL,245317200
PRIORITY,NORMAL,245317700
PRIORITY,NORMAL,245315300
PRIORITY,NORMAL,245315700
PRIORITY,NORMAL,245316200
PRIORITY,NORMAL,245316900
PRIORITY,NORMAL,245317400
PRIORITY,NORMAL,245318000
PRIORITY,NORMAL,245319000
PRIORITY,NORMAL,245319700
PRIORITY,NORMAL,245320900
PRIORITY,NORMAL,245318800
PRIORITY,NORMAL,245320100
PRIORITY,NORMAL,245320800
PRIORITY,NORMAL,245321200
PRIORITY,NORMAL,245322100
PRIORITY,NORMAL,245322700
PRIORITY,NORMAL,245323100
PRIORITY,NORMAL,245323500
PRIORITY,NORMAL,245324100
PRIORITY,NORMAL,245322100
PRIORITY,NORMAL,245323000
PRIORITY,NORMAL,245324000
PRIORITY,NORMAL,245325200
PRIORITY,NORMAL,245325700
PRIORITY,NORMAL,245326000
PRIORITY,NORMAL,245326500
PRIORITY,NORMAL,245327400
PRIORITY,NORMAL,245327800
PRIORITY,NORMAL,245325900
PRIORITY,NORMAL,245326700
PRIORITY,NORMAL,245325100
PRIORITY,NORMAL,245325600
PRIORITY,NORMAL,245326000
PRIORITY,NORMAL,245326400
PRIORITY,NORMAL,245327300
PRIORITY,NORMAL,245327600
PRIORITY,NORMAL,245328300
PRIORITY,NORMAL,245326200
PRIORITY,NORMAL,245326800
PRIORITY,NORMAL,245327400
PRIORITY,NORMAL,245328100
PRIORITY,NORMAL,245328400
PRIORITY,NORMAL,245328900
PRIORITY,NORMAL,245329500
PRIORITY,NORMAL,245329900
PRIORITY,NORMAL,245330400
PRIORITY,NORMAL,245328200
PRIORITY,NORMAL,245328600
PRIORITY,NORMAL,245329000
PRIORITY,NORMAL,245329400
PRIORITY,NORMAL,245329900
PRIORITY,NORMAL,245330600
PRIORITY,NORMAL,245331200
PRIORITY,NORMAL,245332000
PRIORITY,NORMAL,245333600
PRIORITY,NORMAL,245332600
PRIORITY,NORMAL,245335000
PRIORITY,NORMAL,245336400
PRIORITY,NORMAL,245338600
PRIORITY,NORMAL,245341700
PRIORITY,NORMAL,245344100
PRIORITY,NORMAL,245346100
PRIORITY,NORMAL,245347500
PRIORITY,NORMAL,245349600
PRIORITY,NORMAL,245348700
PRIORITY,NORMAL,245350500
PRIORITY,NORMAL,245352700
PRIORITY,NORMAL,245355000
PRIORITY,NORMAL,245357200
PRIORITY,NORMAL,245288500
PRIORITY,NORMAL,245288900
PRIORITY,NORMAL,245289300
PRIORITY,NORMAL,245289800
PRIORITY,NORMAL,245287400
PRIORITY,NORMAL,245288300
PRIORITY,NORMAL,245288800
PRIORITY,NORMAL,245287100
PRIORITY,NORMAL,245287500
PRIORITY,NORMAL,245287900
PRIORITY,NORMAL,245288300
PRIORITY,NORMAL,245289000
PRIORITY,NORMAL,245289600
PRIORITY,NORMAL,245287200
PRIORITY,NORMAL,245287800
PRIORITY,NORMAL,245288300
PRIORITY,NORMAL,245288700
PRIORITY,NORMAL,245289500
PRIORITY,NORMAL,245290000
PRIORITY,NORMAL,245290500
PRIORITY,NORMAL,245291000
PRIORITY,NORMAL,245291400
PRIORITY,NORMAL,245289000
PRIORITY,NORMAL,245289300
PRIORITY,NORMAL,245289900
PRIORITY,NORMAL,245290400
PRIORITY,NORMAL,245291000
PRIORITY,NORMAL,245291400
PRIORITY,NORMAL,245291900
PRIORITY,NORMAL,245292300
PRIORITY,NORMAL,245292600
PRIORITY,NORMAL,245290500
PRIORITY,NORMAL,245290800
PRIORITY,NORMAL,245291300
PRIORITY,NORMAL,245291700
PRIORITY,NORMAL,245292000
PRIORITY,NORMAL,245292500
PRIORITY,NORMAL,245292800
PRIORITY,NORMAL,245293600
PRIORITY,NORMAL,245294000
PRIORITY,NORMAL,245291600
PRIORITY,NORMAL,245292000
PRIORITY,NORMAL,245292300
PRIORITY,NORMAL,245292800
PRIORITY,NORMAL,245293200
PRIORITY,NORMAL,245293600
PRIORITY,NORMAL,245294100
PRIORITY,NORMAL,245294600
PRIORITY,NORMAL,245295100
PRIORITY,NORMAL,245292800
PRIORITY,NORMAL,245293500
PRIORITY,NORMAL,245294100
PRIORITY,NORMAL,245294900
PRIORITY,NORMAL,245295500
PRIORITY,NORMAL,245293900
PRIORITY,NORMAL,245294400
PRIORITY,NORMAL,245294800
PRIORITY,NORMAL,245295400
PRIORITY,NORMAL,245293500
PRIORITY,NORMAL,245293900
PRIORITY,NORMAL,245295000
PRIORITY,NORMAL,245295300
PRIORITY,NORMAL,245295700
PRIORITY,NORMAL,245296100
PRIORITY,NORMAL,245296600
PRIORITY,NORMAL,245297000
PRIORITY,NORMAL,245297600
PRIORITY,NORMAL,245295400
PRIORITY,NORMAL,245295700
PRIORITY,NORMAL,245296000
PRIORITY,NORMAL,245296500
PRIORITY,NORMAL,245296900
PRIORITY,NORMAL,245297200
PRIORITY,NORMAL,245297600
PRIORITY,NORMAL,245298100
PRIORITY,NORMAL,245298500
PRIORITY,NORMAL,245296200
PRIORITY,NORMAL,245297100
PRIORITY,NORMAL,245298000
PRIORITY,NORMAL,245298600
PRIORITY,NORMAL,245299000
PRIORITY,NORMAL,245299500
PRIORITY,NORMAL,245300300
PRIORITY,NORMAL,245300700
PRIORITY,NORMAL,245301500
PRIORITY,NORMAL,245299600
PRIORITY,NORMAL,245300300
PRIORITY,NORMAL,245300800
PRIORITY,NORMAL,245301200
PRIORITY,NORMAL,245301600
PRIORITY,NORMAL,245302000
PRIORITY,NORMAL,245302400
PRIORITY,NORMAL,245302900
PRIORITY,NORMAL,245303400
PRIORITY,NORMAL,245301100
PRIORITY,NORMAL,245301600
PRIORITY,NORMAL,245302100
PRIORITY,NORMAL,245302500
PRIORITY,NORMAL,245303200
PRIORITY,NORMAL,245303500
PRIORITY,NORMAL,245301800
PRIORITY,NORMAL,245302300
PRIORITY,NORMAL,245302800
PRIORITY,NORMAL,245300500
PRIORITY,NORMAL,245301200
PRIORITY,NORMAL,245301800
PRIORITY,NORMAL,245302200
PRIORITY,NORMAL,245302600
PRIORITY,NORMAL,245303000
PRIORITY,NORMAL,245303400
PRIORITY,NORMAL,245303800
PRIORITY,NORMAL,245304300
PRIORITY,NORMAL,245302400
PRIORITY,NORMAL,245302700
PRIORITY,NORMAL,245303100
PRIORITY,NORMAL,245303700
PRIORITY,NORMAL,245304100
PRIORITY,NORMAL,245304600
PRIORITY,NORMAL,245304800
PRIORITY,NORMAL,245305300
PRIORITY,NORMAL,245305900
PRIORITY,NORMAL,245303500
PRIORITY,NORMAL,245303900
PRIORITY,NORMAL,245304500
PRIORITY,NORMAL,245305000
PRIORITY,NORMAL,245305500
PRIORITY,NORMAL,245306300
PRIORITY,NORMAL,245306600
PRIORITY,NORMAL,245307000
PRIORITY,NORMAL,245307400
PRIORITY,NORMAL,245305000
PRIORITY,NORMAL,245305300
PRIORITY,NORMAL,245305800
PRIORITY,NORMAL,245306100
PRIORITY,NORMAL,245306500
PRIORITY,NORMAL,245306900
PRIORITY,NORMAL,245307500
PRIORITY,NORMAL,245308000
PRIORITY,NORMAL,245308400
PRIORITY,NORMAL,245306000
PRIORITY,NORMAL,245306500
PRIORITY,NORMAL,245307100
PRIORITY,NORMAL,245307600
PRIORITY,NORMAL,245308200
PRIORITY,NORMAL,245308600
PRIORITY,NORMAL,245309100
PRIORITY,NORMAL,245307300
PRIORITY,NORMAL,245307800
PRIORITY,NORMAL,245305500
PRIORITY,NORMAL,245305800
PRIORITY,NORMAL,245306300
PRIORITY,NORMAL,245306800
PRIORITY,NORMAL,245307100
PRIORITY,NORMAL,245307500
PRIORITY,NORMAL,245307900
PRIORITY,NORMAL,245308400
PRIORITY,NORMAL,245308700
PRIORITY,NORMAL,245306200
PRIORITY,NORMAL,245306700
PRIORITY,NORMAL,245307000
PRIORITY,NORMAL,245307400
PRIORITY,NORMAL,245307700
PRIORITY,NORMAL,245308100
PRIORITY,NORMAL,245308300
PRIORITY,NORMAL,245308700
PRIORITY,NORMAL,245309000
PRIORITY,NORMAL,245306600
PRIORITY,NORMAL,245307000
PRIORITY,NORMAL,245307300
PRIORITY,NORMAL,245307700
PRIORITY,NORMAL,245308300
PRIORITY,NORMAL,245309100
PRIORITY,NORMAL,245309400
PRIORITY,NORMAL,245310000
PRIORITY,NORMAL,245310300
PRIORITY,NORMAL,245308100
PRIORITY,NORMAL,245308800
PRIORITY,NORMAL,245309300
PRIORITY,NORMAL,245309600
PRIORITY,NORMAL,245309900
PRIORITY,NORMAL,245310300
PRIORITY,NORMAL,245310700
PRIORITY,NORMAL,245311200
PRIORITY,NORMAL,245311600
PRIORITY,NORMAL,245309300
PRIORITY,NORMAL,245309800
PRIORITY,NORMAL,245310200
PRIORITY,NORMAL,245310600
PRIORITY,NORMAL,245311000
PRIORITY,NORMAL,245311700
PRIORITY,NORMAL,245312100
PRIORITY,NORMAL,245312500
PRIORITY,NORMAL,245310800
PRIORITY,NORMAL,245308400
PRIORITY,NORMAL,245309000
PRIORITY,NORMAL,245309400
PRIORITY,NORMAL,245309800
PRIORITY,NORMAL,245310100
PRIORITY,NORMAL,245310500
PRIORITY,NORMAL,245310800
PRIORITY,NORMAL,245311400
PRIORITY,NORMAL,245311900
PRIORITY,NORMAL,245309400
PRIORITY,NORMAL,245309600
PRIORITY,NORMAL,245309900
PRIORITY,NORMAL,245310400
PRIORITY,NORMAL,245310700
PRIORITY,NORMAL,245311000
PRIORITY,NORMAL,245311500
PRIORITY,NORMAL,245311800
PRIORITY,NORMAL,245312100
PRIORITY,NORMAL,245309700
PRIORITY,NORMAL,245310300
PRIORITY,NORMAL,245311300
PRIORITY,NORMAL,245311600
PRIORITY,NORMAL,245312000
PRIORITY,NORMAL,245312400
PRIORITY,NORMAL,245312800
PRIORITY,NORMAL,245313100
PRIORITY,NORMAL,245313500
PRIORITY,NORMAL,245311100
PRIORITY,NORMAL,245311500
PRIORITY,NORMAL,245312100
PRIORITY,NORMAL,245312500
PRIORITY,NORMAL,245313000
PRIORITY,NORMAL,245313500
PRIORITY,NORMAL,245313900
PRIORITY,NORMAL,245314200
PRIORITY,NORMAL,245314600
PRIORITY,NORMAL,245311600
PRIORITY,NORMAL,245172600
PRIORITY,NORMAL,245172600
PRIORITY,NORMAL,245173400
PRIORITY,NORMAL,245173900
PRIORITY,NORMAL,245175000
PRIORITY,NORMAL,245175700
PRIORITY,NORMAL,245176100
PRIORITY,NORMAL,245176600
PRIORITY,NORMAL,245172200
PRIORITY,NORMAL,245173200
PRIORITY,NORMAL,245173500
PRIORITY,NORMAL,245173900
PRIORITY,NORMAL,245174200
PRIORITY,NORMAL,245174900
PRIORITY,NORMAL,245175400
PRIORITY,NORMAL,245175800
PRIORITY,NORMAL,245176200
PRIORITY,NORMAL,245174000
PRIORITY,NORMAL,245174300
PRIORITY,NORMAL,245174800
PRIORITY,NORMAL,245175300
PRIORITY,NORMAL,245175900
PRIORITY,NORMAL,245176500
PRIORITY,NORMAL,245176900
PRIORITY,NORMAL,245177300
PRIORITY,NORMAL,245177800
PRIORITY,NORMAL,245175400
PRIORITY,NORMAL,245175900
PRIORITY,NORMAL,245176200
PRIORITY,NORMAL,245176800
PRIORITY,NORMAL,245177100
PRIORITY,NORMAL,245177600
PRIORITY,NORMAL,245178100
PRIORITY,NORMAL,245178600
PRIORITY,NORMAL,245179200
PRIORITY,NORMAL,245177100
PRIORITY,NORMAL,245177600
PRIORITY,NORMAL,245178100
PRIORITY,NORMAL,245178800
PRIORITY,NORMAL,245179200
PRIORITY,NORMAL,245179700
PRIORITY,NORMAL,245180100
PRIORITY,NORMAL,245180600
PRIORITY,NORMAL,245181100
PRIORITY,NORMAL,245178900
PRIORITY,NORMAL,245179300
PRIORITY,NORMAL,245179800
PRIORITY,NORMAL,245180200
PRIORITY,NORMAL,245180600
PRIORITY,NORMAL,245181200
PRIORITY,NORMAL,245181700
PRIORITY,NORMAL,245182200
PRIORITY,NORMAL,245182500
PRIORITY,NORMAL,245178200
PRIORITY,NORMAL,245178500
PRIORITY,NORMAL,245179000
PRIORITY,NORMAL,245179400
PRIORITY,NORMAL,245179900
PRIORITY,NORMAL,245180000
PRIORITY,NORMAL,245180500
PRIORITY,NORMAL,245180900
PRIORITY,NORMAL,245181400
PRIORITY,NORMAL,245179000
PRIORITY,NORMAL,245179400
PRIORITY,NORMAL,245180400
PRIORITY,NORMAL,245180900
PRIORITY,NORMAL,245181500
PRIORITY,NORMAL,245182200
PRIORITY,NORMAL,245182500
PRIORITY,NORMAL,245183000
PRIORITY,NORMAL,245183600
PRIORITY,NORMAL,245181300
PRIORITY,NORMAL,245181700
PRIORITY,NORMAL,245182100
PRIORITY,NORMAL,245182700
PRIORITY,NORMAL,245183400
PRIORITY,NORMAL,245184100
PRIORITY,NORMAL,245184600
PRIORITY,NORMAL,245185200
PRIORITY,NORMAL,245185700
PRIORITY,NORMAL,245183300
PRIORITY,NORMAL,245183900
PRIORITY,NORMAL,245184300
PRIORITY,NORMAL,245184800
PRIORITY,NORMAL,245185300
PRIORITY,NORMAL,245185600
PRIORITY,NORMAL,245186000
PRIORITY,NORMAL,245186400
PRIORITY,NORMAL,245186700
PRIORITY,NORMAL,245184500
PRIORITY,NORMAL,245184900
PRIORITY,NORMAL,245185300
PRIORITY,NORMAL,245185700
PRIORITY,NORMAL,245186400
PRIORITY,NORMAL,245186900
PRIORITY,NORMAL,245187200
PRIORITY,NORMAL,245187700
PRIORITY,NORMAL,245188200
PRIORITY,NORMAL,245186000
PRIORITY,NORMAL,245186500
PRIORITY,NORMAL,245184700
PRIORITY,NORMAL,245185300
PRIORITY,NORMAL,245185800
PRIORITY,NORMAL,245186100
PRIORITY,NORMAL,245186700
PRIORITY,NORMAL,245187200
PRIORITY,NORMAL,245187700
PRIORITY,NORMAL,245186000
PRIORITY,NORMAL,245187300
PRIORITY,NORMAL,245188000
PRIORITY,NORMAL,245188300
PRIORITY,NORMAL,245189200
PRIORITY,NORMAL,245189800
PRIORITY,NORMAL,245191000
PRIORITY,NORMAL,245191500
PRIORITY,NORMAL,245191800
PRIORITY,NORMAL,245189400
PRIORITY,NORMAL,245189900
PRIORITY,NORMAL,245191600
PRIORITY,NORMAL,245192000
PRIORITY,NORMAL,245192600
PRIORITY,NORMAL,245193000
PRIORITY,NORMAL,245193500
PRIORITY,NORMAL,245194100
PRIORITY,NORMAL,245194600
PRIORITY,NORMAL,245192400
PRIORITY,NORMAL,245193100
PRIORITY,NORMAL,245193500
PRIORITY,NORMAL,245194000
PRIORITY,NORMAL,245194500
PRIORITY,NORMAL,245195000
PRIORITY,NORMAL,245195600
PRIORITY,NORMAL,245196200
PRIORITY,NORMAL,245196800
PRIORITY,NORMAL,245194200
PRIORITY,NORMAL,245194500
PRIORITY,NORMAL,245195100
PRIORITY,NORMAL,245195500
PRIORITY,NORMAL,245196000
PRIORITY,NORMAL,245196300
PRIORITY,NORMAL,245196700
PRIORITY,NORMAL,245197100
PRIORITY,NORMAL,245197500
PRIORITY,NORMAL,245195300
PRIORITY,NORMAL,245195800
PRIORITY,NORMAL,245196100
PRIORITY,NORMAL,245194700
PRIORITY,NORMAL,245195200
PRIORITY,NORMAL,245195600
PRIORITY,NORMAL,245196000
PRIORITY,NORMAL,245196300
PRIORITY,NORMAL,245196900
PRIORITY,NORMAL,245194600
PRIORITY,NORMAL,245194900
PRIORITY,NORMAL,245195600
PRIORITY,NORMAL,245196100
PRIORITY,NORMAL,245196400
PRIORITY,NORMAL,245196900
PRIORITY,NORMAL,245197200
PRIORITY,NORMAL,245197600
PRIORITY,NORMAL,245198400
PRIORITY,NORMAL,245196200
PRIORITY,NORMAL,245196400
PRIORITY,NORMAL,245196900
PRIORITY,NORMAL,245197400
PRIORITY,NORMAL,245197700
PRIORITY,NORMAL,245198100
PRIORITY,NORMAL,245198600
PRIORITY,NORMAL,245198900
PRIORITY,NORMAL,245199300
PRIORITY,NORMAL,245196700
PRIORITY,NORMAL,245197200
PRIORITY,NORMAL,245197500
PRIORITY,NORMAL,245197800
PRIORITY,NORMAL,245198100
PRIORITY,NORMAL,245198600
PRIORITY,NORMAL,245199000
PRIORITY,NORMAL,245199400
PRIORITY,NORMAL,245199800
PRIORITY,NORMAL,245197600
PRIORITY,NORMAL,245198100
PRIORITY,NORMAL,245198700
PRIORITY,NORMAL,245199100
PRIORITY,NORMAL,245199500
PRIORITY,NORMAL,245199900
PRIORITY,NORMAL,245200300
PRIORITY,NORMAL,245201000
PRIORITY,NORMAL,245201600
PRIORITY,NORMAL,245199400
PRIORITY,NORMAL,245199700
PRIORITY,NORMAL,245200300
PRIORITY,NORMAL,245200800
PRIORITY,NORMAL,245199300
PRIORITY,NORMAL,245199800
PRIORITY,NORMAL,245200100
PRIORITY,NORMAL,245200500
PRIORITY,NORMAL,245200900
PRIORITY,NORMAL,245198600
PRIORITY,NORMAL,245199000
PRIORITY,NORMAL,245199300
PRIORITY,NORMAL,245199600
PRIORITY,NORMAL,245200000
PRIORITY,NORMAL,245200400
PRIORITY,NORMAL,245200900
PRIORITY,NORMAL,245201200
PRIORITY,NORMAL,245201500
PRIORITY,NORMAL,245199200
PRIORITY,NORMAL,245199500
PRIORITY,NORMAL,245200100
PRIORITY,NORMAL,245200500
PRIORITY,NORMAL,245200900
PRIORITY,NORMAL,245201600
PRIORITY,NORMAL,245202100
PRIORITY,NORMAL,245202700
PRIORITY,NORMAL,245203400
PRIORITY,NORMAL,245201100
PRIORITY,NORMAL,245201900
PRIORITY,NORMAL,245202300
PRIORITY,NORMAL,245202900
PRIORITY,NORMAL,245203300
PRIORITY,NORMAL,245203500
PRIORITY,NORMAL,245204100
PRIORITY,NORMAL,245204500
PRIORITY,NORMAL,245204900
PRIORITY,NORMAL,245202500
PRIORITY,NORMAL,245202800
PRIORITY,NORMAL,245203200
PRIORITY,NORMAL,245203600
PRIORITY,NORMAL,245203800
PRIORITY,NORMAL,245204200
PRIORITY,NORMAL,245204800
PRIORITY,NORMAL,245205100
PRIORITY,NORMAL,245205500
PRIORITY,NORMAL,245203000
PRIORITY,NORMAL,245203400
PRIORITY,NORMAL,245203900
PRIORITY,NORMAL,245204300
PRIORITY,NORMAL,245204900
PRIORITY,NORMAL,245203800
PRIORITY,NORMAL,245204300
PRIORITY,NORMAL,245204800
PRIORITY,NORMAL,245205300
PRIORITY,NORMAL,245203200
PRIORITY,NORMAL,245203500
PRIORITY,NORMAL,245204200
PRIORITY,NORMAL,245205200
PRIORITY,NORMAL,245205700
PRIORITY,NORMAL,245206100
PRIORITY,NORMAL,245206400
PRIORITY,NORMAL,245206900
PRIORITY,NORMAL,245207400
PRIORITY,NORMAL,245205100
PRIORITY,NORMAL,245205500
PRIORITY,NORMAL,245206000
PRIORITY,NORMAL,245206400
PRIORITY,NORMAL,245206700
PRIORITY,NORMAL,245207200
PRIORITY,NORMAL,245207700
PRIORITY,NORMAL,245207900
PRIORITY,NORMAL,245208400
PRIORITY,NORMAL,245206000
PRIORITY,NORMAL,245206400
PRIORITY,NORMAL,245206900
PRIORITY,NORMAL,245207400
PRIORITY,NORMAL,245207800
PRIORITY,NORMAL,245208300
PRIORITY,NORMAL,245208800
PRIORITY,NORMAL,245209400
PRIORITY,NORMAL,245210000
PRIORITY,NORMAL,245207800
PRIORITY,NORMAL,245208200
PRIORITY,NORMAL,245209000
PRIORITY,NORMAL,245209400
PRIORITY,NORMAL,245209900
PRIORITY,NORMAL,245210400
PRIORITY,NORMAL,245210900
PRIORITY,NORMAL,245211300
PRIORITY,NORMAL,245211800
PRIORITY,NORMAL,245209400
PRIORITY,NORMAL,245209700
PRIORITY,NORMAL,245210200
PRIORITY,NORMAL,245210500
PRIORITY,NORMAL,245211000
PRIORITY,NORMAL,245211300
PRIORITY,NORMAL,245209600
PRIORITY,NORMAL,245210000
PRIORITY,NORMAL,245210400
PRIORITY,NORMAL,245208100
PRIORITY,NORMAL,245208400
PRIORITY,NORMAL,245208800
PRIORITY,NORMAL,245209200
PRIORITY,NORMAL,245209500
PRIORITY,NORMAL,245209900
PRIORITY,NORMAL,245210300
PRIORITY,NORMAL,245210800
PRIORITY,NORMAL,245211300
PRIORITY,NORMAL,245209100
PRIORITY,NORMAL,245209600
PRIORITY,NORMAL,245210200
PRIORITY,NORMAL,245210500
PRIORITY,NORMAL,245211000
PRIORITY,NORMAL,245211400
PRIORITY,NORMAL,245211800
PRIORITY,NORMAL,245212300
PRIORITY,NORMAL,245212600
PRIORITY,NORMAL,245210200
PRIORITY,NORMAL,245210800
PRIORITY,NORMAL,245211100
PRIORITY,NORMAL,245211600
PRIORITY,NORMAL,245212000
PRIORITY,NORMAL,245212400
PRIORITY,NORMAL,245212700
PRIORITY,NORMAL,245213200
PRIORITY,NORMAL,245213600
PRIORITY,NORMAL,245211300
PRIORITY,NORMAL,245211600
PRIORITY,NORMAL,245212200
PRIORITY,NORMAL,245212700
PRIORITY,NORMAL,245213000
PRIORITY,NORMAL,245213400
PRIORITY,NORMAL,245213800
PRIORITY,NORMAL,245214100
PRIORITY,NORMAL,245214400
PRIORITY,NORMAL,245212400
PRIORITY,NORMAL,245213100
PRIORITY,NORMAL,245213500
PRIORITY,NORMAL,245214000
PRIORITY,NORMAL,245214300
PRIORITY,NORMAL,245214600
PRIORITY,NORMAL,245215000
PRIORITY,NORMAL,245215400
PRIORITY,NORMAL,245213800
PRIORITY,NORMAL,245211300
PRIORITY,NORMAL,245211600
PRIORITY,NORMAL,245212000
PRIORITY,NORMAL,245212600
PRIORITY,NORMAL,245213000
PRIORITY,NORMAL,245213300
PRIORITY,NORMAL,245213900
PRIORITY,NORMAL,245214500
PRIORITY,NORMAL,245214900
PRIORITY,NORMAL,245212500
PRIORITY,NORMAL,245213000
PRIORITY,NORMAL,245213500
PRIORITY,NORMAL,245214200
PRIORITY,NORMAL,245214600
PRIORITY,NORMAL,245215100
PRIORITY,NORMAL,245215500
PRIORITY,NORMAL,245215900
PRIORITY,NORMAL,245216300
PRIORITY,NORMAL,245214100
PRIORITY,NORMAL,245214900
PRIORITY,NORMAL,245215300
PRIORITY,NORMAL,245216400
PRIORITY,NORMAL,245217000
PRIORITY,NORMAL,245217500
PRIORITY,NORMAL,245218000
PRIORITY,NORMAL,245218700
PRIORITY,NORMAL,245219300
PRIORITY,NORMAL,245217000
PRIORITY,NORMAL,245217500
PRIORITY,NORMAL,245218000
PRIORITY,NORMAL,245218400
PRIORITY,NORMAL,245218800
PRIORITY,NORMAL,245219200
PRIORITY,NORMAL,245219500
PRIORITY,NORMAL,245219900
PRIORITY,NORMAL,245220500
PRIORITY,NORMAL,245218100
PRIORITY,NORMAL,245218500
PRIORITY,NORMAL,245218900
PRIORITY,NORMAL,245219400
PRIORITY,NORMAL,245219700
PRIORITY,NORMAL,245220100
PRIORITY,NORMAL,245220600
PRIORITY,NORMAL,245221000
PRIORITY,NORMAL,245221400
PRIORITY,NORMAL,245217400
PRIORITY,NORMAL,245217900
PRIORITY,NORMAL,245218300
PRIORITY,NORMAL,245218600
PRIORITY,NORMAL,245219400
PRIORITY,NORMAL,245219900
PRIORITY,NORMAL,245153900
PRIORITY,NORMAL,245154300
PRIORITY,NORMAL,245154800
PRIORITY,NORMAL,245152400
PRIORITY,NORMAL,245152700
PRIORITY,NORMAL,245153100
PRIORITY,NORMAL,245153600
PRIORITY,NORMAL,245154000
PRIORITY,NORMAL,245154600
PRIORITY,NORMAL,245154800
PRIORITY,NORMAL,245155200
PRIORITY,NORMAL,245155700
PRIORITY,NORMAL,245153500
PRIORITY,NORMAL,245154100
PRIORITY,NORMAL,245154400
PRIORITY,NORMAL,245154800
PRIORITY,NORMAL,245155200
PRIORITY,NORMAL,245155500
PRIORITY,NORMAL,245155900
PRIORITY,NORMAL,245156200
PRIORITY,NORMAL,245156600
PRIORITY,NORMAL,245154300
PRIORITY,NORMAL,245154600
PRIORITY,NORMAL,245155100
PRIORITY,NORMAL,245155800
PRIORITY,NORMAL,245156100
PRIORITY,NORMAL,245156600
PRIORITY,NORMAL,245157100
PRIORITY,NORMAL,245157600
PRIORITY,NORMAL,245158100
PRIORITY,NORMAL,245155800
PRIORITY,NORMAL,245156200
PRIORITY,NORMAL,245156600
PRIORITY,NORMAL,245157300
PRIORITY,NORMAL,245157700
PRIORITY,NORMAL,245158200
PRIORITY,NORMAL,245158600
PRIORITY,NORMAL,245159200
PRIORITY,NORMAL,245159700
PRIORITY,NORMAL,245155200
PRIORITY,NORMAL,245155600
PRIORITY,NORMAL,245156100
PRIORITY,NORMAL,245156400
PRIORITY,NORMAL,245156800
PRIORITY,NORMAL,245157200
PRIORITY,NORMAL,245157700
PRIORITY,NORMAL,245157900
PRIORITY,NORMAL,245158400
PRIORITY,NORMAL,245156000
PRIORITY,NORMAL,245156400
PRIORITY,NORMAL,245156800
PRIORITY,NORMAL,245157100
PRIORITY,NORMAL,245157700
PRIORITY,NORMAL,245158000
PRIORITY,NORMAL,245158600
PRIORITY,NORMAL,245159000
PRIORITY,NORMAL,245159500
PRIORITY,NORMAL,245157200
PRIORITY,NORMAL,245157600
PRIORITY,NORMAL,245158300
PRIORITY,NORMAL,245158600
PRIORITY,NORMAL,245159200
PRIORITY,NORMAL,245159600
PRIORITY,NORMAL,245160200
PRIORITY,NORMAL,245160600
PRIORITY,NORMAL,245161100
PRIORITY,NORMAL,245158800
PRIORITY,NORMAL,245159300
PRIORITY,NORMAL,245159800
PRIORITY,NORMAL,245160400
PRIORITY,NORMAL,245160700
PRIORITY,NORMAL,245161200
PRIORITY,NORMAL,245161500
PRIORITY,NORMAL,245162000
PRIORITY,NORMAL,245162300
PRIORITY,NORMAL,245160200
PRIORITY,NORMAL,245160900
PRIORITY,NORMAL,245161500
PRIORITY,NORMAL,245161900
PRIORITY,NORMAL,245162400
PRIORITY,NORMAL,245162700
PRIORITY,NORMAL,245163200
PRIORITY,NORMAL,245163700
PRIORITY,NORMAL,245164100
PRIORITY,NORMAL,245161800
PRIORITY,NORMAL,245159900
PRIORITY,NORMAL,245160400
PRIORITY,NORMAL,245160700
PRIORITY,NORMAL,245161200
PRIORITY,NORMAL,245161800
PRIORITY,NORMAL,245162300
PRIORITY,NORMAL,245162700
PRIORITY,NORMAL,245163200
PRIORITY,NORMAL,245160800
PRIORITY,NORMAL,245161500
PRIORITY,NORMAL,245161800
PRIORITY,NORMAL,245162100
PRIORITY,NORMAL,245162400
PRIORITY,NORMAL,245162800
PRIORITY,NORMAL,245163000
PRIORITY,NORMAL,245163500
PRIORITY,NORMAL,245164000
PRIORITY,NORMAL,245161600
PRIORITY,NORMAL,245161900
PRIORITY,NORMAL,245162300
PRIORITY,NORMAL,245162600
PRIORITY,NORMAL,245162900
PRIORITY,NORMAL,245163200
PRIORITY,NORMAL,245163600
PRIORITY,NORMAL,245163900
PRIORITY,NORMAL,245164200
PRIORITY,NORMAL,245161700
PRIORITY,NORMAL,245162100
PRIORITY,NORMAL,245162500
PRIORITY,NORMAL,245163200
PRIORITY,NORMAL,245163600
PRIORITY,NORMAL,245164400
PRIORITY,NORMAL,245165200
PRIORITY,NORMAL,245165500
PRIORITY,NORMAL,245165900
PRIORITY,NORMAL,245163800
PRIORITY,NORMAL,245164300
PRIORITY,NORMAL,245165200
PRIORITY,NORMAL,245165700
PRIORITY,NORMAL,245166200
PRIORITY,NORMAL,245166800
PRIORITY,NORMAL,245167100
PRIORITY,NORMAL,245167600
PRIORITY,NORMAL,245168000
PRIORITY,NORMAL,245165800
PRIORITY,NORMAL,245166200
PRIORITY,NORMAL,245164800
PRIORITY,NORMAL,245165200
PRIORITY,NORMAL,245165700
PRIORITY,NORMAL,245166400
PRIORITY,NORMAL,245166800
PRIORITY,NORMAL,245167200
PRIORITY,NORMAL,245167600
PRIORITY,NORMAL,245165400
PRIORITY,NORMAL,245166200
PRIORITY,NORMAL,245166800
PRIORITY,NORMAL,245167100
PRIORITY,NORMAL,245168100
PRIORITY,NORMAL,245168800
PRIORITY,NORMAL,245169200
PRIORITY,NORMAL,245169900
PRIORITY,NORMAL,245170500
PRIORITY,NORMAL,245168300
PRIORITY,NORMAL,245168600
PRIORITY,NORMAL,245169300
PRIORITY,NORMAL,245169700
PRIORITY,NORMAL,245170300
PRIORITY,NORMAL,245170800
PRIORITY,NORMAL,245171400
PRIORITY,NORMAL,245171700
PRIORITY,NORMAL,245172100
PRIORITY,NORMAL,245169700
PRIORITY,NORMAL,245170100
PRIORITY,NORMAL,245170800
PRIORITY,NORMAL,245171100
PRIORITY,NORMAL,245171500
PRIORITY,NORMAL,245171900
PRIORITY,NORMAL,245172300
PRIORITY,NORMAL,245172800
PRIORITY,NORMAL,245173100
PRIORITY,NORMAL,245170800
PRIORITY,NORMAL,245171200
PRIORITY,NORMAL,245171600
PRIORITY,NORMAL,245171900
PRIORITY,NORMAL,245172300
PRIORITY,NORMAL,245172800
PRIORITY,NORMAL,245173300
PRIORITY,NORMAL,245173800
PRIORITY,NORMAL,245174200
PRIORITY,NORMAL,245171800
PRIORITY,NORMAL,245172200
PRIORITY,NORMAL,245172800
PRIORITY,NORMAL,245171200
PRIORITY,NORMAL,245171600
PRIORITY,NORMAL,245172000
PRIORITY,NORMAL,245172400
PRIORITY,NORMAL,245172800
PRIORITY,NORMAL,245173300
PRIORITY,NORMAL,245170900
PRIORITY,NORMAL,245171200
PRIORITY,NORMAL,245171700
PRIORITY,NORMAL,245172300
PRIORITY,NORMAL,245172900
PRIORITY,NORMAL,245173200
PRIORITY,NORMAL,245173600
PRIORITY,NORMAL,245173900
PRIORITY,NORMAL,245174300
PRIORITY,NORMAL,245172000
PRIORITY,NORMAL,245172500
PRIORITY,NORMAL,245172900
PRIORITY,NORMAL,245173400
PRIORITY,NORMAL,245173700
PRIORITY,NORMAL,245174200
PRIORITY,NORMAL,245174500
PRIORITY,NORMAL,245175100
PRIORITY,NORMAL,245175800
PRIORITY,NORMAL,245173400
PRIORITY,NORMAL,245173900
PRIORITY,NORMAL,245174600
PRIORITY,NORMAL,245175200
PRIORITY,NORMAL,245175600
PRIORITY,NORMAL,245176000
PRIORITY,NORMAL,245176400
PRIORITY,NORMAL,245176800
PRIORITY,NORMAL,245177300
PRIORITY,NORMAL,245175100
PRIORITY,NORMAL,245175600
PRIORITY,NORMAL,245176100
PRIORITY,NORMAL,245176400
PRIORITY,NORMAL,245176900
PRIORITY,NORMAL,245177200
PRIORITY,NORMAL,245178400
PRIORITY,NORMAL,245179200
PRIORITY,NORMAL,245179600
PRIORITY,NORMAL,245177200
PRIORITY,NORMAL,245177600
PRIORITY,NORMAL,245177900
PRIORITY,NORMAL,245178300
PRIORITY,NORMAL,245178900
PRIORITY,NORMAL,245177300
PRIORITY,NORMAL,245177600
PRIORITY,NORMAL,245177900
PRIORITY,NORMAL,245178500
PRIORITY,NORMAL,245176200
PRIORITY,NORMAL,245176800
PRIORITY,NORMAL,245177500
PRIORITY,NORMAL,245178500
PRIORITY,NORMAL,245179500
PRIORITY,NORMAL,245180100
PRIORITY,NORMAL,245180700
PRIORITY,NORMAL,245181000
PRIORITY,NORMAL,245181500
PRIORITY,NORMAL,245179400
PRIORITY,NORMAL,245179900
PRIORITY,NORMAL,245180200
PRIORITY,NORMAL,245180800
PRIORITY,NORMAL,245181000
PRIORITY,NORMAL,245181500
PRIORITY,NORMAL,245182000
PRIORITY,NORMAL,245182400
PRIORITY,NORMAL,245182800
PRIORITY,NORMAL,245180500
PRIORITY,NORMAL,245180900
PRIORITY,NORMAL,245181300
PRIORITY,NORMAL,245181700
PRIORITY,NORMAL,245182300
PRIORITY,NORMAL,245182700
PRIORITY,NORMAL,245183200
PRIORITY,NORMAL,245183800
PRIORITY,NORMAL,245184100
PRIORITY,NORMAL,245181900
PRIORITY,NORMAL,245182300
PRIORITY,NORMAL,245183000
PRIORITY,NORMAL,245183500
PRIORITY,NORMAL,245184200
PRIORITY,NORMAL,245184800
PRIORITY,NORMAL,245185200
PRIORITY,NORMAL,245185600
PRIORITY,NORMAL,245186100
PRIORITY,NORMAL,245183800
PRIORITY,NORMAL,245184200
PRIORITY,NORMAL,245184700
PRIORITY,NORMAL,245185200
PRIORITY,NORMAL,245185600
PRIORITY,NORMAL,245184600
PRIORITY,NORMAL,245183200
PRIORITY,NORMAL,245183500
PRIORITY,NORMAL,245183800
PRIORITY,NORMAL,245181500
PRIORITY,NORMAL,245182200
PRIORITY,NORMAL,245182600
PRIORITY,NORMAL,245183100
PRIORITY,NORMAL,245183400
PRIORITY,NORMAL,245183800
PRIORITY,NORMAL,245184200
PRIORITY,NORMAL,245184300
PRIORITY,NORMAL,245184600
PRIORITY,NORMAL,245182100
PRIORITY,NORMAL,245182700
PRIORITY,NORMAL,245183000
PRIORITY,NORMAL,245183500
PRIORITY,NORMAL,245184100
PRIORITY,NORMAL,245184700
PRIORITY,NORMAL,245185000
PRIORITY,NORMAL,245185400
PRIORITY,NORMAL,245185800
PRIORITY,NORMAL,245183600
PRIORITY,NORMAL,245184100
PRIORITY,NORMAL,245184400
PRIORITY,NORMAL,245185100
PRIORITY,NORMAL,245185500
PRIORITY,NORMAL,245186000
PRIORITY,NORMAL,245186500
PRIORITY,NORMAL,245187000
PRIORITY,NORMAL,245187500
PRIORITY,NORMAL,245185300
PRIORITY,NORMAL,245185700
PRIORITY,NORMAL,245186200
PRIORITY,NORMAL,245186500
PRIORITY,NORMAL,245187000
PRIORITY,NORMAL,245187300
PRIORITY,NORMAL,245187900
PRIORITY,NORMAL,245188300
PRIORITY,NORMAL,245188700
PRIORITY,NORMAL,245186600
PRIORITY,NORMAL,245187800
PRIORITY,NORMAL,245188400
PRIORITY,NORMAL,245188800
PRIORITY,NORMAL,245189300
PRIORITY,NORMAL,245189500
PRIORITY,NORMAL,245190200
PRIORITY,NORMAL,245188700
PRIORITY,NORMAL,245189500
PRIORITY,NORMAL,245187200
PRIORITY,NORMAL,245187600
PRIORITY,NORMAL,245188200
PRIORITY,NORMAL,245188600
PRIORITY,NORMAL,245189100
PRIORITY,NORMAL,245189500
PRIORITY,NORMAL,245190000
PRIORITY,NORMAL,245190300
PRIORITY,NORMAL,245190600
PRIORITY,NORMAL,245188600
PRIORITY,NORMAL,245189100
PRIORITY,NORMAL,245189500
PRIORITY,NORMAL,245189800
PRIORITY,NORMAL,245190300
PRIORITY,NORMAL,245190700
PRIORITY,NORMAL,245191100
PRIORITY,NORMAL,245191400
PRIORITY,NORMAL,245191800
PRIORITY,NORMAL,245189400
PRIORITY,NORMAL,245189900
PRIORITY,NORMAL,245190200
PRIORITY,NORMAL,245190600
PRIORITY,NORMAL,245191000
PRIORITY,NORMAL,245191200
PRIORITY,NORMAL,245191400
PRIORITY,NORMAL,245191900
PRIORITY,NORMAL,245192300
PRIORITY,NORMAL,245190000
PRIORITY,NORMAL,245190400
PRIORITY,NORMAL,245191100
PRIORITY,NORMAL,245191300
PRIORITY,NORMAL,245191500
PRIORITY,NORMAL,245191900
PRIORITY,NORMAL,245192000
PRIORITY,NORMAL,245191800
PRIORITY,NORMAL,245058800
PRIORITY,NORMAL,245055900
PRIORITY,NORMAL,245056300
PRIORITY,NORMAL,245056700
PRIORITY,NORMAL,245057100
PRIORITY,NORMAL,245057500
PRIORITY,NORMAL,245057800
PRIORITY,NORMAL,245058200
PRIORITY,NORMAL,245058700
PRIORITY,NORMAL,245056900
PRIORITY,NORMAL,245054800
PRIORITY,NORMAL,245055100
PRIORITY,NORMAL,245055600
PRIORITY,NORMAL,245055900
PRIORITY,NORMAL,245056400
PRIORITY,NORMAL,245056700
PRIORITY,NORMAL,245057200
PRIORITY,NORMAL,245057600
PRIORITY,NORMAL,245058000
PRIORITY,NORMAL,245055700
PRIORITY,NORMAL,245056200
PRIORITY,NORMAL,245056800
PRIORITY,NORMAL,245057100
PRIORITY,NORMAL,245057700
PRIORITY,NORMAL,245058100
PRIORITY,NORMAL,245058500
PRIORITY,NORMAL,245059100
PRIORITY,NORMAL,245059500
PRIORITY,NORMAL,245057200
PRIORITY,NORMAL,245057600
PRIORITY,NORMAL,245058100
PRIORITY,NORMAL,245058500
PRIORITY,NORMAL,245058900
PRIORITY,NORMAL,245059200
PRIORITY,NORMAL,245059600
PRIORITY,NORMAL,245060000
PRIORITY,NORMAL,245060400
PRIORITY,NORMAL,245058100
PRIORITY,NORMAL,245058500
PRIORITY,NORMAL,245058800
PRIORITY,NORMAL,245059200
PRIORITY,NORMAL,245059600
PRIORITY,NORMAL,245059900
PRIORITY,NORMAL,245060200
PRIORITY,NORMAL,245060600
PRIORITY,NORMAL,245060900
PRIORITY,NORMAL,245058500
PRIORITY,NORMAL,245058900
PRIORITY,NORMAL,245059400
PRIORITY,NORMAL,245060000
PRIORITY,NORMAL,245060700
PRIORITY,NORMAL,245061100
PRIORITY,NORMAL,245061500
PRIORITY,NORMAL,245061800
PRIORITY,NORMAL,245062300
PRIORITY,NORMAL,245057800
PRIORITY,NORMAL,245058100
PRIORITY,NORMAL,245058600
PRIORITY,NORMAL,245059200
PRIORITY,NORMAL,245059700
PRIORITY,NORMAL,245060100
PRIORITY,NORMAL,245060500
PRIORITY,NORMAL,245061000
PRIORITY,NORMAL,245061400
PRIORITY,NORMAL,245059100
PRIORITY,NORMAL,245059700
PRIORITY,NORMAL,245060100
PRIORITY,NORMAL,245060500
PRIORITY,NORMAL,245060900
PRIORITY,NORMAL,245061300
PRIORITY,NORMAL,245061700
PRIORITY,NORMAL,245062200
PRIORITY,NORMAL,245062900
PRIORITY,NORMAL,245060700
PRIORITY,NORMAL,245061000
PRIORITY,NORMAL,245061600
PRIORITY,NORMAL,245062100
PRIORITY,NORMAL,245062400
PRIORITY,NORMAL,245062900
PRIORITY,NORMAL,245063300
PRIORITY,NORMAL,245064000
PRIORITY,NORMAL,245064300
PRIORITY,NORMAL,245062100
PRIORITY,NORMAL,245062500
PRIORITY,NORMAL,245062800
PRIORITY,NORMAL,245063100
PRIORITY,NORMAL,245063600
PRIORITY,NORMAL,245064300
PRIORITY,NORMAL,245064900
PRIORITY,NORMAL,245065300
PRIORITY,NORMAL,245066000
PRIORITY,NORMAL,245063700
PRIORITY,NORMAL,245064100
PRIORITY,NORMAL,245064500
PRIORITY,NORMAL,245064900
PRIORITY,NORMAL,245065400
PRIORITY,NORMAL,245065800
PRIORITY,NORMAL,245066200
PRIORITY,NORMAL,245066600
PRIORITY,NORMAL,245066900
PRIORITY,NORMAL,245062800
PRIORITY,NORMAL,245063200
PRIORITY,NORMAL,245063500
PRIORITY,NORMAL,245063800
PRIORITY,NORMAL,245064400
PRIORITY,NORMAL,245064700
PRIORITY,NORMAL,245065200
PRIORITY,NORMAL,245065500
PRIORITY,NORMAL,245065800
PRIORITY,NORMAL,245063500
PRIORITY,NORMAL,245063800
PRIORITY,NORMAL,245064100
PRIORITY,NORMAL,245064500
PRIORITY,NORMAL,245064800
PRIORITY,NORMAL,245065300
PRIORITY,NORMAL,245065900
PRIORITY,NORMAL,245066800
PRIORITY,NORMAL,245067100
PRIORITY,NORMAL,245064500
PRIORITY,NORMAL,245065000
PRIORITY,NORMAL,245065400
PRIORITY,NORMAL,245065900
PRIORITY,NORMAL,245066400
PRIORITY,NORMAL,245066800
PRIORITY,NORMAL,245067200
PRIORITY,NORMAL,245067500
PRIORITY,NORMAL,245068000
PRIORITY,NORMAL,245065600
PRIORITY,NORMAL,245066000
PRIORITY,NORMAL,245066400
PRIORITY,NORMAL,245066900
PRIORITY,NORMAL,245067300
PRIORITY,NORMAL,245067700
PRIORITY,NORMAL,245068100
PRIORITY,NORMAL,245068500
PRIORITY,NORMAL,245069000
PRIORITY,NORMAL,245066700
PRIORITY,NORMAL,245066900
PRIORITY,NORMAL,245067300
PRIORITY,NORMAL,245067600
PRIORITY,NORMAL,245068000
PRIORITY,NORMAL,245068400
PRIORITY,NORMAL,245068800
PRIORITY,NORMAL,245069500
PRIORITY,NORMAL,245069800
PRIORITY,NORMAL,245067700
PRIORITY,NORMAL,245068200
PRIORITY,NORMAL,245066700
PRIORITY,NORMAL,245067300
PRIORITY,NORMAL,245067600
PRIORITY,NORMAL,245068100
PRIORITY,NORMAL,245068500
PRIORITY,NORMAL,245068700
PRIORITY,NORMAL,245069200
PRIORITY,NORMAL,245066900
PRIORITY,NORMAL,245067200
PRIORITY,NORMAL,245067600
PRIORITY,NORMAL,245068100
PRIORITY,NORMAL,245068500
PRIORITY,NORMAL,245069100
PRIORITY,NORMAL,245069600
PRIORITY,NORMAL,245070000
PRIORITY,NORMAL,245070300
PRIORITY,NORMAL,245068400
PRIORITY,NORMAL,245068800
PRIORITY,NORMAL,245069100
PRIORITY,NORMAL,245069500
PRIORITY,NORMAL,245069800
PRIORITY,NORMAL,245070200
PRIORITY,NORMAL,245070600
PRIORITY,NORMAL,245070900
PRIORITY,NORMAL,245071200
PRIORITY,NORMAL,245068900
PRIORITY,NORMAL,245069400
PRIORITY,NORMAL,245070000
PRIORITY,NORMAL,245070300
PRIORITY,NORMAL,245071100
PRIORITY,NORMAL,245072100
PRIORITY,NORMAL,245072500
PRIORITY,NORMAL,245072800
PRIORITY,NORMAL,245073400
PRIORITY,NORMAL,245071000
PRIORITY,NORMAL,245071800
PRIORITY,NORMAL,245072200
PRIORITY,NORMAL,245072700
PRIORITY,NORMAL,245073300
PRIORITY,NORMAL,245073800
PRIORITY,NORMAL,245074400
PRIORITY,NORMAL,245074800
PRIORITY,NORMAL,245075700
PRIORITY,NORMAL,245073400
PRIORITY,NORMAL,245074400
PRIORITY,NORMAL,245074700
PRIORITY,NORMAL,245073100
PRIORITY,NORMAL,245073500
PRIORITY,NORMAL,245074000
PRIORITY,NORMAL,245074300
PRIORITY,NORMAL,245074600
PRIORITY,NORMAL,245075000
PRIORITY,NORMAL,245072500
PRIORITY,NORMAL,245072900
PRIORITY,NORMAL,245073300
PRIORITY,NORMAL,245073700
PRIORITY,NORMAL,245074300
PRIORITY,NORMAL,245074700
PRIORITY,NORMAL,245075200
PRIORITY,NORMAL,245075600
PRIORITY,NORMAL,245076100
PRIORITY,NORMAL,245073700
PRIORITY,NORMAL,245074100
PRIORITY,NORMAL,245074700
PRIORITY,NORMAL,245075200
PRIORITY,NORMAL,245075800
PRIORITY,NORMAL,245076600
PRIORITY,NORMAL,245077000
PRIORITY,NORMAL,245077400
PRIORITY,NORMAL,245077900
PRIORITY,NORMAL,245075600
PRIORITY,NORMAL,245076100
PRIORITY,NORMAL,245076700
PRIORITY,NORMAL,245077300
PRIORITY,NORMAL,245077700
PRIORITY,NORMAL,245078200
PRIORITY,NORMAL,245078500
PRIORITY,NORMAL,245078700
PRIORITY,NORMAL,245079100
PRIORITY,NORMAL,245076900
PRIORITY,NORMAL,245077200
PRIORITY,NORMAL,245077600
PRIORITY,NORMAL,245077900
PRIORITY,NORMAL,245078400
PRIORITY,NORMAL,245079100
PRIORITY,NORMAL,245079500
PRIORITY,NORMAL,245080000
PRIORITY,NORMAL,245080500
PRIORITY,NORMAL,245078000
PRIORITY,NORMAL,245078400
PRIORITY,NORMAL,245079100
PRIORITY,NORMAL,245079600
PRIORITY,NORMAL,245077900
PRIORITY,NORMAL,245078500
PRIORITY,NORMAL,245079300
PRIORITY,NORMAL,245079600
PRIORITY,NORMAL,245080100
PRIORITY,NORMAL,245077900
PRIORITY,NORMAL,245078100
PRIORITY,NORMAL,245078700
PRIORITY,NORMAL,245079100
PRIORITY,NORMAL,245079500
PRIORITY,NORMAL,245079900
PRIORITY,NORMAL,245080300
PRIORITY,NORMAL,245080700
PRIORITY,NORMAL,245081300
PRIORITY,NORMAL,245079000
PRIORITY,NORMAL,245079300
PRIORITY,NORMAL,245079700
PRIORITY,NORMAL,245080100
PRIORITY,NORMAL,245080500
PRIORITY,NORMAL,245080900
PRIORITY,NORMAL,245081300
PRIORITY,NORMAL,245014100
PRIORITY,NORMAL,245014300
PRIORITY,NORMAL,245011700
PRIORITY,NORMAL,245012300
PRIORITY,NORMAL,245012700
PRIORITY,NORMAL,245013100
PRIORITY,NORMAL,245013700
PRIORITY,NORMAL,245014200
PRIORITY,NORMAL,245014500
PRIORITY,NORMAL,245014800
PRIORITY,NORMAL,245015300
PRIORITY,NORMAL,245013000
PRIORITY,NORMAL,245013400
PRIORITY,NORMAL,245013800
PRIORITY,NORMAL,245014300
PRIORITY,NORMAL,245014800
PRIORITY,NORMAL,245015300
PRIORITY,NORMAL,245015700
PRIORITY,NORMAL,245016100
PRIORITY,NORMAL,245016800
PRIORITY,NORMAL,245014400
PRIORITY,NORMAL,245014800
PRIORITY,NORMAL,245015200
PRIORITY,NORMAL,245015500
PRIORITY,NORMAL,245016000
PRIORITY,NORMAL,245014400
PRIORITY,NORMAL,245014800
PRIORITY,NORMAL,245015300
PRIORITY,NORMAL,245015500
PRIORITY,NORMAL,245013300
PRIORITY,NORMAL,245013800
PRIORITY,NORMAL,245014500
PRIORITY,NORMAL,245014800
PRIORITY,NORMAL,245015200
PRIORITY,NORMAL,245015500
PRIORITY,NORMAL,245015900
PRIORITY,NORMAL,245016400
PRIORITY,NORMAL,245016900
PRIORITY,NORMAL,245014500
PRIORITY,NORMAL,245014900
PRIORITY,NORMAL,245015300
PRIORITY,NORMAL,245015700
PRIORITY,NORMAL,245016200
PRIORITY,NORMAL,245016800
PRIORITY,NORMAL,245017200
PRIORITY,NORMAL,245017700
PRIORITY,NORMAL,245018000
PRIORITY,NORMAL,245015600
PRIORITY,NORMAL,245016000
PRIORITY,NORMAL,245016400
PRIORITY,NORMAL,245016700
PRIORITY,NORMAL,245017100
PRIORITY,NORMAL,245017600
PRIORITY,NORMAL,245018100
PRIORITY,NORMAL,245018400
PRIORITY,NORMAL,245018800
PRIORITY,NORMAL,245016200
PRIORITY,NORMAL,245016600
PRIORITY,NORMAL,245017100
PRIORITY,NORMAL,245017500
PRIORITY,NORMAL,245018000
PRIORITY,NORMAL,245018300
PRIORITY,NORMAL,245018900
PRIORITY,NORMAL,245019400
PRIORITY,NORMAL,245019800
PRIORITY,NORMAL,245017500
PRIORITY,NORMAL,245018000
PRIORITY,NORMAL,245018300
PRIORITY,NORMAL,245018800
PRIORITY,NORMAL,245019200
PRIORITY,NORMAL,245020100
PRIORITY,NORMAL,245018500
PRIORITY,NORMAL,245018800
PRIORITY,NORMAL,245019100
PRIORITY,NORMAL,245016800
PRIORITY,NORMAL,245017100
PRIORITY,NORMAL,245017500
PRIORITY,NORMAL,245017900
PRIORITY,NORMAL,245018300
PRIORITY,NORMAL,245018700
PRIORITY,NORMAL,245019200
PRIORITY,NORMAL,245019600
PRIORITY,NORMAL,245020000
PRIORITY,NORMAL,245017600
PRIORITY,NORMAL,245018100
PRIORITY,NORMAL,245018400
PRIORITY,NORMAL,245019000
PRIORITY,NORMAL,245019400
PRIORITY,NORMAL,245019900
PRIORITY,NORMAL,245020400
PRIORITY,NORMAL,245020800
PRIORITY,NORMAL,245021400
PRIORITY,NORMAL,245019000
PRIORITY,NORMAL,245019400
PRIORITY,NORMAL,245019700
PRIORITY,NORMAL,245020000
PRIORITY,NORMAL,245020500
PRIORITY,NORMAL,245021500
PRIORITY,NORMAL,245021800
PRIORITY,NORMAL,245022300
PRIORITY,NORMAL,245022700
PRIORITY,NORMAL,245020800
PRIORITY,NORMAL,245021100
PRIORITY,NORMAL,245021600
PRIORITY,NORMAL,245022000
PRIORITY,NORMAL,245022400
PRIORITY,NORMAL,245023600
PRIORITY,NORMAL,245025600
PRIORITY,NORMAL,245026300
PRIORITY,NORMAL,245026600
PRIORITY,NORMAL,245024200
PRIORITY,NORMAL,245024600
PRIORITY,NORMAL,245024900
PRIORITY,NORMAL,245025400
PRIORITY,NORMAL,245025800
PRIORITY,NORMAL,245026200
PRIORITY,NORMAL,245026900
PRIORITY,NORMAL,245025200
PRIORITY,NORMAL,245025600
PRIORITY,NORMAL,245023400
PRIORITY,NORMAL,245023900
PRIORITY,NORMAL,245024500
PRIORITY,NORMAL,245024800
PRIORITY,NORMAL,245025400
PRIORITY,NORMAL,245025900
PRIORITY,NORMAL,245026300
PRIORITY,NORMAL,245026700
PRIORITY,NORMAL,245027200
PRIORITY,NORMAL,245025000
PRIORITY,NORMAL,245025500
PRIORITY,NORMAL,245025900
PRIORITY,NORMAL,245026400
PRIORITY,NORMAL,245026800
PRIORITY,NORMAL,245027400
PRIORITY,NORMAL,245027700
PRIORITY,NORMAL,245028200
PRIORITY,NORMAL,245028600
PRIORITY,NORMAL,245026300
PRIORITY,NORMAL,245026700
PRIORITY,NORMAL,245027100
PRIORITY,NORMAL,245027500
PRIORITY,NORMAL,245027900
PRIORITY,NORMAL,245028200
PRIORITY,NORMAL,245028700
PRIORITY,NORMAL,245029300
PRIORITY,NORMAL,245029800
PRIORITY,NORMAL,245027400
PRIORITY,NORMAL,245028000
PRIORITY,NORMAL,245028400
PRIORITY,NORMAL,245028900
PRIORITY,NORMAL,245029400
PRIORITY,NORMAL,245029900
PRIORITY,NORMAL,245030200
PRIORITY,NORMAL,245030600
PRIORITY,NORMAL,245031100
PRIORITY,NORMAL,245028800
PRIORITY,NORMAL,245029300
PRIORITY,NORMAL,245029600
PRIORITY,NORMAL,245030100
PRIORITY,NORMAL,245030500
PRIORITY,NORMAL,245030800
PRIORITY,NORMAL,245031300
PRIORITY,NORMAL,245031700
PRIORITY,NORMAL,245032200
PRIORITY,NORMAL,245027700
PRIORITY,NORMAL,245028000
PRIORITY,NORMAL,245028400
PRIORITY,NORMAL,245028700
PRIORITY,NORMAL,245029000
PRIORITY,NORMAL,245029300
PRIORITY,NORMAL,245029600
PRIORITY,NORMAL,245030000
PRIORITY,NORMAL,245030400
PRIORITY,NORMAL,245028100
PRIORITY,NORMAL,245028700
PRIORITY,NORMAL,245029000
PRIORITY,NORMAL,245029500
PRIORITY,NORMAL,245030100
PRIORITY,NORMAL,245030600
PRIORITY,NORMAL,245031400
PRIORITY,NORMAL,245031900
PRIORITY,NORMAL,245032200
PRIORITY,NORMAL,245030000
PRIORITY,NORMAL,245030400
PRIORITY,NORMAL,245031200
PRIORITY,NORMAL,245031600
PRIORITY,NORMAL,245032100
PRIORITY,NORMAL,245032500
PRIORITY,NORMAL,245032800
PRIORITY,NORMAL,245033300
PRIORITY,NORMAL,245033600
PRIORITY,NORMAL,245031400
PRIORITY,NORMAL,245031900
PRIORITY,NORMAL,245032300
PRIORITY,NORMAL,245032600
PRIORITY,NORMAL,245033000
PRIORITY,NORMAL,245033300
PRIORITY,NORMAL,245033800
PRIORITY,NORMAL,245034200
PRIORITY,NORMAL,245034800
PRIORITY,NORMAL,245032600
PRIORITY,NORMAL,245033000
PRIORITY,NORMAL,245033700
PRIORITY,NORMAL,245034200
PRIORITY,NORMAL,245034600
PRIORITY,NORMAL,245035100
PRIORITY,NORMAL,245035500
PRIORITY,NORMAL,245035900
PRIORITY,NORMAL,245036200
PRIORITY,NORMAL,245031900
PRIORITY,NORMAL,245032300
PRIORITY,NORMAL,245032600
PRIORITY,NORMAL,245033100
PRIORITY,NORMAL,245033400
PRIORITY,NORMAL,245033800
PRIORITY,NORMAL,245034400
PRIORITY,NORMAL,245034900
PRIORITY,NORMAL,245035300
PRIORITY,NORMAL,245033200
PRIORITY,NORMAL,245033600
PRIORITY,NORMAL,245033900
PRIORITY,NORMAL,245034100
PRIORITY,NORMAL,245034600
PRIORITY,NORMAL,245034900
PRIORITY,NORMAL,245035200
PRIORITY,NORMAL,245035600
PRIORITY,NORMAL,245036000
PRIORITY,NORMAL,245033900
PRIORITY,NORMAL,245034200
PRIORITY,NORMAL,245034600
PRIORITY,NORMAL,245035100
PRIORITY,NORMAL,245035600
PRIORITY,NORMAL,245036100
PRIORITY,NORMAL,245036500
PRIORITY,NORMAL,245036900
PRIORITY,NORMAL,245037300
PRIORITY,NORMAL,245035200
PRIORITY,NORMAL,245035600
PRIORITY,NORMAL,245036100
PRIORITY,NORMAL,245036700
PRIORITY,NORMAL,245037500
PRIORITY,NORMAL,245038100
PRIORITY,NORMAL,245038500
PRIORITY,NORMAL,245038900
PRIORITY,NORMAL,245039300
PRIORITY,NORMAL,245037000
PRIORITY,NORMAL,245037500
PRIORITY,NORMAL,245038000
PRIORITY,NORMAL,245038400
PRIORITY,NORMAL,245039000
PRIORITY,NORMAL,245039400
PRIORITY,NORMAL,245039800
PRIORITY,NORMAL,245040100
PRIORITY,NORMAL,245040600
PRIORITY,NORMAL,245038200
PRIORITY,NORMAL,245036900
PRIORITY,NORMAL,245037200
PRIORITY,NORMAL,245037700
PRIORITY,NORMAL,245038100
PRIORITY,NORMAL,245038700
PRIORITY,NORMAL,245039100
PRIORITY,NORMAL,245039600
PRIORITY,NORMAL,245040000
PRIORITY,NORMAL,245037600
PRIORITY,NORMAL,245038000
PRIORITY,NORMAL,245038400
PRIORITY,NORMAL,245038800
PRIORITY,NORMAL,245039200
PRIORITY,NORMAL,245039700
PRIORITY,NORMAL,245040100
PRIORITY,NORMAL,245040500
PRIORITY,NORMAL,245040900
PRIORITY,NORMAL,245038500
PRIORITY,NORMAL,245039000
PRIORITY,NORMAL,245039500
PRIORITY,NORMAL,245039900
PRIORITY,NORMAL,245040500
PRIORITY,NORMAL,245040900
PRIORITY,NORMAL,245041300
PRIORITY,NORMAL,245041800
PRIORITY,NORMAL,245042200
PRIORITY,NORMAL,245039700
PRIORITY,NORMAL,245040000
PRIORITY,NORMAL,245040300
PRIORITY,NORMAL,245040700
PRIORITY,NORMAL,245041100
PRIORITY,NORMAL,245041500
PRIORITY,NORMAL,245041800
PRIORITY,NORMAL,245042300
PRIORITY,NORMAL,245042600
PRIORITY,NORMAL,245040200
PRIORITY,NORMAL,245040600
PRIORITY,NORMAL,245040800
PRIORITY,NORMAL,245041200
PRIORITY,NORMAL,245041500
PRIORITY,NORMAL,245041900
PRIORITY,NORMAL,245042200
PRIORITY,NORMAL,245042700
PRIORITY,NORMAL,245043200
PRIORITY,NORMAL,245041000
PRIORITY,NORMAL,245041500
PRIORITY,NORMAL,245039900
PRIORITY,NORMAL,245040400
PRIORITY,NORMAL,245040600
PRIORITY,NORMAL,245041300
PRIORITY,NORMAL,245041600
PRIORITY,NORMAL,245042000
PRIORITY,NORMAL,245042400
PRIORITY,NORMAL,245040100
PRIORITY,NORMAL,245040400
PRIORITY,NORMAL,245040800
PRIORITY,NORMAL,245041200
PRIORITY,NORMAL,245041600
PRIORITY,NORMAL,245042100
PRIORITY,NORMAL,245042300
PRIORITY,NORMAL,245042700
PRIORITY,NORMAL,245043100
PRIORITY,NORMAL,245040700
PRIORITY,NORMAL,245041300
PRIORITY,NORMAL,245041600
PRIORITY,NORMAL,245042200
PRIORITY,NORMAL,245042900
PRIORITY,NORMAL,245043400
PRIORITY,NORMAL,245043800
PRIORITY,NORMAL,245044200
PRIORITY,NORMAL,245044600
PRIORITY,NORMAL,245042200
PRIORITY,NORMAL,245042600
PRIORITY,NORMAL,245042700
PRIORITY,NORMAL,245043400
PRIORITY,NORMAL,245043800
PRIORITY,NORMAL,245044100
PRIORITY,NORMAL,245044500
PRIORITY,NORMAL,245045000
PRIORITY,NORMAL,245045500
PRIORITY,NORMAL,245042900
PRIORITY,NORMAL,245043600
PRIORITY,NORMAL,245044000
PRIORITY,NORMAL,245044400
PRIORITY,NORMAL,245044800
PRIORITY,NORMAL,245045200
PRIORITY,NORMAL,245045900
PRIORITY,NORMAL,245046300
PRIORITY,NORMAL,245046700
PRIORITY,NORMAL,245044300
PRIORITY,NORMAL,245044900
PRIORITY,NORMAL,245045400
PRIORITY,NORMAL,245043800
PRIORITY,NORMAL,245044200
PRIORITY,NORMAL,245044600
PRIORITY,NORMAL,245045100
PRIORITY,NORMAL,245045500
PRIORITY,NORMAL,245046200
PRIORITY,NORMAL,245043900
PRIORITY,NORMAL,245044300
PRIORITY,NORMAL,245044900
PRIORITY,NORMAL,245045300
PRIORITY,NORMAL,245045800
PRIORITY,NORMAL,245046600
PRIORITY,NORMAL,245047000
PRIORITY,NORMAL,245047500
PRIORITY,NORMAL,245048000
PRIORITY,NORMAL,245045700
PRIORITY,NORMAL,245046000
PRIORITY,NORMAL,245046300
PRIORITY,NORMAL,245046700
PRIORITY,NORMAL,245047200
PRIORITY,NORMAL,245047700
PRIORITY,NORMAL,245048000
PRIORITY,NORMAL,245048300
PRIORITY,NORMAL,245048700
PRIORITY,NORMAL,245046400
PRIORITY,NORMAL,245046800
PRIORITY,NORMAL,245047100
PRIORITY,NORMAL,245047800
PRIORITY,NORMAL,245048200
PRIORITY,NORMAL,245048600
PRIORITY,NORMAL,245049300
PRIORITY,NORMAL,245049600
PRIORITY,NORMAL,245050000
PRIORITY,NORMAL,245047700
PRIORITY,NORMAL,245048100
PRIORITY,NORMAL,245048600
PRIORITY,NORMAL,245049000
PRIORITY,NORMAL,245049800
PRIORITY,NORMAL,245050200
PRIORITY,NORMAL,245050500
PRIORITY,NORMAL,245050900
PRIORITY,NORMAL,245051400
PRIORITY,NORMAL,245049100
PRIORITY,NORMAL,245049700
PRIORITY,NORMAL,245050000
PRIORITY,NORMAL,245050300
PRIORITY,NORMAL,245050600
PRIORITY,NORMAL,245049000
PRIORITY,NORMAL,245049300
PRIORITY,NORMAL,245049600
PRIORITY,NORMAL,245050400
PRIORITY,NORMAL,245048000
PRIORITY,NORMAL,245048400
PRIORITY,NORMAL,245048900
PRIORITY,NORMAL,245049300
PRIORITY,NORMAL,245049800
PRIORITY,NORMAL,245050300
PRIORITY,NORMAL,245050800
PRIORITY,NORMAL,245051100
PRIORITY,NORMAL,245051400
PRIORITY,NORMAL,245049100
PRIORITY,NORMAL,245049500
PRIORITY,NORMAL,245049900
PRIORITY,NORMAL,245050200
PRIORITY,NORMAL,245050600
PRIORITY,NORMAL,245051000
PRIORITY,NORMAL,245051700
PRIORITY,NORMAL,245052100
PRIORITY,NORMAL,245052600
PRIORITY,NORMAL,245050600
PRIORITY,NORMAL,245051000
PRIORITY,NORMAL,245051400
PRIORITY,NORMAL,245052000
PRIORITY,NORMAL,245052300
PRIORITY,NORMAL,245052700
PRIORITY,NORMAL,245053100
PRIORITY,NORMAL,245053400
PRIORITY,NORMAL,245053800
PRIORITY,NORMAL,245051300
PRIORITY,NORMAL,245051600
PRIORITY,NORMAL,245052000
PRIORITY,NORMAL,245052300
PRIORITY,NORMAL,245052800
PRIORITY,NORMAL,245053200
PRIORITY,NORMAL,245053500
PRIORITY,NORMAL,245054000
PRIORITY,NORMAL,245054600
PRIORITY,NORMAL,245052300
PRIORITY,NORMAL,245052700
PRIORITY,NORMAL,245053200
PRIORITY,NORMAL,245053500
PRIORITY,NORMAL,245054000
PRIORITY,NORMAL,245054400
PRIORITY,NORMAL,245052700
PRIORITY,NORMAL,245053200
PRIORITY,NORMAL,245053500
PRIORITY,NORMAL,245051100
PRIORITY,NORMAL,245051700
PRIORITY,NORMAL,245052200
PRIORITY,NORMAL,245052600
PRIORITY,NORMAL,245053000
PRIORITY,NORMAL,245053400
PRIORITY,NORMAL,245053800
PRIORITY,NORMAL,245054200
PRIORITY,NORMAL,245054600
PRIORITY,NORMAL,245052300
PRIORITY,NORMAL,245052600
PRIORITY,NORMAL,245053000
PRIORITY,NORMAL,245053300
PRIORITY,NORMAL,245053700
PRIORITY,NORMAL,245054300
PRIORITY,NORMAL,245054600
PRIORITY,NORMAL,245054900
PRIORITY,NORMAL,245055400
PRIORITY,NORMAL,245053200
PRIORITY,NORMAL,245053700
PRIORITY,NORMAL,245054300
PRIORITY,NORMAL,245054700
PRIORITY,NORMAL,245055100
PRIORITY,NORMAL,245055600
PRIORITY,NORMAL,245056100
PRIORITY,NORMAL,245056500
PRIORITY,NORMAL,245056900
PRIORITY,NORMAL,245054700
PRIORITY,NORMAL,245055100
PRIORITY,NORMAL,245055500
PRIORITY,NORMAL,245055800
PRIORITY,NORMAL,245056200
PRIORITY,NORMAL,245056600
PRIORITY,NORMAL,245057000
PRIORITY,NORMAL,245057200
PRIORITY,NORMAL,245057500
PRIORITY,NORMAL,245055300
PRIORITY,NORMAL,245055600
PRIORITY,NORMAL,245056100
PRIORITY,NORMAL,245056500
PRIORITY,NORMAL,245056900
PRIORITY,NORMAL,245057300
PRIORITY,NORMAL,245057500
PRIORITY,NORMAL,245055600
PRIORITY,NORMAL,245055800
PRIORITY,NORMAL,245053700
PRIORITY,NORMAL,245054400
PRIORITY,NORMAL,245054900
PRIORITY,NORMAL,245055400
PRIORITY,NORMAL,245055900
PRIORITY,NORMAL,245056600
PRIORITY,NORMAL,245056800
PRIORITY,NORMAL,245057000
PRIORITY,NORMAL,245057200
PRIORITY,NORMAL,244922200
PRIORITY,NORMAL,244922000
PRIORITY,NORMAL,244922500
PRIORITY,NORMAL,244922900
PRIORITY,NORMAL,244923000
PRIORITY,NORMAL,244923400
PRIORITY,NORMAL,244923800
PRIORITY,NORMAL,244924300
PRIORITY,NORMAL,244924800
PRIORITY,NORMAL,244922500
PRIORITY,NORMAL,244922800
PRIORITY,NORMAL,244923200
PRIORITY,NORMAL,244923600
PRIORITY,NORMAL,244924000
PRIORITY,NORMAL,244924400
PRIORITY,NORMAL,244924800
PRIORITY,NORMAL,244925200
PRIORITY,NORMAL,244925700
PRIORITY,NORMAL,244923400
PRIORITY,NORMAL,244923700
PRIORITY,NORMAL,244924000
PRIORITY,NORMAL,244924600
PRIORITY,NORMAL,244925100
PRIORITY,NORMAL,244925500
PRIORITY,NORMAL,244925900
PRIORITY,NORMAL,244926300
PRIORITY,NORMAL,244926700
PRIORITY,NORMAL,244924400
PRIORITY,NORMAL,244924800
PRIORITY,NORMAL,244925100
PRIORITY,NORMAL,244925600
PRIORITY,NORMAL,244926100
PRIORITY,NORMAL,244926500
PRIORITY,NORMAL,244926900
PRIORITY,NORMAL,244927400
PRIORITY,NORMAL,244925600
PRIORITY,NORMAL,244923200
PRIORITY,NORMAL,244923700
PRIORITY,NORMAL,244924000
PRIORITY,NORMAL,244924500
PRIORITY,NORMAL,244924700
PRIORITY,NORMAL,244925100
PRIORITY,NORMAL,244925600
PRIORITY,NORMAL,244926100
PRIORITY,NORMAL,244926400
PRIORITY,NORMAL,244924000
PRIORITY,NORMAL,244924500
PRIORITY,NORMAL,244924900
PRIORITY,NORMAL,244925200
PRIORITY,NORMAL,244925500
PRIORITY,NORMAL,244925900
PRIORITY,NORMAL,244926300
PRIORITY,NORMAL,244926700
PRIORITY,NORMAL,244926900
PRIORITY,NORMAL,244924400
PRIORITY,NORMAL,244924900
PRIORITY,NORMAL,244925300
PRIORITY,NORMAL,244925600
PRIORITY,NORMAL,244926000
PRIORITY,NORMAL,244926400
PRIORITY,NORMAL,244926900
PRIORITY,NORMAL,244927400
PRIORITY,NORMAL,244927800
PRIORITY,NORMAL,244925400
PRIORITY,NORMAL,244925900
PRIORITY,NORMAL,244926300
PRIORITY,NORMAL,244926800
PRIORITY,NORMAL,244927500
PRIORITY,NORMAL,244927900
PRIORITY,NORMAL,244928300
PRIORITY,NORMAL,244928700
PRIORITY,NORMAL,244929100
PRIORITY,NORMAL,244926700
PRIORITY,NORMAL,244927000
PRIORITY,NORMAL,244927700
PRIORITY,NORMAL,244928100
PRIORITY,NORMAL,244928600
PRIORITY,NORMAL,244928900
PRIORITY,NORMAL,244929400
PRIORITY,NORMAL,244929700
PRIORITY,NORMAL,244930100
PRIORITY,NORMAL,244925600
PRIORITY,NORMAL,244926000
PRIORITY,NORMAL,244926400
PRIORITY,NORMAL,244926900
PRIORITY,NORMAL,244927500
PRIORITY,NORMAL,244927800
PRIORITY,NORMAL,244927900
PRIORITY,NORMAL,244928900
PRIORITY,NORMAL,244929400
PRIORITY,NORMAL,244927200
PRIORITY,NORMAL,244928000
PRIORITY,NORMAL,244928400
PRIORITY,NORMAL,244929000
PRIORITY,NORMAL,244929400
PRIORITY,NORMAL,244929700
PRIORITY,NORMAL,244930100
PRIORITY,NORMAL,244930900
PRIORITY,NORMAL,244931900
PRIORITY,NORMAL,244929700
PRIORITY,NORMAL,244929900
PRIORITY,NORMAL,244931200
PRIORITY,NORMAL,244931500
PRIORITY,NORMAL,244931900
PRIORITY,NORMAL,244932300
PRIORITY,NORMAL,244932900
PRIORITY,NORMAL,244933400
PRIORITY,NORMAL,244933800
PRIORITY,NORMAL,244931900
PRIORITY,NORMAL,244932300
PRIORITY,NORMAL,244932800
PRIORITY,NORMAL,244933100
PRIORITY,NORMAL,244933400
PRIORITY,NORMAL,244933900
PRIORITY,NORMAL,244934300
PRIORITY,NORMAL,244934600
PRIORITY,NORMAL,244870100
PRIORITY,NORMAL,244867900
PRIORITY,NORMAL,244868500
PRIORITY,NORMAL,244868900
PRIORITY,NORMAL,244869400
PRIORITY,NORMAL,244870200
PRIORITY,NORMAL,244870500
PRIORITY,NORMAL,244870800
PRIORITY,NORMAL,244871300
PRIORITY,NORMAL,244871500
PRIORITY,NORMAL,244867000
PRIORITY,NORMAL,244867400
PRIORITY,NORMAL,244867700
PRIORITY,NORMAL,244868000
PRIORITY,NORMAL,244868400
PRIORITY,NORMAL,244869000
PRIORITY,NORMAL,244869300
PRIORITY,NORMAL,244869800
PRIORITY,NORMAL,244870200
PRIORITY,NORMAL,244867800
PRIORITY,NORMAL,244868100
PRIORITY,NORMAL,244868600
PRIORITY,NORMAL,244869000
PRIORITY,NORMAL,244869300
PRIORITY,NORMAL,244869700
PRIORITY,NORMAL,244870300
PRIORITY,NORMAL,244870500
PRIORITY,NORMAL,244870800
PRIORITY,NORMAL,244868600
PRIORITY,NORMAL,244869100
PRIORITY,NORMAL,244869500
PRIORITY,NORMAL,244870000
PRIORITY,NORMAL,244870400
PRIORITY,NORMAL,244870900
PRIORITY,NORMAL,244871300
PRIORITY,NORMAL,244871700
PRIORITY,NORMAL,244872000
PRIORITY,NORMAL,244869700
PRIORITY,NORMAL,244870000
PRIORITY,NORMAL,244870500
PRIORITY,NORMAL,244870800
PRIORITY,NORMAL,244871100
PRIORITY,NORMAL,244871600
PRIORITY,NORMAL,244872100
PRIORITY,NORMAL,244872400
PRIORITY,NORMAL,244872700
PRIORITY,NORMAL,244870500
PRIORITY,NORMAL,244870700
PRIORITY,NORMAL,244871000
PRIORITY,NORMAL,244871500
PRIORITY,NORMAL,244871800
PRIORITY,NORMAL,244872200
PRIORITY,NORMAL,244872600
PRIORITY,NORMAL,244873000
PRIORITY,NORMAL,244873400
PRIORITY,NORMAL,244871000
PRIORITY,NORMAL,244869400
PRIORITY,NORMAL,244870000
PRIORITY,NORMAL,244870600
PRIORITY,NORMAL,244871100
PRIORITY,NORMAL,244871600
PRIORITY,NORMAL,244871900
PRIORITY,NORMAL,244872600
PRIORITY,NORMAL,244873200
PRIORITY,NORMAL,244870800
PRIORITY,NORMAL,244871300
PRIORITY,NORMAL,244871800
PRIORITY,NORMAL,244872100
PRIORITY,NORMAL,244872700
PRIORITY,NORMAL,244873200
PRIORITY,NORMAL,244874100
PRIORITY,NORMAL,244874400
PRIORITY,NORMAL,244874900
PRIORITY,NORMAL,244872400
PRIORITY,NORMAL,244873100
PRIORITY,NORMAL,244873400
PRIORITY,NORMAL,244874100
PRIORITY,NORMAL,244874600
PRIORITY,NORMAL,244874900
PRIORITY,NORMAL,244875400
PRIORITY,NORMAL,244875900
PRIORITY,NORMAL,244876400
PRIORITY,NORMAL,244873900
PRIORITY,NORMAL,244874200
PRIORITY,NORMAL,244874600
PRIORITY,NORMAL,244875000
PRIORITY,NORMAL,244875500
PRIORITY,NORMAL,244876200
PRIORITY,NORMAL,244876700
PRIORITY,NORMAL,244877000
PRIORITY,NORMAL,244877600
PRIORITY,NORMAL,244875300
PRIORITY,NORMAL,244875800
PRIORITY,NORMAL,244876200
PRIORITY,NORMAL,244876600
PRIORITY,NORMAL,244877100
PRIORITY,NORMAL,244877300
PRIORITY,NORMAL,244877700
PRIORITY,NORMAL,244878100
PRIORITY,NORMAL,244878500
PRIORITY,NORMAL,244876000
PRIORITY,NORMAL,244876300
PRIORITY,NORMAL,244876800
PRIORITY,NORMAL,244875100
PRIORITY,NORMAL,244875800
PRIORITY,NORMAL,244876100
PRIORITY,NORMAL,244876600
PRIORITY,NORMAL,244876900
PRIORITY,NORMAL,244877200
PRIORITY,NORMAL,244874800
PRIORITY,NORMAL,244875200
PRIORITY,NORMAL,244875600
PRIORITY,NORMAL,244876000
PRIORITY,NORMAL,244876300
PRIORITY,NORMAL,244876600
PRIORITY,NORMAL,244876900
PRIORITY,NORMAL,244877400
PRIORITY,NORMAL,244877900
PRIORITY,NORMAL,244875800
PRIORITY,NORMAL,244876600
PRIORITY,NORMAL,244877200
PRIORITY,NORMAL,244877700
PRIORITY,NORMAL,244878200
PRIORITY,NORMAL,244878600
PRIORITY,NORMAL,244879300
PRIORITY,NORMAL,244879800
PRIORITY,NORMAL,244880200
PRIORITY,NORMAL,244878100
PRIORITY,NORMAL,244878400
PRIORITY,NORMAL,244878800
PRIORITY,NORMAL,244879100
PRIORITY,NORMAL,244879500
PRIORITY,NORMAL,244880000
PRIORITY,NORMAL,244880500
PRIORITY,NORMAL,244880900
PRIORITY,NORMAL,244881100
PRIORITY,NORMAL,244878800
PRIORITY,NORMAL,244879200
PRIORITY,NORMAL,244879500
PRIORITY,NORMAL,244879900
PRIORITY,NORMAL,244880300
PRIORITY,NORMAL,244880500
PRIORITY,NORMAL,244880900
PRIORITY,NORMAL,244881300
PRIORITY,NORMAL,244881600
PRIORITY,NORMAL,244879300
PRIORITY,NORMAL,244879800
PRIORITY,NORMAL,244880300
PRIORITY,NORMAL,244880700
PRIORITY,NORMAL,244879000
PRIORITY,NORMAL,244879300
PRIORITY,NORMAL,244879700
PRIORITY,NORMAL,244880100
PRIORITY,NORMAL,244880500
PRIORITY,NORMAL,244878100
PRIORITY,NORMAL,244878500
PRIORITY,NORMAL,244878800
PRIORITY,NORMAL,244879300
PRIORITY,NORMAL,244879600
PRIORITY,NORMAL,244880000
PRIORITY,NORMAL,244880400
PRIORITY,NORMAL,244880900
PRIORITY,NORMAL,244881200
PRIORITY,NORMAL,244878800
PRIORITY,NORMAL,244879300
PRIORITY,NORMAL,244879700
PRIORITY,NORMAL,244880100
PRIORITY,NORMAL,244880500
PRIORITY,NORMAL,244880800
PRIORITY,NORMAL,244881200
PRIORITY,NORMAL,244881600
PRIORITY,NORMAL,244882000
PRIORITY,NORMAL,244879500
PRIORITY,NORMAL,244879900
PRIORITY,NORMAL,244880400
PRIORITY,NORMAL,244880800
PRIORITY,NORMAL,244881400
PRIORITY,NORMAL,244881800
PRIORITY,NORMAL,244882200
PRIORITY,NORMAL,244882800
PRIORITY,NORMAL,244883200
PRIORITY,NORMAL,244881000
PRIORITY,NORMAL,244881400
PRIORITY,NORMAL,244882000
PRIORITY,NORMAL,244882300
PRIORITY,NORMAL,244882800
PRIORITY,NORMAL,244883300
PRIORITY,NORMAL,244883800
PRIORITY,NORMAL,244884200
PRIORITY,NORMAL,244884600
PRIORITY,NORMAL,244882200
PRIORITY,NORMAL,244882400
PRIORITY,NORMAL,244882900
PRIORITY,NORMAL,244883200
PRIORITY,NORMAL,244883600
PRIORITY,NORMAL,244881900
PRIORITY,NORMAL,244882200
PRIORITY,NORMAL,244882800
PRIORITY,NORMAL,244883100
PRIORITY,NORMAL,244880600
PRIORITY,NORMAL,244881200
PRIORITY,NORMAL,244881600
PRIORITY,NORMAL,244882300
PRIORITY,NORMAL,244882900
PRIORITY,NORMAL,244883300
PRIORITY,NORMAL,244883800
PRIORITY,NORMAL,244884400
PRIORITY,NORMAL,244885000
PRIORITY,NORMAL,244882600
PRIORITY,NORMAL,244883100
PRIORITY,NORMAL,244883400
PRIORITY,NORMAL,244883800
PRIORITY,NORMAL,244884200
PRIORITY,NORMAL,244884500
PRIORITY,NORMAL,244885000
PRIORITY,NORMAL,244885500
PRIORITY,NORMAL,244885900
PRIORITY,NORMAL,244883700
PRIORITY,NORMAL,244884200
PRIORITY,NORMAL,244884500
PRIORITY,NORMAL,244885000
PRIORITY,NORMAL,244885600
PRIORITY,NORMAL,244886000
PRIORITY,NORMAL,244886400
PRIORITY,NORMAL,244886800
PRIORITY,NORMAL,244886900
PRIORITY,NORMAL,244884500
PRIORITY,NORMAL,244885100
PRIORITY,NORMAL,244885400
PRIORITY,NORMAL,244885800
PRIORITY,NORMAL,244886200
PRIORITY,NORMAL,244886500
PRIORITY,NORMAL,244887100
PRIORITY,NORMAL,244887600
PRIORITY,NORMAL,244888300
PRIORITY,NORMAL,244885900
PRIORITY,NORMAL,244886700
PRIORITY,NORMAL,244887100
PRIORITY,NORMAL,244887800
PRIORITY,NORMAL,244888200
PRIORITY,NORMAL,244888600
PRIORITY,NORMAL,244887000
PRIORITY,NORMAL,244887400
PRIORITY,NORMAL,244887900
PRIORITY,NORMAL,244885600
PRIORITY,NORMAL,244886100
PRIORITY,NORMAL,244886700
PRIORITY,NORMAL,244887000
PRIORITY,NORMAL,244887300
PRIORITY,NORMAL,244887800
PRIORITY,NORMAL,244888200
PRIORITY,NORMAL,244888500
PRIORITY,NORMAL,244888900
PRIORITY,NORMAL,244886500
PRIORITY,NORMAL,244886900
PRIORITY,NORMAL,244887200
PRIORITY,NORMAL,244887900
PRIORITY,NORMAL,244888400
PRIORITY,NORMAL,244888700
PRIORITY,NORMAL,244889200
PRIORITY,NORMAL,244890000
PRIORITY,NORMAL,244890700
PRIORITY,NORMAL,244888400
PRIORITY,NORMAL,244888800
PRIORITY,NORMAL,244889400
PRIORITY,NORMAL,244889900
PRIORITY,NORMAL,244890400
PRIORITY,NORMAL,244891000
PRIORITY,NORMAL,244891600
PRIORITY,NORMAL,244892100
PRIORITY,NORMAL,244892800
PRIORITY,NORMAL,244890500
PRIORITY,NORMAL,244890900
PRIORITY,NORMAL,244891400
PRIORITY,NORMAL,244891700
PRIORITY,NORMAL,244892100
PRIORITY,NORMAL,244892500
PRIORITY,NORMAL,244892900
PRIORITY,NORMAL,244893300
PRIORITY,NORMAL,244893700
PRIORITY,NORMAL,244891200
PRIORITY,NORMAL,244891600
PRIORITY,NORMAL,244892100
PRIORITY,NORMAL,244892400
PRIORITY,NORMAL,244892800
PRIORITY,NORMAL,244893300
PRIORITY,NORMAL,244893700
PRIORITY,NORMAL,244892000
PRIORITY,NORMAL,244892400
PRIORITY,NORMAL,244890000
PRIORITY,NORMAL,244890600
PRIORITY,NORMAL,244891100
PRIORITY,NORMAL,244891400
PRIORITY,NORMAL,244892000
PRIORITY,NORMAL,244892500
PRIORITY,NORMAL,244892900
PRIORITY,NORMAL,244893400
PRIORITY,NORMAL,244893900
PRIORITY,NORMAL,244891500
PRIORITY,NORMAL,244892000
PRIORITY,NORMAL,244892400
PRIORITY,NORMAL,244892700
PRIORITY,NORMAL,244893500
PRIORITY,NORMAL,244894000
PRIORITY,NORMAL,244894400
PRIORITY,NORMAL,244894800
PRIORITY,NORMAL,244895300
PRIORITY,NORMAL,244892800
PRIORITY,NORMAL,244893200
PRIORITY,NORMAL,244893700
PRIORITY,NORMAL,244894000
PRIORITY,NORMAL,244894400
PRIORITY,NORMAL,244894800
PRIORITY,NORMAL,244895000
PRIORITY,NORMAL,244895500
PRIORITY,NORMAL,244895900
PRIORITY,NORMAL,244893600
PRIORITY,NORMAL,244894100
PRIORITY,NORMAL,244894700
PRIORITY,NORMAL,244895200
PRIORITY,NORMAL,244895500
PRIORITY,NORMAL,244896000
PRIORITY,NORMAL,244896400
PRIORITY,NORMAL,244896800
PRIORITY,NORMAL,244897400
PRIORITY,NORMAL,244895100
PRIORITY,NORMAL,244895400
PRIORITY,NORMAL,244895900
PRIORITY,NORMAL,244896200
PRIORITY,NORMAL,244895300
PRIORITY,NORMAL,244893600
PRIORITY,NORMAL,244892500
PRIORITY,NORMAL,244891600
PRIORITY,NORMAL,244879200
PRIORITY,NORMAL,244870400
PRIORITY,NORMAL,244868900
PRIORITY,NORMAL,244867600
PRIORITY,NORMAL,244866500
PRIORITY,NORMAL,244865400
PRIORITY,NORMAL,244847900
PRIORITY,NORMAL,244844400
PRIORITY,NORMAL,244843400
PRIORITY,NORMAL,244842900
PRIORITY,NORMAL,244839000
PRIORITY,NORMAL,244838400
PRIORITY,NORMAL,244837700
PRIORITY,NORMAL,244837600
PRIORITY,NORMAL,244837300
PRIORITY,NORMAL,244837300
PRIORITY,NORMAL,244836500
PRIORITY,NORMAL,244836300
PRIORITY,NORMAL,244836400
PRIORITY,NORMAL,244832600
PRIORITY,NORMAL,244832500
PRIORITY,NORMAL,244831900
PRIORITY,NORMAL,244831600
PRIORITY,NORMAL,244830900
PRIORITY,NORMAL,244830600
PRIORITY,NORMAL,244830000
PRIORITY,NORMAL,244829400
PRIORITY,NORMAL,244829500
PRIORITY,NORMAL,244825400
PRIORITY,NORMAL,244825200
PRIORITY,NORMAL,244825000
PRIORITY,NORMAL,244824600
PRIORITY,NORMAL,244824200
PRIORITY,NORMAL,244824000
PRIORITY,NORMAL,244822900
PRIORITY,NORMAL,244821700
PRIORITY,NORMAL,244821500
PRIORITY,NORMAL,244817400
PRIORITY,NORMAL,244816600
PRIORITY,NORMAL,244815900
PRIORITY,NORMAL,244815200
PRIORITY,NORMAL,244814500
PRIORITY,NORMAL,244814300
PRIORITY,NORMAL,244813500
PRIORITY,NORMAL,244813100
PRIORITY,NORMAL,244812700
PRIORITY,NORMAL,244805500
PRIORITY,NORMAL,244805000
PRIORITY,NORMAL,244804100
PRIORITY,NORMAL,244803000
PRIORITY,NORMAL,244802800
PRIORITY,NORMAL,244802300
PRIORITY,NORMAL,244802100
PRIORITY,NORMAL,244801600
PRIORITY,NORMAL,244801000
PRIORITY,NORMAL,244794900
PRIORITY,NORMAL,244794300
PRIORITY,NORMAL,244793700
PRIORITY,NORMAL,244792900
PRIORITY,NORMAL,244792200
PRIORITY,NORMAL,244789100
PRIORITY,NORMAL,244787100
PRIORITY,NORMAL,244782700
PRIORITY,NORMAL,244780100
PRIORITY,NORMAL,244774500
PRIORITY,NORMAL,244767500
PRIORITY,NORMAL,244759800
PRIORITY,NORMAL,244758300
PRIORITY,NORMAL,244757000
PRIORITY,NORMAL,244756100
PRIORITY,NORMAL,244755100
PRIORITY,NORMAL,244754500
PRIORITY,NORMAL,244754500
PRIORITY,NORMAL,244745500
PRIORITY,NORMAL,244745100
PRIORITY,NORMAL,244744700
PRIORITY,NORMAL,244744300
PRIORITY,NORMAL,244741800
PRIORITY,NORMAL,244740200
PRIORITY,NORMAL,244739000
PRIORITY,NORMAL,244737800
PRIORITY,NORMAL,244732300
PRIORITY,NORMAL,244721300
PRIORITY,NORMAL,244719600
PRIORITY,NORMAL,244718600
PRIORITY,NORMAL,244717500
PRIORITY,NORMAL,244715400
PRIORITY,NORMAL,244713700
PRIORITY,NORMAL,244710300
PRIORITY,NORMAL,244705300
PRIORITY,NORMAL,244700100
PRIORITY,NORMAL,244686000
PRIORITY,NORMAL,244682600
PRIORITY,NORMAL,244677300
PRIORITY,NORMAL,244671000
PRIORITY,NORMAL,244668200
PRIORITY,NORMAL,244665700
PRIORITY,NORMAL,244664600
PRIORITY,NORMAL,244663200
PRIORITY,NORMAL,244660900
PRIORITY,NORMAL,244648300
PRIORITY,NORMAL,244639700
PRIORITY,NORMAL,244636900
PRIORITY,NORMAL,244630300
PRIORITY,NORMAL,244627800
PRIORITY,NORMAL,244625100
PRIORITY,NORMAL,244623400
PRIORITY,NORMAL,244619100
PRIORITY,NORMAL,244614100
PRIORITY,NORMAL,244599800
PRIORITY,NORMAL,244595600
PRIORITY,NORMAL,244591200
PRIORITY,NORMAL,244589400
PRIORITY,NORMAL,244588800
PRIORITY,NORMAL,244588100
PRIORITY,NORMAL,244583600
PRIORITY,NORMAL,244578700
PRIORITY,NORMAL,244576900
PRIORITY,NORMAL,244568400
PRIORITY,NORMAL,244566900
PRIORITY,NORMAL,244565600
PRIORITY,NORMAL,244562300
PRIORITY,NORMAL,244560300
PRIORITY,NORMAL,244558100
PRIORITY,NORMAL,244554600
PRIORITY,NORMAL,244553500
PRIORITY,NORMAL,244552000
PRIORITY,NORMAL,244540100
PRIORITY,NORMAL,244531600
PRIORITY,NORMAL,244529400
PRIORITY,NORMAL,244520800
PRIORITY,NORMAL,244516100
PRIORITY,NORMAL,244513600
PRIORITY,NORMAL,244511500
PRIORITY,NORMAL,244509100
PRIORITY,NORMAL,244503800
PRIORITY,NORMAL,244491000
PRIORITY,NORMAL,244487600
PRIORITY,NORMAL,244484400
PRIORITY,NORMAL,244483000
PRIORITY,NORMAL,244477900
PRIORITY,NORMAL,244474000
PRIORITY,NORMAL,244473400
PRIORITY,NORMAL,244471700
PRIORITY,NORMAL,244470000
PRIORITY,NORMAL,244464200
PRIORITY,NORMAL,244458700
PRIORITY,NORMAL,244454700
PRIORITY,NORMAL,244452000
PRIORITY,NORMAL,244450600
PRIORITY,NORMAL,244449400
PRIORITY,NORMAL,244444700
PRIORITY,NORMAL,244442400
PRIORITY,NORMAL,244400800
PRIORITY,NORMAL,244385900
PRIORITY,NORMAL,244384300
PRIORITY,NORMAL,244380900
PRIORITY,NORMAL,244370900
PRIORITY,NORMAL,244367600
PRIORITY,NORMAL,244364100
PRIORITY,NORMAL,244361700
PRIORITY,NORMAL,244358700
PRIORITY,NORMAL,244358300
PRIORITY,NORMAL,244348200
PRIORITY,NORMAL,244344900
PRIORITY,NORMAL,244343700
PRIORITY,NORMAL,244339200
PRIORITY,NORMAL,244338600
PRIORITY,NORMAL,244338500
PRIORITY,NORMAL,244338100
PRIORITY,NORMAL,244337800
PRIORITY,NORMAL,244335900
PRIORITY,NORMAL,244328600
PRIORITY,NORMAL,244320800
PRIORITY,NORMAL,244318100
PRIORITY,NORMAL,244316000
PRIORITY,NORMAL,244315300
PRIORITY,NORMAL,244313800
PRIORITY,NORMAL,244313500
PRIORITY,NORMAL,244312400
PRIORITY,NORMAL,244311700
PRIORITY,NORMAL,244306700
PRIORITY,NORMAL,244305900
PRIORITY,NORMAL,244305000
PRIORITY,NORMAL,244301300
PRIORITY,NORMAL,244300700
PRIORITY,NORMAL,244300300
PRIORITY,NORMAL,244298600
PRIORITY,NORMAL,244297200
PRIORITY,NORMAL,244295800
PRIORITY,NORMAL,244278600
PRIORITY,NORMAL,244276600
PRIORITY,NORMAL,244275500
PRIORITY,NORMAL,244273100
PRIORITY,NORMAL,244268300
PRIORITY,NORMAL,244263900
PRIORITY,NORMAL,244258500
PRIORITY,NORMAL,244254200
PRIORITY,NORMAL,244253200
PRIORITY,NORMAL,244247400
PRIORITY,NORMAL,244246000
PRIORITY,NORMAL,244244800
PRIORITY,NORMAL,244243500
PRIORITY,NORMAL,244241300
PRIORITY,NORMAL,244207700
PRIORITY,NORMAL,244205200
PRIORITY,NORMAL,244204000
PRIORITY,NORMAL,244203000
PRIORITY,NORMAL,244196700
PRIORITY,NORMAL,244194300
PRIORITY,NORMAL,244192500
PRIORITY,NORMAL,244183900
PRIORITY,NORMAL,244181000
PRIORITY,NORMAL,244180200
PRIORITY,NORMAL,244179600
PRIORITY,NORMAL,244179200
PRIORITY,NORMAL,244178700
PRIORITY,NORMAL,244138800
PRIORITY,NORMAL,244132000
PRIORITY,NORMAL,244128800
PRIORITY,NORMAL,244124200
PRIORITY,NORMAL,244119500
PRIORITY,NORMAL,244115700
PRIORITY,NORMAL,244111200
PRIORITY,NORMAL,244109800
PRIORITY,NORMAL,244107500
PRIORITY,NORMAL,244099200
PRIORITY,NORMAL,244096400
PRIORITY,NORMAL,244093400
PRIORITY,NORMAL,244091300
PRIORITY,NORMAL,244090500
PRIORITY,NORMAL,244086100
PRIORITY,NORMAL,244082300
PRIORITY,NORMAL,244081000
PRIORITY,NORMAL,244075800
PRIORITY,NORMAL,244064400
PRIORITY,NORMAL,244060200
PRIORITY,NORMAL,244056000
PRIORITY,NORMAL,244054900
PRIORITY,NORMAL,244050600
PRIORITY,NORMAL,244046800
PRIORITY,NORMAL,244043200
PRIORITY,NORMAL,244041300
PRIORITY,NORMAL,244038300
PRIORITY,NORMAL,244030500
PRIORITY,NORMAL,244026900
PRIORITY,NORMAL,244022900
PRIORITY,NORMAL,244019700
PRIORITY,NORMAL,244016500
PRIORITY,NORMAL,244013900
PRIORITY,NORMAL,244011900
PRIORITY,NORMAL,244008800
PRIORITY,NORMAL,244004800
PRIORITY,NORMAL,243997000
PRIORITY,NORMAL,243992100
PRIORITY,NORMAL,243987500
PRIORITY,NORMAL,243982600
PRIORITY,NORMAL,243979400
PRIORITY,NORMAL,243974500
PRIORITY,NORMAL,243968800
PRIORITY,NORMAL,243963600
PRIORITY,NORMAL,243958300
PRIORITY,NORMAL,243944400
PRIORITY,NORMAL,243938500
PRIORITY,NORMAL,243932800
PRIORITY,NORMAL,243927300
PRIORITY,NORMAL,243921500
PRIORITY,NORMAL,243661000
PRIORITY,NORMAL,243650400
PRIORITY,NORMAL,243644500
PRIORITY,NORMAL,243643100
PRIORITY,NORMAL,243638600
PRIORITY,NORMAL,243637800
PRIORITY,NORMAL,243636600
PRIORITY,NORMAL,243636500
PRIORITY,NORMAL,243636100
PRIORITY,NORMAL,243635400
PRIORITY,NORMAL,243632700
PRIORITY,NORMAL,243632200
PRIORITY,NORMAL,243631400
PRIORITY,NORMAL,243459400
PRIORITY,NORMAL,243458600
PRIORITY,NORMAL,243457600
PRIORITY,NORMAL,243456600
PRIORITY,NORMAL,243456400
PRIORITY,NORMAL,243455800
PRIORITY,NORMAL,243454800
PRIORITY,NORMAL,243454200
PRIORITY,NORMAL,243453300
PRIORITY,NORMAL,243448700
PRIORITY,NORMAL,243448200
PRIORITY,NORMAL,243447600
PRIORITY,NORMAL,243446700
PRIORITY,NORMAL,243445800
PRIORITY,NORMAL,243444700
PRIORITY,NORMAL,243443400
PRIORITY,NORMAL,243440200
PRIORITY,NORMAL,243439700
PRIORITY,NORMAL,243434200
PRIORITY,NORMAL,243432800
PRIORITY,NORMAL,243431600
PRIORITY,NORMAL,243430800
PRIORITY,NORMAL,243429900
PRIORITY,NORMAL,243428900
PRIORITY,NORMAL,243428000
PRIORITY,NORMAL,243426900
PRIORITY,NORMAL,243426100
PRIORITY,NORMAL,243421200
PRIORITY,NORMAL,243419900
PRIORITY,NORMAL,242920000
PRIORITY,NORMAL,242912400
PRIORITY,NORMAL,242907800
PRIORITY,NORMAL,242903300
PRIORITY,NORMAL,242899300
PRIORITY,NORMAL,242895200
PRIORITY,NORMAL,242891100
PRIORITY,NORMAL,242879100
PRIORITY,NORMAL,242874700
PRIORITY,NORMAL,242870200
PRIORITY,NORMAL,242865900
PRIORITY,NORMAL,242861300
PRIORITY,NORMAL,242857400
PRIORITY,NORMAL,242852400
PRIORITY,NORMAL,242841000
PRIORITY,NORMAL,242837600
PRIORITY,NORMAL,242824300
PRIORITY,NORMAL,242819800
PRIORITY,NORMAL,242817400
PRIORITY,NORMAL,242815300
PRIORITY,NORMAL,242814200
PRIORITY,NORMAL,242812200
PRIORITY,NORMAL,242808500
PRIORITY,NORMAL,242804700
PRIORITY,NORMAL,242802300
PRIORITY,NORMAL,242790200
PRIORITY,NORMAL,242787500
PRIORITY,NORMAL,242782100
PRIORITY,NORMAL,242776500
PRIORITY,NORMAL,242771000
PRIORITY,NORMAL,242765500
PRIORITY,NORMAL,242760200
PRIORITY,NORMAL,242754900
PRIORITY,NORMAL,242749500
PRIORITY,NORMAL,242735700
PRIORITY,NORMAL,242730300
PRIORITY,NORMAL,242725200
PRIORITY,NORMAL,242720200
PRIORITY,NORMAL,242714800
PRIORITY,NORMAL,242710200
PRIORITY,NORMAL,242705900
PRIORITY,NORMAL,242701600
PRIORITY,NORMAL,242697100
PRIORITY,NORMAL,242685200
PRIORITY,NORMAL,242681000
PRIORITY,NORMAL,242676300
PRIORITY,NORMAL,242672100
PRIORITY,NORMAL,242668000
PRIORITY,NORMAL,242663800
PRIORITY,NORMAL,242659400
PRIORITY,NORMAL,242655400
PRIORITY,NORMAL,242650800
PRIORITY,NORMAL,242638800
PRIORITY,NORMAL,242634500
PRIORITY,NORMAL,242630200
PRIORITY,NORMAL,242625600
PRIORITY,NORMAL,242621400
PRIORITY,NORMAL,242616300
PRIORITY,NORMAL,242610900
PRIORITY,NORMAL,242606200
PRIORITY,NORMAL,242599500
PRIORITY,NORMAL,242587200
PRIORITY,NORMAL,242583300
PRIORITY,NORMAL,242578700
PRIORITY,NORMAL,242574400
PRIORITY,NORMAL,242570400
PRIORITY,NORMAL,242566000
PRIORITY,NORMAL,242561800
PRIORITY,NORMAL,242557200
PRIORITY,NORMAL,242553100
PRIORITY,NORMAL,242541800
PRIORITY,NORMAL,242537100
PRIORITY,NORMAL,242532900
PRIORITY,NORMAL,242528600
PRIORITY,NORMAL,242523900
PRIORITY,NORMAL,242519800
PRIORITY,NORMAL,242515000
PRIORITY,NORMAL,242511500
PRIORITY,NORMAL,242505900
PRIORITY,NORMAL,242493500
PRIORITY,NORMAL,242492300
PRIORITY,NORMAL,242490000
PRIORITY,NORMAL,242487400
PRIORITY,NORMAL,242482900
PRIORITY,NORMAL,242478300
PRIORITY,NORMAL,242472900
PRIORITY,NORMAL,242470500
PRIORITY,NORMAL,242465300
PRIORITY,NORMAL,242451500
PRIORITY,NORMAL,242446300
PRIORITY,NORMAL,242441200
PRIORITY,NORMAL,242436000
PRIORITY,NORMAL,242430500
PRIORITY,NORMAL,242425900
PRIORITY,NORMAL,242423700
PRIORITY,NORMAL,242419400
PRIORITY,NORMAL,242415500
PRIORITY,NORMAL,242406000
PRIORITY,NORMAL,242405500
PRIORITY,NORMAL,242404800
PRIORITY,NORMAL,242402900
PRIORITY,NORMAL,242397900
PRIORITY,NORMAL,242392800
PRIORITY,NORMAL,242387600
PRIORITY,NORMAL,242380200
PRIORITY,NORMAL,242375200
PRIORITY,NORMAL,242339200
PRIORITY,NORMAL,242337400
PRIORITY,NORMAL,242336400
PRIORITY,NORMAL,242331600
PRIORITY,NORMAL,242326300
PRIORITY,NORMAL,242322100
PRIORITY,NORMAL,242317000
PRIORITY,NORMAL,242312600
PRIORITY,NORMAL,242306500
PRIORITY,NORMAL,242292200
PRIORITY,NORMAL,242287400
PRIORITY,NORMAL,242282000
PRIORITY,NORMAL,242277200
PRIORITY,NORMAL,242272300
PRIORITY,NORMAL,242267400
PRIORITY,NORMAL,242262700
PRIORITY,NORMAL,242257600
PRIORITY,NORMAL,242253200
PRIORITY,NORMAL,242239600
PRIORITY,NORMAL,242233900
PRIORITY,NORMAL,242227700
PRIORITY,NORMAL,242222200
PRIORITY,NORMAL,242217000
PRIORITY,NORMAL,242211600
PRIORITY,NORMAL,242205700
PRIORITY,NORMAL,242200600
PRIORITY,NORMAL,242195100
PRIORITY,NORMAL,242181100
PRIORITY,NORMAL,242175800
PRIORITY,NORMAL,242170700
PRIORITY,NORMAL,242165500
PRIORITY,NORMAL,242159900
PRIORITY,NORMAL,242154800
PRIORITY,NORMAL,242149500
PRIORITY,NORMAL,242144300
PRIORITY,NORMAL,242138600
PRIORITY,NORMAL,242124500
PRIORITY,NORMAL,242119300
PRIORITY,NORMAL,242113700
PRIORITY,NORMAL,242108200
PRIORITY,NORMAL,242102800
PRIORITY,NORMAL,242097300
PRIORITY,NORMAL,242092000
PRIORITY,NORMAL,242086500
PRIORITY,NORMAL,242081400
PRIORITY,NORMAL,242065000
PRIORITY,NORMAL,242059600
PRIORITY,NORMAL,242053700
PRIORITY,NORMAL,242049200
PRIORITY,NORMAL,242044200
PRIORITY,NORMAL,242039900
PRIORITY,NORMAL,242034400
PRIORITY,NORMAL,242029100
PRIORITY,NORMAL,242024400
PRIORITY,NORMAL,242010000
PRIORITY,NORMAL,242005200
PRIORITY,NORMAL,242003100
PRIORITY,NORMAL,241999100
PRIORITY,NORMAL,241993800
PRIORITY,NORMAL,241988900
PRIORITY,NORMAL,241984000
PRIORITY,NORMAL,241980200
PRIORITY,NORMAL,241975000
PRIORITY,NORMAL,241967400
PRIORITY,NORMAL,241965600
PRIORITY,NORMAL,241963800
PRIORITY,NORMAL,241961900
PRIORITY,NORMAL,241959900
PRIORITY,NORMAL,241958100
PRIORITY,NORMAL,241955800
PRIORITY,NORMAL,241953600
PRIORITY,NORMAL,241952000
PRIORITY,NORMAL,241944900
PRIORITY,NORMAL,241943000
PRIORITY,NORMAL,241941100
PRIORITY,NORMAL,241939600
PRIORITY,NORMAL,241938200
PRIORITY,NORMAL,241936700
PRIORITY,NORMAL,241934900
PRIORITY,NORMAL,241933200
PRIORITY,NORMAL,241931600
PRIORITY,NORMAL,241925200
PRIORITY,NORMAL,241923400
PRIORITY,NORMAL,241921600
PRIORITY,NORMAL,241919600
PRIORITY,NORMAL,241917800
PRIORITY,NORMAL,241916000
PRIORITY,NORMAL,241914300
PRIORITY,NORMAL,241912600
PRIORITY,NORMAL,241910800
PRIORITY,NORMAL,241904500
PRIORITY,NORMAL,241900600
PRIORITY,NORMAL,241898700
PRIORITY,NORMAL,241896600
PRIORITY,NORMAL,241894800
PRIORITY,NORMAL,241892900
PRIORITY,NORMAL,241890900
PRIORITY,NORMAL,241889500
PRIORITY,NORMAL,241888300
PRIORITY,NORMAL,241882600
PRIORITY,NORMAL,241881300
PRIORITY,NORMAL,241879900
PRIORITY,NORMAL,241877400
PRIORITY,NORMAL,241874900
PRIORITY,NORMAL,241870300
PRIORITY,NORMAL,241864700
PRIORITY,NORMAL,241859100
PRIORITY,NORMAL,241854100
PRIORITY,NORMAL,241848600
PRIORITY,NORMAL,241846800
PRIORITY,NORMAL,241845900
PRIORITY,NORMAL,241844600
PRIORITY,NORMAL,241843800
PRIORITY,NORMAL,241838900
PRIORITY,NORMAL,241834100
PRIORITY,NORMAL,241790600
PRIORITY,NORMAL,241787500
PRIORITY,NORMAL,241782900
PRIORITY,NORMAL,241781700
PRIORITY,NORMAL,241780200
PRIORITY,NORMAL,241778700
PRIORITY,NORMAL,241774500
PRIORITY,NORMAL,241769300
PRIORITY,NORMAL,241761000
PRIORITY,NORMAL,241722900
PRIORITY,NORMAL,241717800
PRIORITY,NORMAL,241710300
PRIORITY,NORMAL,241708300
PRIORITY,NORMAL,241707000
PRIORITY,NORMAL,241705300
PRIORITY,NORMAL,241704200
PRIORITY,NORMAL,241702700
PRIORITY,NORMAL,241701000
PRIORITY,NORMAL,241699300
PRIORITY,NORMAL,241694800
PRIORITY,NORMAL,241654800
PRIORITY,NORMAL,241653700
PRIORITY,NORMAL,241649400
PRIORITY,NORMAL,241644800
PRIORITY,NORMAL,241643300
PRIORITY,NORMAL,241642200
PRIORITY,NORMAL,241640700
PRIORITY,NORMAL,241638900
PRIORITY,NORMAL,241636600
PRIORITY,NORMAL,241623800
PRIORITY,NORMAL,241618700
PRIORITY,NORMAL,241616600
PRIORITY,NORMAL,241613300
PRIORITY,NORMAL,241579900
PRIORITY,NORMAL,241576100
PRIORITY,NORMAL,241571600
PRIORITY,NORMAL,241568200
PRIORITY,NORMAL,241567200
PRIORITY,NORMAL,241556200
PRIORITY,NORMAL,241524100
PRIORITY,NORMAL,241522400
PRIORITY,NORMAL,241520900
PRIORITY,NORMAL,241519800
PRIORITY,NORMAL,241517100
PRIORITY,NORMAL,241512000
PRIORITY,NORMAL,241506400
PRIORITY,NORMAL,241500900
PRIORITY,NORMAL,241493100
PRIORITY,NORMAL,241459500
PRIORITY,NORMAL,241454800
PRIORITY,NORMAL,241450000
PRIORITY,NORMAL,241445400
PRIORITY,NORMAL,241441600
PRIORITY,NORMAL,241437000
PRIORITY,NORMAL,241432400
PRIORITY,NORMAL,241431600
PRIORITY,NORMAL,241424900
PRIORITY,NORMAL,241420800
PRIORITY,NORMAL,241388300
PRIORITY,NORMAL,241385100
PRIORITY,NORMAL,241383300
PRIORITY,NORMAL,241378900
PRIORITY,NORMAL,241374300
PRIORITY,NORMAL,241369300
PRIORITY,NORMAL,241365400
PRIORITY,NORMAL,241357500
PRIORITY,NORMAL,241352800
PRIORITY,NORMAL,241347600
PRIORITY,NORMAL,241342200
PRIORITY,NORMAL,241335300
PRIORITY,NORMAL,241330800
PRIORITY,NORMAL,241326100
PRIORITY,NORMAL,241321400
PRIORITY,NORMAL,241318900
PRIORITY,NORMAL,241309800
PRIORITY,NORMAL,241304800
PRIORITY,NORMAL,241299700
PRIORITY,NORMAL,241295600
PRIORITY,NORMAL,241293500
PRIORITY,NORMAL,241288500
PRIORITY,NORMAL,241282800
PRIORITY,NORMAL,241277800
PRIORITY,NORMAL,241272600
PRIORITY,NORMAL,241261100
PRIORITY,NORMAL,241256400
PRIORITY,NORMAL,241253800
PRIORITY,NORMAL,241249200
PRIORITY,NORMAL,241244200
PRIORITY,NORMAL,241241100
PRIORITY,NORMAL,241238100
PRIORITY,NORMAL,241233500
PRIORITY,NORMAL,241228000
PRIORITY,NORMAL,241213700
PRIORITY,NORMAL,241208000
PRIORITY,NORMAL,241204200
PRIORITY,NORMAL,241199400
PRIORITY,NORMAL,241196800
PRIORITY,NORMAL,241191500
PRIORITY,NORMAL,241186500
PRIORITY,NORMAL,241184900
PRIORITY,NORMAL,241180200
PRIORITY,NORMAL,241167100
PRIORITY,NORMAL,241162500
PRIORITY,NORMAL,241157300
PRIORITY,NORMAL,241152500
PRIORITY,NORMAL,241149500
PRIORITY,NORMAL,241144600
PRIORITY,NORMAL,241142100
PRIORITY,NORMAL,241137100
PRIORITY,NORMAL,241132800
PRIORITY,NORMAL,241121500
PRIORITY,NORMAL,241118600
PRIORITY,NORMAL,241114300
PRIORITY,NORMAL,241109800
PRIORITY,NORMAL,241104800
PRIORITY,NORMAL,241083000
PRIORITY,NORMAL,241078800
PRIORITY,NORMAL,241075600
PRIORITY,NORMAL,241071900
PRIORITY,NORMAL,241058300
PRIORITY,NORMAL,241055200
PRIORITY,NORMAL,241050400
PRIORITY,NORMAL,241044800
PRIORITY,NORMAL,241039200
PRIORITY,NORMAL,241034100
PRIORITY,NORMAL,241029000
PRIORITY,NORMAL,241025800
PRIORITY,NORMAL,241020800
PRIORITY,NORMAL,241014100
PRIORITY,NORMAL,241013300
PRIORITY,NORMAL,241010300
PRIORITY,NORMAL,240987700
PRIORITY,NORMAL,240982100
PRIORITY,NORMAL,240973400
PRIORITY,NORMAL,240970200
PRIORITY,NORMAL,240969500
PRIORITY,NORMAL,240968700
PRIORITY,NORMAL,240963400
PRIORITY,NORMAL,240962600
PRIORITY,NORMAL,240962000
PRIORITY,NORMAL,240961400
PRIORITY,NORMAL,240960400
PRIORITY,NORMAL,240959800
PRIORITY,NORMAL,240959200
PRIORITY,NORMAL,240958700
PRIORITY,NORMAL,240958000
PRIORITY,NORMAL,240952900
PRIORITY,NORMAL,240948700
PRIORITY,NORMAL,240943700
PRIORITY,NORMAL,240938700
PRIORITY,NORMAL,240938000
PRIORITY,NORMAL,240935800
PRIORITY,NORMAL,240931900
PRIORITY,NORMAL,240930000
PRIORITY,NORMAL,240925800
PRIORITY,NORMAL,240914300
PRIORITY,NORMAL,240913500
PRIORITY,NORMAL,240908700
PRIORITY,NORMAL,240903600
PRIORITY,NORMAL,240895200
PRIORITY,NORMAL,240892500
PRIORITY,NORMAL,240889200
PRIORITY,NORMAL,240880000
PRIORITY,NORMAL,240875700
PRIORITY,NORMAL,240869100
PRIORITY,NORMAL,240866100
PRIORITY,NORMAL,240864800
PRIORITY,NORMAL,240860500
PRIORITY,NORMAL,240792400
PRIORITY,NORMAL,240788600
PRIORITY,NORMAL,240786400
PRIORITY,NORMAL,240781700
PRIORITY,NORMAL,240731300
PRIORITY,NORMAL,240718600
PRIORITY,NORMAL,240717000
PRIORITY,NORMAL,240716700
PRIORITY,NORMAL,240712000
PRIORITY,NORMAL,240706900
PRIORITY,NORMAL,240701700
PRIORITY,NORMAL,240697800
PRIORITY,NORMAL,240696200
PRIORITY,NORMAL,240692000
PRIORITY,NORMAL,240657900
PRIORITY,NORMAL,240655200
PRIORITY,NORMAL,240650800
PRIORITY,NORMAL,240649400
PRIORITY,NORMAL,240646000
PRIORITY,NORMAL,240642300
PRIORITY,NORMAL,240638800
PRIORITY,NORMAL,240637100
PRIORITY,NORMAL,240636400
PRIORITY,NORMAL,240631100
PRIORITY,NORMAL,240629900
PRIORITY,NORMAL,240629000
PRIORITY,NORMAL,240628000
PRIORITY,NORMAL,240626900
PRIORITY,NORMAL,240626400
PRIORITY,NORMAL,240625400
PRIORITY,NORMAL,240624700
PRIORITY,NORMAL,240621600
PRIORITY,NORMAL,240613800
PRIORITY,NORMAL,240609200
PRIORITY,NORMAL,240605400
PRIORITY,NORMAL,240603300
PRIORITY,NORMAL,240600900
PRIORITY,NORMAL,240597000
PRIORITY,NORMAL,240563200
PRIORITY,NORMAL,240552100
PRIORITY,NORMAL,240546600
PRIORITY,NORMAL,240504400
PRIORITY,NORMAL,240500300
PRIORITY,NORMAL,240495300
PRIORITY,NORMAL,240489900
PRIORITY,NORMAL,240485900
PRIORITY,NORMAL,240483400
PRIORITY,NORMAL,240481600
PRIORITY,NORMAL,240479400
PRIORITY,NORMAL,240474100
PRIORITY,NORMAL,240461100
PRIORITY,NORMAL,240455500
PRIORITY,NORMAL,240450600
PRIORITY,NORMAL,240446600
PRIORITY,NORMAL,240441600
PRIORITY,NORMAL,240429600
PRIORITY,NORMAL,240424400
PRIORITY,NORMAL,240419000
PRIORITY,NORMAL,240413700
PRIORITY,NORMAL,240402600
PRIORITY,NORMAL,240399000
PRIORITY,NORMAL,240395100
PRIORITY,NORMAL,240391700
PRIORITY,NORMAL,240387900
PRIORITY,NORMAL,240384200
PRIORITY,NORMAL,240380500
PRIORITY,NORMAL,240376700
PRIORITY,NORMAL,240372400
PRIORITY,NORMAL,240362400
PRIORITY,NORMAL,240358500
PRIORITY,NORMAL,240354800
PRIORITY,NORMAL,240353100
PRIORITY,NORMAL,240349200
PRIORITY,NORMAL,240344000
PRIORITY,NORMAL,240338700
PRIORITY,NORMAL,240333300
PRIORITY,NORMAL,240328400
PRIORITY,NORMAL,240315900
PRIORITY,NORMAL,240310500
PRIORITY,NORMAL,240305300
PRIORITY,NORMAL,240300900
PRIORITY,NORMAL,240295500
PRIORITY,NORMAL,240289800
PRIORITY,NORMAL,240284600
PRIORITY,NORMAL,240280500
PRIORITY,NORMAL,240275700
PRIORITY,NORMAL,240261900
PRIORITY,NORMAL,240257800
PRIORITY,NORMAL,240253600
PRIORITY,NORMAL,240250600
PRIORITY,NORMAL,240246800
PRIORITY,NORMAL,240243000
PRIORITY,NORMAL,240239200
PRIORITY,NORMAL,240235700
PRIORITY,NORMAL,240230800
PRIORITY,NORMAL,240219000
PRIORITY,NORMAL,240213900
PRIORITY,NORMAL,240210800
PRIORITY,NORMAL,240209000
PRIORITY,NORMAL,240206600
PRIORITY,NORMAL,240201100
PRIORITY,NORMAL,240196200
PRIORITY,NORMAL,240190700
PRIORITY,NORMAL,240185100
PRIORITY,NORMAL,240172300
PRIORITY,NORMAL,240167600
PRIORITY,NORMAL,240162300
PRIORITY,NORMAL,240157600
PRIORITY,NORMAL,240153700
PRIORITY,NORMAL,240149200
PRIORITY,NORMAL,240145000
PRIORITY,NORMAL,240140800
PRIORITY,NORMAL,240136800
PRIORITY,NORMAL,240125600
PRIORITY,NORMAL,240122000
PRIORITY,NORMAL,240117700
PRIORITY,NORMAL,240114400
PRIORITY,NORMAL,240110600
PRIORITY,NORMAL,240107300
PRIORITY,NORMAL,240104200
PRIORITY,NORMAL,240102400
PRIORITY,NORMAL,240096900
PRIORITY,NORMAL,240083400
PRIORITY,NORMAL,240078000
PRIORITY,NORMAL,240073600
PRIORITY,NORMAL,240068000
PRIORITY,NORMAL,240063000
PRIORITY,NORMAL,240057500
PRIORITY,NORMAL,240051900
PRIORITY,NORMAL,240046700
PRIORITY,NORMAL,240041200
PRIORITY,NORMAL,240026300
PRIORITY,NORMAL,240022000
PRIORITY,NORMAL,240018200
PRIORITY,NORMAL,240014300
PRIORITY,NORMAL,240010400
PRIORITY,NORMAL,240006200
PRIORITY,NORMAL,240003000
PRIORITY,NORMAL,239998600
PRIORITY,NORMAL,239994500
PRIORITY,NORMAL,239983100
PRIORITY,NORMAL,239978200
PRIORITY,NORMAL,239974900
PRIORITY,NORMAL,239969800
PRIORITY,NORMAL,239964500
PRIORITY,NORMAL,239910000
PRIORITY,NORMAL,239904400
PRIORITY,NORMAL,239895700
PRIORITY,NORMAL,239892300
PRIORITY,NORMAL,239887500
PRIORITY,NORMAL,239885200
PRIORITY,NORMAL,239847000
PRIORITY,NORMAL,239839300
PRIORITY,NORMAL,239833400
PRIORITY,NORMAL,239828600
PRIORITY,NORMAL,239825300
PRIORITY,NORMAL,239820100
PRIORITY,NORMAL,239815100
PRIORITY,NORMAL,239800500
PRIORITY,NORMAL,239796000
PRIORITY,NORMAL,239790700
PRIORITY,NORMAL,239784900
PRIORITY,NORMAL,239779800
PRIORITY,NORMAL,239776400
PRIORITY,NORMAL,239771900
PRIORITY,NORMAL,239768700
PRIORITY,NORMAL,239764500
PRIORITY,NORMAL,239752500
PRIORITY,NORMAL,239748700
PRIORITY,NORMAL,239745500
PRIORITY,NORMAL,239741900
PRIORITY,NORMAL,239738300
PRIORITY,NORMAL,239734100
PRIORITY,NORMAL,239730500
PRIORITY,NORMAL,239725600
PRIORITY,NORMAL,239722600
PRIORITY,NORMAL,239710000
PRIORITY,NORMAL,239705200
PRIORITY,NORMAL,239703600
PRIORITY,NORMAL,239700300
PRIORITY,NORMAL,239694400
PRIORITY,NORMAL,239688400
PRIORITY,NORMAL,239683100
PRIORITY,NORMAL,239678000
PRIORITY,NORMAL,239673700
PRIORITY,NORMAL,239659600
PRIORITY,NORMAL,239654100
PRIORITY,NORMAL,239650200
PRIORITY,NORMAL,239645800
PRIORITY,NORMAL,239641900
PRIORITY,NORMAL,239637700
PRIORITY,NORMAL,239633800
PRIORITY,NORMAL,239630100
PRIORITY,NORMAL,239626300
PRIORITY,NORMAL,239614900
PRIORITY,NORMAL,239611100
PRIORITY,NORMAL,239609800
PRIORITY,NORMAL,239607700
PRIORITY,NORMAL,239602200
PRIORITY,NORMAL,239597600
PRIORITY,NORMAL,239592000
PRIORITY,NORMAL,239587100
PRIORITY,NORMAL,239582500
PRIORITY,NORMAL,239569000
PRIORITY,NORMAL,239563500
PRIORITY,NORMAL,239559200
PRIORITY,NORMAL,239555700
PRIORITY,NORMAL,239552000
PRIORITY,NORMAL,239546300
PRIORITY,NORMAL,239541100
PRIORITY,NORMAL,239536700
PRIORITY,NORMAL,239534400
PRIORITY,NORMAL,239525900
PRIORITY,NORMAL,235878600
PRIORITY,NORMAL,235846100
PRIORITY,NORMAL,235841100
PRIORITY,NORMAL,235839800
PRIORITY,NORMAL,235837900
PRIORITY,NORMAL,235835700
PRIORITY,NORMAL,235834700
PRIORITY,NORMAL,235830000
PRIORITY,NORMAL,235820600
PRIORITY,NORMAL,235815400
PRIORITY,NORMAL,235800300
PRIORITY,NORMAL,235795100
PRIORITY,NORMAL,235791600
PRIORITY,NORMAL,235790700
PRIORITY,NORMAL,235790000
PRIORITY,NORMAL,235785700
PRIORITY,NORMAL,235781000
PRIORITY,NORMAL,235770800
PRIORITY,NORMAL,235764700
PRIORITY,NORMAL,235761200
PRIORITY,NORMAL,235756500
PRIORITY,NORMAL,235751800
PRIORITY,NORMAL,235746300
PRIORITY,NORMAL,235742400
PRIORITY,NORMAL,235737800
PRIORITY,NORMAL,235733800
PRIORITY,NORMAL,235724300
PRIORITY,NORMAL,235720600
PRIORITY,NORMAL,235716300
PRIORITY,NORMAL,235710200
PRIORITY,NORMAL,235705100
PRIORITY,NORMAL,235699100
PRIORITY,NORMAL,235693400
PRIORITY,NORMAL,235690400
PRIORITY,NORMAL,235684500
PRIORITY,NORMAL,235662000
PRIORITY,NORMAL,235651800
PRIORITY,NORMAL,235644400
PRIORITY,NORMAL,235637200
PRIORITY,NORMAL,235634100
PRIORITY,NORMAL,235631900
PRIORITY,NORMAL,235628500
PRIORITY,NORMAL,235626800
PRIORITY,NORMAL,235625900
PRIORITY,NORMAL,235620800
PRIORITY,NORMAL,235618400
PRIORITY,NORMAL,235617800
PRIORITY,NORMAL,235616700
PRIORITY,NORMAL,235615700
PRIORITY,NORMAL,235614400
PRIORITY,NORMAL,235612500
PRIORITY,NORMAL,235611500
PRIORITY,NORMAL,235610000
PRIORITY,NORMAL,235603700
PRIORITY,NORMAL,235602800
PRIORITY,NORMAL,235597000
PRIORITY,NORMAL,235588800
PRIORITY,NORMAL,235587700
PRIORITY,NORMAL,235582800
PRIORITY,NORMAL,235577600
PRIORITY,NORMAL,235574000
PRIORITY,NORMAL,235463200
PRIORITY,NORMAL,235458300
PRIORITY,NORMAL,235457700
PRIORITY,NORMAL,235457000
PRIORITY,NORMAL,235456300
PRIORITY,NORMAL,235456000
PRIORITY,NORMAL,235455600
PRIORITY,NORMAL,235454900
PRIORITY,NORMAL,235454600
PRIORITY,NORMAL,235454000
PRIORITY,NORMAL,235449000
PRIORITY,NORMAL,235440500
PRIORITY,NORMAL,235435400
PRIORITY,NORMAL,235432200
PRIORITY,NORMAL,235430000
PRIORITY,NORMAL,235426900
PRIORITY,NORMAL,235423700
PRIORITY,NORMAL,235423000
PRIORITY,NORMAL,235420900
PRIORITY,NORMAL,235412200
PRIORITY,NORMAL,235411400
PRIORITY,NORMAL,235408400
PRIORITY,NORMAL,235404300
PRIORITY,NORMAL,235400900
PRIORITY,NORMAL,235397100
PRIORITY,NORMAL,235392900
PRIORITY,NORMAL,235389900
PRIORITY,NORMAL,235386200
PRIORITY,NORMAL,235376700
PRIORITY,NORMAL,235375400
PRIORITY,NORMAL,235372000
PRIORITY,NORMAL,235368100
PRIORITY,NORMAL,235363300
PRIORITY,NORMAL,235362500
PRIORITY,NORMAL,235360700
PRIORITY,NORMAL,235360100
PRIORITY,NORMAL,235358000
PRIORITY,NORMAL,235352900
PRIORITY,NORMAL,235352500
PRIORITY,NORMAL,235351900
PRIORITY,NORMAL,235350800
PRIORITY,NORMAL,235350300
PRIORITY,NORMAL,235345300
PRIORITY,NORMAL,235343800
PRIORITY,NORMAL,235342200
PRIORITY,NORMAL,235341800
PRIORITY,NORMAL,235335800
PRIORITY,NORMAL,235335200
PRIORITY,NORMAL,235334800
PRIORITY,NORMAL,235334100
PRIORITY,NORMAL,235333600
PRIORITY,NORMAL,235332800
PRIORITY,NORMAL,235332300
PRIORITY,NORMAL,235331600
PRIORITY,NORMAL,235330900
PRIORITY,NORMAL,235388300
PRIORITY,NORMAL,235387200
PRIORITY,NORMAL,235386800
PRIORITY,NORMAL,235386300
PRIORITY,NORMAL,235385500
PRIORITY,NORMAL,235384900
PRIORITY,NORMAL,235381000
PRIORITY,NORMAL,235375900
PRIORITY,NORMAL,235371600
PRIORITY,NORMAL,235364900
PRIORITY,NORMAL,235364100
PRIORITY,NORMAL,235363400
PRIORITY,NORMAL,235363000
PRIORITY,NORMAL,235362400
PRIORITY,NORMAL,235362000
PRIORITY,NORMAL,235361300
PRIORITY,NORMAL,235359600
PRIORITY,NORMAL,235357400
PRIORITY,NORMAL,235352800
PRIORITY,NORMAL,235351800
PRIORITY,NORMAL,235350300
PRIORITY,NORMAL,235349500
PRIORITY,NORMAL,235344700
PRIORITY,NORMAL,235309500
PRIORITY,NORMAL,235300900
PRIORITY,NORMAL,235267400
PRIORITY,NORMAL,235258900
PRIORITY,NORMAL,235246100
PRIORITY,NORMAL,235244900
PRIORITY,NORMAL,235243800
PRIORITY,NORMAL,235242100
PRIORITY,NORMAL,235240900
PRIORITY,NORMAL,235239400
PRIORITY,NORMAL,235235300
PRIORITY,NORMAL,235233500
PRIORITY,NORMAL,235232100
PRIORITY,NORMAL,235225600
PRIORITY,NORMAL,235223700
PRIORITY,NORMAL,235222400
PRIORITY,NORMAL,235221500
PRIORITY,NORMAL,235217900
PRIORITY,NORMAL,235020500
PRIORITY,NORMAL,235018100
PRIORITY,NORMAL,235015700
PRIORITY,NORMAL,235007800
PRIORITY,NORMAL,235001100
PRIORITY,NORMAL,234999700
PRIORITY,NORMAL,234994500
PRIORITY,NORMAL,234989600
PRIORITY,NORMAL,234985000
PRIORITY,NORMAL,234980600
PRIORITY,NORMAL,234976600
PRIORITY,NORMAL,234972100
PRIORITY,NORMAL,234967800
PRIORITY,NORMAL,234955500
PRIORITY,NORMAL,234950600
PRIORITY,NORMAL,234946500
PRIORITY,NORMAL,234944800
PRIORITY,NORMAL,234943100
PRIORITY,NORMAL,234941900
PRIORITY,NORMAL,234940200
PRIORITY,NORMAL,234938500
PRIORITY,NORMAL,234936500
PRIORITY,NORMAL,234930100
PRIORITY,NORMAL,234928400
PRIORITY,NORMAL,234926800
PRIORITY,NORMAL,234925000
PRIORITY,NORMAL,234923800
PRIORITY,NORMAL,234922100
PRIORITY,NORMAL,234920100
PRIORITY,NORMAL,234918100
PRIORITY,NORMAL,234916400
PRIORITY,NORMAL,234909600
PRIORITY,NORMAL,234908200
PRIORITY,NORMAL,234906600
PRIORITY,NORMAL,234905200
PRIORITY,NORMAL,234903400
PRIORITY,NORMAL,234901600
PRIORITY,NORMAL,234900100
PRIORITY,NORMAL,234896200
PRIORITY,NORMAL,234894500
PRIORITY,NORMAL,234888100
PRIORITY,NORMAL,234886500
PRIORITY,NORMAL,234884900
PRIORITY,NORMAL,234883400
PRIORITY,NORMAL,234881800
PRIORITY,NORMAL,234880100
PRIORITY,NORMAL,234878300
PRIORITY,NORMAL,234876900
PRIORITY,NORMAL,234875600
PRIORITY,NORMAL,234868900
PRIORITY,NORMAL,234867400
PRIORITY,NORMAL,234866000
PRIORITY,NORMAL,234864400
PRIORITY,NORMAL,234863100
PRIORITY,NORMAL,234861900
PRIORITY,NORMAL,234860700
PRIORITY,NORMAL,234859700
PRIORITY,NORMAL,234856900
PRIORITY,NORMAL,234845000
PRIORITY,NORMAL,234841400
PRIORITY,NORMAL,234837400
PRIORITY,NORMAL,234833200
PRIORITY,NORMAL,234828300
PRIORITY,NORMAL,234825300
PRIORITY,NORMAL,234820600
PRIORITY,NORMAL,234815100
PRIORITY,NORMAL,234810000
PRIORITY,NORMAL,234797500
PRIORITY,NORMAL,234792000
PRIORITY,NORMAL,234787800
PRIORITY,NORMAL,234783300
PRIORITY,NORMAL,234778200
PRIORITY,NORMAL,234773800
PRIORITY,NORMAL,234769000
PRIORITY,NORMAL,234764400
PRIORITY,NORMAL,234760100
PRIORITY,NORMAL,234747200
PRIORITY,NORMAL,234742900
PRIORITY,NORMAL,234738500
PRIORITY,NORMAL,234733300
PRIORITY,NORMAL,234730100
PRIORITY,NORMAL,234726500
PRIORITY,NORMAL,234721900
PRIORITY,NORMAL,234716800
PRIORITY,NORMAL,234710400
PRIORITY,NORMAL,234702800
PRIORITY,NORMAL,234701400
PRIORITY,NORMAL,234699700
PRIORITY,NORMAL,234698900
PRIORITY,NORMAL,234698100
PRIORITY,NORMAL,234690700
PRIORITY,NORMAL,234686800
PRIORITY,NORMAL,234685500
PRIORITY,NORMAL,234684200
PRIORITY,NORMAL,234671500
PRIORITY,NORMAL,234649500
PRIORITY,NORMAL,234643200
PRIORITY,NORMAL,234634700
PRIORITY,NORMAL,234628800
PRIORITY,NORMAL,234621300
PRIORITY,NORMAL,234617400
PRIORITY,NORMAL,234616700
PRIORITY,NORMAL,234615900
PRIORITY,NORMAL,234610700
PRIORITY,NORMAL,234609900
PRIORITY,NORMAL,234608700
PRIORITY,NORMAL,234607500
PRIORITY,NORMAL,234604200
PRIORITY,NORMAL,234596100
PRIORITY,NORMAL,234593300
PRIORITY,NORMAL,234591500
PRIORITY,NORMAL,234589700
PRIORITY,NORMAL,234583700
PRIORITY,NORMAL,234582900
PRIORITY,NORMAL,234581600
PRIORITY,NORMAL,234579700
PRIORITY,NORMAL,234577600
PRIORITY,NORMAL,234575900
PRIORITY,NORMAL,234574100
PRIORITY,NORMAL,234572200
PRIORITY,NORMAL,234570500
PRIORITY,NORMAL,234563500
PRIORITY,NORMAL,234561600
PRIORITY,NORMAL,234559600
PRIORITY,NORMAL,234557800
PRIORITY,NORMAL,234555900
PRIORITY,NORMAL,234554000
PRIORITY,NORMAL,234552100
PRIORITY,NORMAL,234550100
PRIORITY,NORMAL,234548300
PRIORITY,NORMAL,234539400
PRIORITY,NORMAL,234537600
PRIORITY,NORMAL,234535600
PRIORITY,NORMAL,234533800
PRIORITY,NORMAL,234532000
PRIORITY,NORMAL,234530200
PRIORITY,NORMAL,234528500
PRIORITY,NORMAL,234526500
PRIORITY,NORMAL,234524500
PRIORITY,NORMAL,234517900
PRIORITY,NORMAL,234515900
PRIORITY,NORMAL,234514000
PRIORITY,NORMAL,234512100
PRIORITY,NORMAL,234510200
PRIORITY,NORMAL,234508100
PRIORITY,NORMAL,234506200
PRIORITY,NORMAL,234504300
PRIORITY,NORMAL,234502400
PRIORITY,NORMAL,234495100
PRIORITY,NORMAL,234493300
PRIORITY,NORMAL,234491700
PRIORITY,NORMAL,234489500
PRIORITY,NORMAL,234487900
PRIORITY,NORMAL,234485900
PRIORITY,NORMAL,234484000
PRIORITY,NORMAL,234482300
PRIORITY,NORMAL,234480500
PRIORITY,NORMAL,234473600
PRIORITY,NORMAL,234471900
PRIORITY,NORMAL,234470200
PRIORITY,NORMAL,234468400
PRIORITY,NORMAL,234466600
PRIORITY,NORMAL,234464900
PRIORITY,NORMAL,234462900
PRIORITY,NORMAL,234461100
PRIORITY,NORMAL,234459400
PRIORITY,NORMAL,234452600
PRIORITY,NORMAL,234450900
PRIORITY,NORMAL,234449100
PRIORITY,NORMAL,234447300
PRIORITY,NORMAL,234445100
PRIORITY,NORMAL,234443400
PRIORITY,NORMAL,234441400
PRIORITY,NORMAL,234439500
PRIORITY,NORMAL,234437500
PRIORITY,NORMAL,234428700
PRIORITY,NORMAL,234427000
PRIORITY,NORMAL,234425400
PRIORITY,NORMAL,234423400
PRIORITY,NORMAL,234421500
PRIORITY,NORMAL,234419700
PRIORITY,NORMAL,234417800
PRIORITY,NORMAL,234415900
PRIORITY,NORMAL,234414100
PRIORITY,NORMAL,234406900
PRIORITY,NORMAL,234404900
PRIORITY,NORMAL,234403100
PRIORITY,NORMAL,234401200
PRIORITY,NORMAL,234399400
PRIORITY,NORMAL,234397500
PRIORITY,NORMAL,234395500
PRIORITY,NORMAL,234393800
PRIORITY,NORMAL,234391800
PRIORITY,NORMAL,234385000
PRIORITY,NORMAL,234383000
PRIORITY,NORMAL,234381000
PRIORITY,NORMAL,234379400
PRIORITY,NORMAL,234377400
PRIORITY,NORMAL,234375600
PRIORITY,NORMAL,234373400
PRIORITY,NORMAL,234371500
PRIORITY,NORMAL,234369600
PRIORITY,NORMAL,234362900
PRIORITY,NORMAL,234361100
PRIORITY,NORMAL,234359100
PRIORITY,NORMAL,234357600
PRIORITY,NORMAL,234355800
PRIORITY,NORMAL,234354100
PRIORITY,NORMAL,234352200
PRIORITY,NORMAL,234350400
PRIORITY,NORMAL,234348500
PRIORITY,NORMAL,234341600
PRIORITY,NORMAL,234339800
PRIORITY,NORMAL,234338100
PRIORITY,NORMAL,234336200
PRIORITY,NORMAL,234334400
PRIORITY,NORMAL,234332400
PRIORITY,NORMAL,234330700
PRIORITY,NORMAL,234328800
PRIORITY,NORMAL,234326900
PRIORITY,NORMAL,234320000
PRIORITY,NORMAL,234318200
PRIORITY,NORMAL,234314400
PRIORITY,NORMAL,234312700
PRIORITY,NORMAL,234311100
PRIORITY,NORMAL,234309400
PRIORITY,NORMAL,234307700
PRIORITY,NORMAL,234305600
PRIORITY,NORMAL,234303700
PRIORITY,NORMAL,234296900
PRIORITY,NORMAL,234295000
PRIORITY,NORMAL,234293100
PRIORITY,NORMAL,234291200
PRIORITY,NORMAL,234289500
PRIORITY,NORMAL,234287600
PRIORITY,NORMAL,234285800
PRIORITY,NORMAL,234284400
PRIORITY,NORMAL,234282600
PRIORITY,NORMAL,234275600
PRIORITY,NORMAL,234273700
PRIORITY,NORMAL,234271800
PRIORITY,NORMAL,234269800
PRIORITY,NORMAL,234268000
PRIORITY,NORMAL,234266300
PRIORITY,NORMAL,234259800
PRIORITY,NORMAL,234253300
PRIORITY,NORMAL,234251800
PRIORITY,NORMAL,234238300
PRIORITY,NORMAL,234236500
PRIORITY,NORMAL,234234900
PRIORITY,NORMAL,234233000
PRIORITY,NORMAL,234231200
PRIORITY,NORMAL,234229600
PRIORITY,NORMAL,234227700
PRIORITY,NORMAL,234225800
PRIORITY,NORMAL,234223700
PRIORITY,NORMAL,234217100
PRIORITY,NORMAL,234215600
PRIORITY,NORMAL,234213700
PRIORITY,NORMAL,234211700
PRIORITY,NORMAL,234209900
PRIORITY,NORMAL,234207900
PRIORITY,NORMAL,234206000
PRIORITY,NORMAL,234204200
PRIORITY,NORMAL,234202200
PRIORITY,NORMAL,234194900
PRIORITY,NORMAL,234193100
PRIORITY,NORMAL,234191300
PRIORITY,NORMAL,234187500
PRIORITY,NORMAL,234185700
PRIORITY,NORMAL,234183900
PRIORITY,NORMAL,234182500
PRIORITY,NORMAL,234177900
PRIORITY,NORMAL,234171000
PRIORITY,NORMAL,234161400
PRIORITY,NORMAL,234160800
PRIORITY,NORMAL,234160100
PRIORITY,NORMAL,234159100
PRIORITY,NORMAL,234158100
PRIORITY,NORMAL,234155700
PRIORITY,NORMAL,234147400
PRIORITY,NORMAL,234143500
PRIORITY,NORMAL,234142600
PRIORITY,NORMAL,234138800
PRIORITY,NORMAL,234138700
PRIORITY,NORMAL,234139100
PRIORITY,NORMAL,234139500
PRIORITY,NORMAL,234139800
PRIORITY,NORMAL,234140400
PRIORITY,NORMAL,234141100
PRIORITY,NORMAL,234141500
PRIORITY,NORMAL,234141800
PRIORITY,NORMAL,234139400
PRIORITY,NORMAL,234139800
PRIORITY,NORMAL,234140200
PRIORITY,NORMAL,234140600
PRIORITY,NORMAL,234141100
PRIORITY,NORMAL,234141400
PRIORITY,NORMAL,234141800
PRIORITY,NORMAL,234142200
PRIORITY,NORMAL,234142500
PRIORITY,NORMAL,234140200
PRIORITY,NORMAL,234140900
PRIORITY,NORMAL,234141400
PRIORITY,NORMAL,234141900
PRIORITY,NORMAL,234142200
PRIORITY,NORMAL,234142700
PRIORITY,NORMAL,234143200
PRIORITY,NORMAL,234143700
PRIORITY,NORMAL,234144200
PRIORITY,NORMAL,234141900
PRIORITY,NORMAL,234142300
PRIORITY,NORMAL,234142200
PRIORITY,NORMAL,234142600
PRIORITY,NORMAL,234140800
PRIORITY,NORMAL,234141200
PRIORITY,NORMAL,234141600
PRIORITY,NORMAL,234141900
PRIORITY,NORMAL,234142300
PRIORITY,NORMAL,234140000
PRIORITY,NORMAL,234140500
PRIORITY,NORMAL,234141000
PRIORITY,NORMAL,234141500
PRIORITY,NORMAL,234141800
PRIORITY,NORMAL,234142200
PRIORITY,NORMAL,234142500
PRIORITY,NORMAL,234142900
PRIORITY,NORMAL,234143300
PRIORITY,NORMAL,234141000
PRIORITY,NORMAL,234141600
PRIORITY,NORMAL,234142000
PRIORITY,NORMAL,234142400
PRIORITY,NORMAL,234142900
PRIORITY,NORMAL,234143200
PRIORITY,NORMAL,234143700
PRIORITY,NORMAL,234144200
PRIORITY,NORMAL,234144600
PRIORITY,NORMAL,234142500
PRIORITY,NORMAL,234143100
PRIORITY,NORMAL,234143600
PRIORITY,NORMAL,234144000
PRIORITY,NORMAL,234144200
PRIORITY,NORMAL,234144700
PRIORITY,NORMAL,234145000
PRIORITY,NORMAL,234145200
PRIORITY,NORMAL,234145500
PRIORITY,NORMAL,234143100
PRIORITY,NORMAL,234143500
PRIORITY,NORMAL,234143900
PRIORITY,NORMAL,234144700
PRIORITY,NORMAL,234145200
PRIORITY,NORMAL,234145600
PRIORITY,NORMAL,234146100
PRIORITY,NORMAL,234146500
PRIORITY,NORMAL,234147000
PRIORITY,NORMAL,234144700
PRIORITY,NORMAL,234145000
PRIORITY,NORMAL,234145500
PRIORITY,NORMAL,234145900
PRIORITY,NORMAL,234146200
PRIORITY,NORMAL,234144800
PRIORITY,NORMAL,234145100
PRIORITY,NORMAL,234145600
PRIORITY,NORMAL,234145700
PRIORITY,NORMAL,234143000
PRIORITY,NORMAL,234143500
PRIORITY,NORMAL,234143700
PRIORITY,NORMAL,234144100
PRIORITY,NORMAL,234144500
PRIORITY,NORMAL,234144700
PRIORITY,NORMAL,234145100
PRIORITY,NORMAL,234145300
PRIORITY,NORMAL,234145500
PRIORITY,NORMAL,234143100
PRIORITY,NORMAL,234143400
PRIORITY,NORMAL,234143800
PRIORITY,NORMAL,234144100
PRIORITY,NORMAL,234144500
PRIORITY,NORMAL,234144700
PRIORITY,NORMAL,234145100
PRIORITY,NORMAL,234145500
PRIORITY,NORMAL,234145900
PRIORITY,NORMAL,234141300
PRIORITY,NORMAL,234140300
PRIORITY,NORMAL,234135100
PRIORITY,NORMAL,234131700
PRIORITY,NORMAL,234130900
PRIORITY,NORMAL,234129700
PRIORITY,NORMAL,234128500
PRIORITY,NORMAL,234127800
PRIORITY,NORMAL,234126900
PRIORITY,NORMAL,234112900
PRIORITY,NORMAL,234113300
PRIORITY,NORMAL,234113800
PRIORITY,NORMAL,234114300
PRIORITY,NORMAL,234114900
PRIORITY,NORMAL,234115400
PRIORITY,NORMAL,234115900
PRIORITY,NORMAL,234116100
PRIORITY,NORMAL,234116500
PRIORITY,NORMAL,234114200
PRIORITY,NORMAL,234114800
PRIORITY,NORMAL,234115100
PRIORITY,NORMAL,234115500
PRIORITY,NORMAL,234115900
PRIORITY,NORMAL,234116400
PRIORITY,NORMAL,234114800
PRIORITY,NORMAL,234115200
PRIORITY,NORMAL,234115500
PRIORITY,NORMAL,234113200
PRIORITY,NORMAL,234113600
PRIORITY,NORMAL,234114000
PRIORITY,NORMAL,234114500
PRIORITY,NORMAL,234114900
PRIORITY,NORMAL,234115300
PRIORITY,NORMAL,234115700
PRIORITY,NORMAL,234116100
PRIORITY,NORMAL,234116700
PRIORITY,NORMAL,234114400
PRIORITY,NORMAL,234114900
PRIORITY,NORMAL,234115300
PRIORITY,NORMAL,234115800
PRIORITY,NORMAL,234116500
PRIORITY,NORMAL,234116900
PRIORITY,NORMAL,234117700
PRIORITY,NORMAL,234118000
PRIORITY,NORMAL,234118100
PRIORITY,NORMAL,234115200
PRIORITY,NORMAL,234115800
PRIORITY,NORMAL,234117000
PRIORITY,NORMAL,234117400
PRIORITY,NORMAL,234117800
PRIORITY,NORMAL,234118900
PRIORITY,NORMAL,234120400
PRIORITY,NORMAL,234120900
PRIORITY,NORMAL,234121400
PRIORITY,NORMAL,234119300
PRIORITY,NORMAL,233990400
PRIORITY,NORMAL,233990600
PRIORITY,NORMAL,233991000
PRIORITY,NORMAL,233991400
PRIORITY,NORMAL,233991700
PRIORITY,NORMAL,233992000
PRIORITY,NORMAL,233992500
PRIORITY,NORMAL,233992800
PRIORITY,NORMAL,233990400
PRIORITY,NORMAL,233990800
PRIORITY,NORMAL,233991500
PRIORITY,NORMAL,233991900
PRIORITY,NORMAL,233992300
PRIORITY,NORMAL,233993000
PRIORITY,NORMAL,233993600
PRIORITY,NORMAL,233992200
PRIORITY,NORMAL,233993000
PRIORITY,NORMAL,233990400
PRIORITY,NORMAL,233990900
PRIORITY,NORMAL,233991300
PRIORITY,NORMAL,233991500
PRIORITY,NORMAL,233991900
PRIORITY,NORMAL,233992100
PRIORITY,NORMAL,233992600
PRIORITY,NORMAL,233993000
PRIORITY,NORMAL,233993600
PRIORITY,NORMAL,233991400
PRIORITY,NORMAL,233991800
PRIORITY,NORMAL,233992300
PRIORITY,NORMAL,233992800
PRIORITY,NORMAL,233993500
PRIORITY,NORMAL,233993900
PRIORITY,NORMAL,233994400
PRIORITY,NORMAL,233994800
PRIORITY,NORMAL,233995100
PRIORITY,NORMAL,233992800
PRIORITY,NORMAL,233993100
PRIORITY,NORMAL,233993400
PRIORITY,NORMAL,233993900
PRIORITY,NORMAL,233994300
PRIORITY,NORMAL,233994600
PRIORITY,NORMAL,233995100
PRIORITY,NORMAL,233995700
PRIORITY,NORMAL,233996400
PRIORITY,NORMAL,233994000
PRIORITY,NORMAL,233993100
PRIORITY,NORMAL,233991900
PRIORITY,NORMAL,233991800
PRIORITY,NORMAL,233992100
PRIORITY,NORMAL,233992800
PRIORITY,NORMAL,233993200
PRIORITY,NORMAL,233993700
PRIORITY,NORMAL,233994100
PRIORITY,NORMAL,233991700
PRIORITY,NORMAL,233992100
PRIORITY,NORMAL,233992400
PRIORITY,NORMAL,233992800
PRIORITY,NORMAL,233993500
PRIORITY,NORMAL,233994000
PRIORITY,NORMAL,233994500
PRIORITY,NORMAL,233995100
PRIORITY,NORMAL,233995600
PRIORITY,NORMAL,233991500
PRIORITY,NORMAL,233992000
PRIORITY,NORMAL,233992500
PRIORITY,NORMAL,233993000
PRIORITY,NORMAL,233993400
PRIORITY,NORMAL,233993900
PRIORITY,NORMAL,233994300
PRIORITY,NORMAL,233994700
PRIORITY,NORMAL,233995200
PRIORITY,NORMAL,233993000
PRIORITY,NORMAL,233993500
PRIORITY,NORMAL,233993800
PRIORITY,NORMAL,233994000
PRIORITY,NORMAL,233994300
PRIORITY,NORMAL,233994700
PRIORITY,NORMAL,233994500
PRIORITY,NORMAL,233994900
PRIORITY,NORMAL,233995300
PRIORITY,NORMAL,233993100
PRIORITY,NORMAL,233993500
PRIORITY,NORMAL,233993800
PRIORITY,NORMAL,233994200
PRIORITY,NORMAL,233994600
PRIORITY,NORMAL,233995000
PRIORITY,NORMAL,233995400
PRIORITY,NORMAL,233995900
PRIORITY,NORMAL,233996500
PRIORITY,NORMAL,233994100
PRIORITY,NORMAL,233994500
PRIORITY,NORMAL,233995000
PRIORITY,NORMAL,233995400
PRIORITY,NORMAL,233995700
PRIORITY,NORMAL,233996200
PRIORITY,NORMAL,233996600
PRIORITY,NORMAL,233997200
PRIORITY,NORMAL,233997800
PRIORITY,NORMAL,233995700
PRIORITY,NORMAL,233996300
PRIORITY,NORMAL,233997000
PRIORITY,NORMAL,233997600
PRIORITY,NORMAL,233997700
PRIORITY,NORMAL,233998100
PRIORITY,NORMAL,233998300
PRIORITY,NORMAL,233998700
PRIORITY,NORMAL,233999100
PRIORITY,NORMAL,233994900
PRIORITY,NORMAL,233995200
PRIORITY,NORMAL,233995700
PRIORITY,NORMAL,233996000
PRIORITY,NORMAL,233996500
PRIORITY,NORMAL,233996900
PRIORITY,NORMAL,233997100
PRIORITY,NORMAL,233998000
PRIORITY,NORMAL,233998500
PRIORITY,NORMAL,233996200
PRIORITY,NORMAL,233997100
PRIORITY,NORMAL,233997600
PRIORITY,NORMAL,233998400
PRIORITY,NORMAL,233998700
PRIORITY,NORMAL,233999100
PRIORITY,NORMAL,233999600
PRIORITY,NORMAL,233999800
PRIORITY,NORMAL,234000300
PRIORITY,NORMAL,233997800
PRIORITY,NORMAL,233998200
PRIORITY,NORMAL,233998700
PRIORITY,NORMAL,233999100
PRIORITY,NORMAL,233999500
PRIORITY,NORMAL,233999400
PRIORITY,NORMAL,233999500
PRIORITY,NORMAL,234000300
PRIORITY,NORMAL,234000700
PRIORITY,NORMAL,233998200
PRIORITY,NORMAL,233998600
PRIORITY,NORMAL,233999000
PRIORITY,NORMAL,233999600
PRIORITY,NORMAL,234000400
PRIORITY,NORMAL,234000700
PRIORITY,NORMAL,234001200
PRIORITY,NORMAL,234001600
PRIORITY,NORMAL,234002100
PRIORITY,NORMAL,233999700
PRIORITY,NORMAL,234000200
PRIORITY,NORMAL,234000600
PRIORITY,NORMAL,234001000
PRIORITY,NORMAL,234001400
PRIORITY,NORMAL,234001800
PRIORITY,NORMAL,234002100
PRIORITY,NORMAL,234002600
PRIORITY,NORMAL,234002800
PRIORITY,NORMAL,234000500
PRIORITY,NORMAL,233999000
PRIORITY,NORMAL,233999500
PRIORITY,NORMAL,233999800
PRIORITY,NORMAL,234000400
PRIORITY,NORMAL,234001100
PRIORITY,NORMAL,234001400
PRIORITY,NORMAL,234001900
PRIORITY,NORMAL,234002300
PRIORITY,NORMAL,233999800
PRIORITY,NORMAL,234000400
PRIORITY,NORMAL,234000900
PRIORITY,NORMAL,234001300
PRIORITY,NORMAL,234001800
PRIORITY,NORMAL,234002300
PRIORITY,NORMAL,234002800
PRIORITY,NORMAL,234003300
PRIORITY,NORMAL,234003700
PRIORITY,NORMAL,234001500
PRIORITY,NORMAL,234001900
PRIORITY,NORMAL,234002500
PRIORITY,NORMAL,234002800
PRIORITY,NORMAL,234003200
PRIORITY,NORMAL,234003600
PRIORITY,NORMAL,234003900
PRIORITY,NORMAL,234004400
PRIORITY,NORMAL,234005000
PRIORITY,NORMAL,234002600
PRIORITY,NORMAL,234003000
PRIORITY,NORMAL,234003500
PRIORITY,NORMAL,234003900
PRIORITY,NORMAL,234004300
PRIORITY,NORMAL,234004700
PRIORITY,NORMAL,234005100
PRIORITY,NORMAL,234005700
PRIORITY,NORMAL,234006000
PRIORITY,NORMAL,234003200
PRIORITY,NORMAL,234003900
PRIORITY,NORMAL,234004400
PRIORITY,NORMAL,234004900
PRIORITY,NORMAL,234005300
PRIORITY,NORMAL,234005700
PRIORITY,NORMAL,234006200
PRIORITY,NORMAL,234006600
PRIORITY,NORMAL,234007100
PRIORITY,NORMAL,234004700
PRIORITY,NORMAL,234005100
PRIORITY,NORMAL,234003700
PRIORITY,NORMAL,234004000
PRIORITY,NORMAL,234004600
PRIORITY,NORMAL,234005000
PRIORITY,NORMAL,234005200
PRIORITY,NORMAL,234005800
PRIORITY,NORMAL,234006100
PRIORITY,NORMAL,234003900
PRIORITY,NORMAL,234004300
PRIORITY,NORMAL,234004800
PRIORITY,NORMAL,234005100
PRIORITY,NORMAL,234005500
PRIORITY,NORMAL,234005900
PRIORITY,NORMAL,234006400
PRIORITY,NORMAL,234006900
PRIORITY,NORMAL,234007300
PRIORITY,NORMAL,234004400
PRIORITY,NORMAL,234004700
PRIORITY,NORMAL,234005200
PRIORITY,NORMAL,234005500
PRIORITY,NORMAL,234006000
PRIORITY,NORMAL,234006300
PRIORITY,NORMAL,234006700
PRIORITY,NORMAL,234007200
PRIORITY,NORMAL,234007400
PRIORITY,NORMAL,234005000
PRIORITY,NORMAL,234005600
PRIORITY,NORMAL,234006200
PRIORITY,NORMAL,234006600
PRIORITY,NORMAL,234007000
PRIORITY,NORMAL,234007900
PRIORITY,NORMAL,234008400
PRIORITY,NORMAL,234009000
PRIORITY,NORMAL,234009300
PRIORITY,NORMAL,234006800
PRIORITY,NORMAL,234007600
PRIORITY,NORMAL,234008100
PRIORITY,NORMAL,234008700
PRIORITY,NORMAL,234009000
PRIORITY,NORMAL,234009400
PRIORITY,NORMAL,234009800
PRIORITY,NORMAL,234010100
PRIORITY,NORMAL,234010600
PRIORITY,NORMAL,234008300
PRIORITY,NORMAL,234008200
PRIORITY,NORMAL,234008700
PRIORITY,NORMAL,234007300
PRIORITY,NORMAL,234007700
PRIORITY,NORMAL,234008200
PRIORITY,NORMAL,234008600
PRIORITY,NORMAL,234009000
PRIORITY,NORMAL,234009500
PRIORITY,NORMAL,234007500
PRIORITY,NORMAL,234008000
PRIORITY,NORMAL,234008500
PRIORITY,NORMAL,234008900
PRIORITY,NORMAL,234009400
PRIORITY,NORMAL,234009900
PRIORITY,NORMAL,234010500
PRIORITY,NORMAL,234011100
PRIORITY,NORMAL,234011500
PRIORITY,NORMAL,234009400
PRIORITY,NORMAL,234009800
PRIORITY,NORMAL,234010200
PRIORITY,NORMAL,234010700
PRIORITY,NORMAL,234011100
PRIORITY,NORMAL,234011500
PRIORITY,NORMAL,234012000
PRIORITY,NORMAL,234012600
PRIORITY,NORMAL,234012900
PRIORITY,NORMAL,234010800
PRIORITY,NORMAL,234011200
PRIORITY,NORMAL,234011400
PRIORITY,NORMAL,234011700
PRIORITY,NORMAL,234012100
PRIORITY,NORMAL,234012600
PRIORITY,NORMAL,234012900
PRIORITY,NORMAL,234013200
PRIORITY,NORMAL,234013700
PRIORITY,NORMAL,234011900
PRIORITY,NORMAL,234012300
PRIORITY,NORMAL,234012800
PRIORITY,NORMAL,234013300
PRIORITY,NORMAL,234013600
PRIORITY,NORMAL,234014200
PRIORITY,NORMAL,234014700
PRIORITY,NORMAL,234015300
PRIORITY,NORMAL,234015600
PRIORITY,NORMAL,234013300
PRIORITY,NORMAL,234013800
PRIORITY,NORMAL,234014100
PRIORITY,NORMAL,234014700
PRIORITY,NORMAL,234015200
PRIORITY,NORMAL,234013700
PRIORITY,NORMAL,234014100
PRIORITY,NORMAL,234014600
PRIORITY,NORMAL,234015000
PRIORITY,NORMAL,234012700
PRIORITY,NORMAL,234013300
PRIORITY,NORMAL,234013600
PRIORITY,NORMAL,234014100
PRIORITY,NORMAL,234014400
PRIORITY,NORMAL,234014700
PRIORITY,NORMAL,234016100
PRIORITY,NORMAL,234016900
PRIORITY,NORMAL,234017800
PRIORITY,NORMAL,234015900
PRIORITY,NORMAL,234016700
PRIORITY,NORMAL,234017600
PRIORITY,NORMAL,234019900
PRIORITY,NORMAL,234020700
PRIORITY,NORMAL,234021600
PRIORITY,NORMAL,234022000
PRIORITY,NORMAL,234022800
PRIORITY,NORMAL,234025500
PRIORITY,NORMAL,234025600
PRIORITY,NORMAL,234027000
PRIORITY,NORMAL,234028600
PRIORITY,NORMAL,234029400
PRIORITY,NORMAL,234029700
PRIORITY,NORMAL,234031800
PRIORITY,NORMAL,234031200
PRIORITY,NORMAL,233904100
PRIORITY,NORMAL,233904200
PRIORITY,NORMAL,233901900
PRIORITY,NORMAL,233902200
PRIORITY,NORMAL,233902900
PRIORITY,NORMAL,233904900
PRIORITY,NORMAL,233905400
PRIORITY,NORMAL,233906200
PRIORITY,NORMAL,233907300
PRIORITY,NORMAL,233908100
PRIORITY,NORMAL,233909200
PRIORITY,NORMAL,233908900
PRIORITY,NORMAL,233912200
PRIORITY,NORMAL,233915300
PRIORITY,NORMAL,233918900
PRIORITY,NORMAL,233928100
PRIORITY,NORMAL,233930100
PRIORITY,NORMAL,233930000
PRIORITY,NORMAL,233931500
PRIORITY,NORMAL,233932900
PRIORITY,NORMAL,233936000
PRIORITY,NORMAL,234031200
PRIORITY,NORMAL,234046900
PRIORITY,NORMAL,234681000
PRIORITY,NORMAL,234684600
PRIORITY,NORMAL,234686600
PRIORITY,NORMAL,234688500
PRIORITY,NORMAL,234690800
PRIORITY,NORMAL,234692600
PRIORITY,NORMAL,234692900
PRIORITY,NORMAL,234695400
PRIORITY,NORMAL,234696800
PRIORITY,NORMAL,234698400
PRIORITY,NORMAL,234702000
PRIORITY,NORMAL,234705900
PRIORITY,NORMAL,234710000
PRIORITY,NORMAL,234786300
PRIORITY,NORMAL,234788100
PRIORITY,NORMAL,234787400
PRIORITY,NORMAL,234789600
PRIORITY,NORMAL,234791600
PRIORITY,NORMAL,234793600
PRIORITY,NORMAL,234795500
PRIORITY,NORMAL,234797400
PRIORITY,NORMAL,234799000
PRIORITY,NORMAL,234800700
PRIORITY,NORMAL,234802500
PRIORITY,NORMAL,234801700
PRIORITY,NORMAL,234803500
PRIORITY,NORMAL,234805300
PRIORITY,NORMAL,234807400
PRIORITY,NORMAL,234814800
PRIORITY,NORMAL,234819700
PRIORITY,NORMAL,234824600
PRIORITY,NORMAL,234829100
PRIORITY,NORMAL,234833900
PRIORITY,NORMAL,234834200
PRIORITY,NORMAL,234838200
PRIORITY,NORMAL,234842600
PRIORITY,NORMAL,234845900
PRIORITY,NORMAL,234850600
PRIORITY,NORMAL,234854700
PRIORITY,NORMAL,234859100
PRIORITY,NORMAL,234861800
PRIORITY,NORMAL,234865800
PRIORITY,NORMAL,234867800
PRIORITY,NORMAL,234871900
PRIORITY,NORMAL,234876200
PRIORITY,NORMAL,234880800
PRIORITY,NORMAL,234885200
PRIORITY,NORMAL,234887300
PRIORITY,NORMAL,234889400
PRIORITY,NORMAL,234893400
PRIORITY,NORMAL,234897900
PRIORITY,NORMAL,234899600
PRIORITY,NORMAL,234903800
PRIORITY,NORMAL,234908300
PRIORITY,NORMAL,234912800
PRIORITY,NORMAL,234917200
PRIORITY,NORMAL,234919900
PRIORITY,NORMAL,234921500
PRIORITY,NORMAL,234923200
PRIORITY,NORMAL,234925000
PRIORITY,NORMAL,234923800
PRIORITY,NORMAL,234925700
PRIORITY,NORMAL,234927900
PRIORITY,NORMAL,234929300
PRIORITY,NORMAL,234930800
PRIORITY,NORMAL,234932100
PRIORITY,NORMAL,234933800
PRIORITY,NORMAL,234935700
PRIORITY,NORMAL,234937800
PRIORITY,NORMAL,234936800
PRIORITY,NORMAL,234938600
PRIORITY,NORMAL,234940100
PRIORITY,NORMAL,234942100
PRIORITY,NORMAL,234943600
PRIORITY,NORMAL,234945800
PRIORITY,NORMAL,234947200
PRIORITY,NORMAL,234948700
PRIORITY,NORMAL,234950400
PRIORITY,NORMAL,234950000
PRIORITY,NORMAL,234952100
PRIORITY,NORMAL,234954100
PRIORITY,NORMAL,234956100
PRIORITY,NORMAL,234959700
PRIORITY,NORMAL,234962200
PRIORITY,NORMAL,234964300
PRIORITY,NORMAL,234968100
PRIORITY,NORMAL,234970100
PRIORITY,NORMAL,234969600
PRIORITY,NORMAL,234971800
PRIORITY,NORMAL,234974200
PRIORITY,NORMAL,234977100
PRIORITY,NORMAL,234979500
PRIORITY,NORMAL,234983200
PRIORITY,NORMAL,234985700
PRIORITY,NORMAL,234988300
PRIORITY,NORMAL,234991100
PRIORITY,NORMAL,234990700
PRIORITY,NORMAL,234992700
PRIORITY,NORMAL,234994900
PRIORITY,NORMAL,234996900
PRIORITY,NORMAL,234999100
PRIORITY,NORMAL,235001700
PRIORITY,NORMAL,235003800
PRIORITY,NORMAL,235007100
PRIORITY,NORMAL,235009800
PRIORITY,NORMAL,235009300
PRIORITY,NORMAL,235011600
PRIORITY,NORMAL,235014700
PRIORITY,NORMAL,235016700
PRIORITY,NORMAL,235019000
PRIORITY,NORMAL,235020500
PRIORITY,NORMAL,235023400
PRIORITY,NORMAL,235026800
PRIORITY,NORMAL,235029400
PRIORITY,NORMAL,235028900
PRIORITY,NORMAL,235031100
PRIORITY,NORMAL,235033400
PRIORITY,NORMAL,235035000
PRIORITY,NORMAL,235036600
PRIORITY,NORMAL,235038400
PRIORITY,NORMAL,235040000
PRIORITY,NORMAL,235042000
PRIORITY,NORMAL,235044000
PRIORITY,NORMAL,235044200
PRIORITY,NORMAL,235070700
PRIORITY,NORMAL,235073700
PRIORITY,NORMAL,235076200
PRIORITY,NORMAL,235078200
PRIORITY,NORMAL,235080300
PRIORITY,NORMAL,235082300
PRIORITY,NORMAL,235083900
PRIORITY,NORMAL,235085900
PRIORITY,NORMAL,235083000
PRIORITY,NORMAL,235084500
PRIORITY,NORMAL,235086800
PRIORITY,NORMAL,235088500
PRIORITY,NORMAL,235090600
PRIORITY,NORMAL,235092500
PRIORITY,NORMAL,235093900
PRIORITY,NORMAL,235095500
PRIORITY,NORMAL,235097200
PRIORITY,NORMAL,235096300
PRIORITY,NORMAL,235098400
PRIORITY,NORMAL,235102300
PRIORITY,NORMAL,235106500
PRIORITY,NORMAL,235110700
PRIORITY,NORMAL,235114900
PRIORITY,NORMAL,235119200
PRIORITY,NORMAL,235123500
PRIORITY,NORMAL,235127600
PRIORITY,NORMAL,235128900
PRIORITY,NORMAL,235133000
PRIORITY,NORMAL,235137100
PRIORITY,NORMAL,235140900
PRIORITY,NORMAL,235145100
PRIORITY,NORMAL,235149000
PRIORITY,NORMAL,235153300
PRIORITY,NORMAL,235157700
PRIORITY,NORMAL,235162100
PRIORITY,NORMAL,235163800
PRIORITY,NORMAL,235168100
PRIORITY,NORMAL,235172900
PRIORITY,NORMAL,235177200
PRIORITY,NORMAL,235180200
PRIORITY,NORMAL,235182700
PRIORITY,NORMAL,235187000
PRIORITY,NORMAL,235191300
PRIORITY,NORMAL,235195600
PRIORITY,NORMAL,235196800
PRIORITY,NORMAL,235200900
PRIORITY,NORMAL,235205300
PRIORITY,NORMAL,235209700
PRIORITY,NORMAL,235214000
PRIORITY,NORMAL,235217000
PRIORITY,NORMAL,235221700
PRIORITY,NORMAL,235225600
PRIORITY,NORMAL,235229700
PRIORITY,NORMAL,235228800
PRIORITY,NORMAL,235232800
PRIORITY,NORMAL,235237100
PRIORITY,NORMAL,235241200
PRIORITY,NORMAL,235245800
PRIORITY,NORMAL,235249100
PRIORITY,NORMAL,235250600
PRIORITY,NORMAL,235252600
PRIORITY,NORMAL,235254100
PRIORITY,NORMAL,235253100
PRIORITY,NORMAL,235254700
PRIORITY,NORMAL,235257100
PRIORITY,NORMAL,235261300
PRIORITY,NORMAL,235265600
PRIORITY,NORMAL,235269900
PRIORITY,NORMAL,235273900
PRIORITY,NORMAL,235278300
PRIORITY,NORMAL,235282500
PRIORITY,NORMAL,235284200
PRIORITY,NORMAL,235289000
PRIORITY,NORMAL,235293600
PRIORITY,NORMAL,235297700
PRIORITY,NORMAL,235302300
PRIORITY,NORMAL,235306300
PRIORITY,NORMAL,235309900
PRIORITY,NORMAL,235313600
PRIORITY,NORMAL,235318400
PRIORITY,NORMAL,235320700
PRIORITY,NORMAL,235324700
PRIORITY,NORMAL,235328400
PRIORITY,NORMAL,235332600
PRIORITY,NORMAL,235336900
PRIORITY,NORMAL,235340300
PRIORITY,NORMAL,235344500
PRIORITY,NORMAL,235348300
PRIORITY,NORMAL,235352300
PRIORITY,NORMAL,235352400
PRIORITY,NORMAL,235355700
PRIORITY,NORMAL,235360400
PRIORITY,NORMAL,235364500
PRIORITY,NORMAL,235368800
PRIORITY,NORMAL,235373100
PRIORITY,NORMAL,235377600
PRIORITY,NORMAL,235381200
PRIORITY,NORMAL,235384100
PRIORITY,NORMAL,235386200
PRIORITY,NORMAL,235390800
PRIORITY,NORMAL,235392300
PRIORITY,NORMAL,235396200
PRIORITY,NORMAL,235400200
PRIORITY,NORMAL,235404900
PRIORITY,NORMAL,235409100
PRIORITY,NORMAL,235413200
PRIORITY,NORMAL,235417200
PRIORITY,NORMAL,235418800
PRIORITY,NORMAL,235422700
PRIORITY,NORMAL,235426800
PRIORITY,NORMAL,235431100
PRIORITY,NORMAL,235435400
PRIORITY,NORMAL,235438000
PRIORITY,NORMAL,235441100
PRIORITY,NORMAL,235445100
PRIORITY,NORMAL,235449400
PRIORITY,NORMAL,235451100
PRIORITY,NORMAL,235455200
PRIORITY,NORMAL,235457900
PRIORITY,NORMAL,235458000
PRIORITY,NORMAL,235453400
PRIORITY,NORMAL,235450300
PRIORITY,NORMAL,235451200
PRIORITY,NORMAL,235449500
PRIORITY,NORMAL,235449100
PRIORITY,NORMAL,235385200
PRIORITY,NORMAL,235343200
PRIORITY,NORMAL,235330600
PRIORITY,NORMAL,235330700
PRIORITY,NORMAL,235316400
PRIORITY,NORMAL,235312700
PRIORITY,NORMAL,235309800
PRIORITY,NORMAL,235308400
PRIORITY,NORMAL,235309400
PRIORITY,NORMAL,235302200
PRIORITY,NORMAL,235300700
PRIORITY,NORMAL,235301100
PRIORITY,NORMAL,235300500
PRIORITY,NORMAL,235301100
PRIORITY,NORMAL,235301400
PRIORITY,NORMAL,235302100
PRIORITY,NORMAL,235302200
PRIORITY,NORMAL,235302800
PRIORITY,NORMAL,235298200
PRIORITY,NORMAL,235298400
PRIORITY,NORMAL,235298800
PRIORITY,NORMAL,235299100
PRIORITY,NORMAL,235301200
PRIORITY,NORMAL,235303700
PRIORITY,NORMAL,235306700
PRIORITY,NORMAL,235309300
PRIORITY,NORMAL,235311500
PRIORITY,NORMAL,235309300
PRIORITY,NORMAL,235315400
PRIORITY,NORMAL,235318500
PRIORITY,NORMAL,235321700
PRIORITY,NORMAL,235333500
PRIORITY,NORMAL,235336600
PRIORITY,NORMAL,235339300
PRIORITY,NORMAL,235342100
PRIORITY,NORMAL,235344800
PRIORITY,NORMAL,235343900
PRIORITY,NORMAL,235345400
PRIORITY,NORMAL,235345200
PRIORITY,NORMAL,235347000
PRIORITY,NORMAL,235349500
PRIORITY,NORMAL,235351800
PRIORITY,NORMAL,235353300
PRIORITY,NORMAL,235356400
PRIORITY,NORMAL,235358100
PRIORITY,NORMAL,235357400
PRIORITY,NORMAL,235360700
PRIORITY,NORMAL,235362200
PRIORITY,NORMAL,235365000
PRIORITY,NORMAL,235367100
PRIORITY,NORMAL,235369600
PRIORITY,NORMAL,235372400
PRIORITY,NORMAL,235375500
PRIORITY,NORMAL,235378100
PRIORITY,NORMAL,235375700
PRIORITY,NORMAL,235378700
PRIORITY,NORMAL,235379700
PRIORITY,NORMAL,235380200
PRIORITY,NORMAL,235381400
PRIORITY,NORMAL,235381100
PRIORITY,NORMAL,235381300
PRIORITY,NORMAL,235381600
PRIORITY,NORMAL,235381900
PRIORITY,NORMAL,235379400
PRIORITY,NORMAL,235380800
PRIORITY,NORMAL,235381300
PRIORITY,NORMAL,235382100
PRIORITY,NORMAL,235380400
PRIORITY,NORMAL,235380200
PRIORITY,NORMAL,235382400
PRIORITY,NORMAL,235385400
PRIORITY,NORMAL,235388000
PRIORITY,NORMAL,235386700
PRIORITY,NORMAL,235389500
PRIORITY,NORMAL,235392600
PRIORITY,NORMAL,235396100
PRIORITY,NORMAL,235399300
PRIORITY,NORMAL,235401700
PRIORITY,NORMAL,235404200
PRIORITY,NORMAL,235406400
PRIORITY,NORMAL,235408800
PRIORITY,NORMAL,235407400
PRIORITY,NORMAL,235410900
PRIORITY,NORMAL,235414100
PRIORITY,NORMAL,235417200
PRIORITY,NORMAL,235419500
PRIORITY,NORMAL,235419600
PRIORITY,NORMAL,235420100
PRIORITY,NORMAL,235420600
PRIORITY,NORMAL,235420300
PRIORITY,NORMAL,235415500
PRIORITY,NORMAL,235415400
PRIORITY,NORMAL,235415700
PRIORITY,NORMAL,235416200
PRIORITY,NORMAL,235415500
PRIORITY,NORMAL,235415700
PRIORITY,NORMAL,235416300
PRIORITY,NORMAL,235417000
PRIORITY,NORMAL,235417200
PRIORITY,NORMAL,235404000
PRIORITY,NORMAL,235401100
PRIORITY,NORMAL,235397600
PRIORITY,NORMAL,235396200
PRIORITY,NORMAL,235393900
PRIORITY,NORMAL,235394300
PRIORITY,NORMAL,235394400
PRIORITY,NORMAL,235392600
PRIORITY,NORMAL,235387900
PRIORITY,NORMAL,235377300
PRIORITY,NORMAL,235376700
PRIORITY,NORMAL,235377400
PRIORITY,NORMAL,235378500
PRIORITY,NORMAL,235379000
PRIORITY,NORMAL,235373100
PRIORITY,NORMAL,235368800
PRIORITY,NORMAL,235368400
PRIORITY,NORMAL,235365800
PRIORITY,NORMAL,235356000
PRIORITY,NORMAL,235356700
PRIORITY,NORMAL,235356000
PRIORITY,NORMAL,235352700
PRIORITY,NORMAL,235351800
PRIORITY,NORMAL,235348500
PRIORITY,NORMAL,235347700
PRIORITY,NORMAL,235347500
PRIORITY,NORMAL,235347900
PRIORITY,NORMAL,235345400
PRIORITY,NORMAL,235346900
PRIORITY,NORMAL,235348500
PRIORITY,NORMAL,235350000
PRIORITY,NORMAL,235350600
PRIORITY,NORMAL,235350900
PRIORITY,NORMAL,235350600
PRIORITY,NORMAL,235350100
PRIORITY,NORMAL,235345700
PRIORITY,NORMAL,235341400
PRIORITY,NORMAL,235345100
PRIORITY,NORMAL,235346600
PRIORITY,NORMAL,235347800
PRIORITY,NORMAL,235349100
PRIORITY,NORMAL,235350700
PRIORITY,NORMAL,235352400
PRIORITY,NORMAL,235354000
PRIORITY,NORMAL,235356000
PRIORITY,NORMAL,235354400
PRIORITY,NORMAL,235356000
PRIORITY,NORMAL,235358100
PRIORITY,NORMAL,235360300
PRIORITY,NORMAL,235362000
PRIORITY,NORMAL,235363700
PRIORITY,NORMAL,235365200
PRIORITY,NORMAL,235367100
PRIORITY,NORMAL,235369100
PRIORITY,NORMAL,235367300
PRIORITY,NORMAL,235369000
PRIORITY,NORMAL,235370700
PRIORITY,NORMAL,235371700
PRIORITY,NORMAL,235373200
PRIORITY,NORMAL,235374500
PRIORITY,NORMAL,235363300
PRIORITY,NORMAL,235363400
PRIORITY,NORMAL,235360200
PRIORITY,NORMAL,235351600
PRIORITY,NORMAL,235351700
PRIORITY,NORMAL,235353100
PRIORITY,NORMAL,235352300
PRIORITY,NORMAL,235353100
PRIORITY,NORMAL,235353800
PRIORITY,NORMAL,235354200
PRIORITY,NORMAL,235354200
PRIORITY,NORMAL,235354900
PRIORITY,NORMAL,235351100
PRIORITY,NORMAL,235350300
PRIORITY,NORMAL,235348900
PRIORITY,NORMAL,235350300
PRIORITY,NORMAL,235350800
PRIORITY,NORMAL,235350600
PRIORITY,NORMAL,235349800
PRIORITY,NORMAL,235349500
PRIORITY,NORMAL,235350800
PRIORITY,NORMAL,235348700
PRIORITY,NORMAL,235350100
PRIORITY,NORMAL,235351900
PRIORITY,NORMAL,235349700
PRIORITY,NORMAL,235315200
PRIORITY,NORMAL,235316800
PRIORITY,NORMAL,235320000
PRIORITY,NORMAL,235322100
PRIORITY,NORMAL,235325100
PRIORITY,NORMAL,235323500
PRIORITY,NORMAL,235326600
PRIORITY,NORMAL,235327800
PRIORITY,NORMAL,235327800
PRIORITY,NORMAL,235328400
PRIORITY,NORMAL,235329600
PRIORITY,NORMAL,235328900
PRIORITY,NORMAL,235328700
PRIORITY,NORMAL,235328800
PRIORITY,NORMAL,235323700
PRIORITY,NORMAL,235323300
PRIORITY,NORMAL,235322900
PRIORITY,NORMAL,235322600
PRIORITY,NORMAL,235324300
PRIORITY,NORMAL,235326000
PRIORITY,NORMAL,235327800
PRIORITY,NORMAL,235329900
PRIORITY,NORMAL,235335000
PRIORITY,NORMAL,235334400
PRIORITY,NORMAL,235338500
PRIORITY,NORMAL,235341300
PRIORITY,NORMAL,235343900
PRIORITY,NORMAL,235346100
PRIORITY,NORMAL,235347600
PRIORITY,NORMAL,235347200
PRIORITY,NORMAL,235347500
PRIORITY,NORMAL,235347100
PRIORITY,NORMAL,235340900
PRIORITY,NORMAL,235340000
PRIORITY,NORMAL,235340500
PRIORITY,NORMAL,235340300
PRIORITY,NORMAL,235340500
PRIORITY,NORMAL,235340800
PRIORITY,NORMAL,235340800
PRIORITY,NORMAL,235341200
PRIORITY,NORMAL,235341800
PRIORITY,NORMAL,235337400
PRIORITY,NORMAL,235338300
PRIORITY,NORMAL,235339000
PRIORITY,NORMAL,235339200
PRIORITY,NORMAL,235339000
PRIORITY,NORMAL,235339400
PRIORITY,NORMAL,235340000
PRIORITY,NORMAL,235341200
PRIORITY,NORMAL,235341200
PRIORITY,NORMAL,235337700
PRIORITY,NORMAL,235335100
PRIORITY,NORMAL,235336400
PRIORITY,NORMAL,235337500
PRIORITY,NORMAL,235338100
PRIORITY,NORMAL,235339000
PRIORITY,NORMAL,235339000
PRIORITY,NORMAL,235339000
PRIORITY,NORMAL,235337900
PRIORITY,NORMAL,235333000
PRIORITY,NORMAL,235294300
PRIORITY,NORMAL,235292100
PRIORITY,NORMAL,235291700
PRIORITY,NORMAL,235292900
PRIORITY,NORMAL,235294900
PRIORITY,NORMAL,235297200
PRIORITY,NORMAL,235293800
PRIORITY,NORMAL,235294600
PRIORITY,NORMAL,235291200
PRIORITY,NORMAL,235294700
PRIORITY,NORMAL,235298600
PRIORITY,NORMAL,235302300
PRIORITY,NORMAL,235305700
PRIORITY,NORMAL,235392600
PRIORITY,NORMAL,235395300
PRIORITY,NORMAL,235397100
PRIORITY,NORMAL,235398400
PRIORITY,NORMAL,235396200
PRIORITY,NORMAL,235397500
PRIORITY,NORMAL,235399100
PRIORITY,NORMAL,235399800
PRIORITY,NORMAL,235401100
PRIORITY,NORMAL,235402500
PRIORITY,NORMAL,235403300
PRIORITY,NORMAL,235404400
PRIORITY,NORMAL,235405500
PRIORITY,NORMAL,235402700
PRIORITY,NORMAL,235404000
PRIORITY,NORMAL,235405300
PRIORITY,NORMAL,235406500
PRIORITY,NORMAL,235407800
PRIORITY,NORMAL,235408900
PRIORITY,NORMAL,235410300
PRIORITY,NORMAL,235411400
PRIORITY,NORMAL,235412500
PRIORITY,NORMAL,235410200
PRIORITY,NORMAL,235411900
PRIORITY,NORMAL,235412600
PRIORITY,NORMAL,235413300
PRIORITY,NORMAL,235414300
PRIORITY,NORMAL,235414800
PRIORITY,NORMAL,235415300
PRIORITY,NORMAL,235416200
PRIORITY,NORMAL,235417500
PRIORITY,NORMAL,235414900
PRIORITY,NORMAL,235416200
PRIORITY,NORMAL,235417700
PRIORITY,NORMAL,235418600
PRIORITY,NORMAL,235419900
PRIORITY,NORMAL,235421400
PRIORITY,NORMAL,235423000
PRIORITY,NORMAL,235423800
PRIORITY,NORMAL,235424800
PRIORITY,NORMAL,235419200
PRIORITY,NORMAL,235420500
PRIORITY,NORMAL,235421700
PRIORITY,NORMAL,235422500
PRIORITY,NORMAL,235424000
PRIORITY,NORMAL,235425300
PRIORITY,NORMAL,235426100
PRIORITY,NORMAL,235427100
PRIORITY,NORMAL,235428500
PRIORITY,NORMAL,235347600
PRIORITY,NORMAL,235115800
PRIORITY,NORMAL,235108300
PRIORITY,NORMAL,235106100
PRIORITY,NORMAL,235104600
PRIORITY,NORMAL,235104000
PRIORITY,NORMAL,235104900
PRIORITY,NORMAL,235105900
PRIORITY,NORMAL,235106900
PRIORITY,NORMAL,235104300
PRIORITY,NORMAL,235105700
PRIORITY,NORMAL,235104400
PRIORITY,NORMAL,235101300
PRIORITY,NORMAL,235097900
PRIORITY,NORMAL,235091600
PRIORITY,NORMAL,235089400
PRIORITY,NORMAL,235087200
PRIORITY,NORMAL,235086200
PRIORITY,NORMAL,235082200
PRIORITY,NORMAL,235085300
PRIORITY,NORMAL,235087500
PRIORITY,NORMAL,235047400
PRIORITY,NORMAL,235132700
PRIORITY,NORMAL,235131000
PRIORITY,NORMAL,235133400
PRIORITY,NORMAL,235135100
PRIORITY,NORMAL,235135400
PRIORITY,NORMAL,235126400
PRIORITY,NORMAL,235125100
PRIORITY,NORMAL,235156100
PRIORITY,NORMAL,235155300
PRIORITY,NORMAL,235154900
PRIORITY,NORMAL,235155600
PRIORITY,NORMAL,235154900
PRIORITY,NORMAL,235151200
PRIORITY,NORMAL,235143500
PRIORITY,NORMAL,235179300
PRIORITY,NORMAL,235180000
PRIORITY,NORMAL,235182900
PRIORITY,NORMAL,235183200
PRIORITY,NORMAL,235179900
PRIORITY,NORMAL,235177000
PRIORITY,NORMAL,235175900
PRIORITY,NORMAL,235351500
PRIORITY,NORMAL,235349500
PRIORITY,NORMAL,235345100
PRIORITY,NORMAL,235343600
PRIORITY,NORMAL,235338900
PRIORITY,NORMAL,235336100
PRIORITY,NORMAL,235336100
PRIORITY,NORMAL,235336100
PRIORITY,NORMAL,235335800
PRIORITY,NORMAL,235335700
PRIORITY,NORMAL,235336000
PRIORITY,NORMAL,235334300
PRIORITY,NORMAL,235332800
PRIORITY,NORMAL,235332100
PRIORITY,NORMAL,235287200
PRIORITY,NORMAL,235241900
PRIORITY,NORMAL,235240600
PRIORITY,NORMAL,235197900
PRIORITY,NORMAL,235197900
PRIORITY,NORMAL,235199600
PRIORITY,NORMAL,235189800
PRIORITY,NORMAL,235091100
PRIORITY,NORMAL,235090700
PRIORITY,NORMAL,235092700
PRIORITY,NORMAL,235092800
PRIORITY,NORMAL,235092300
PRIORITY,NORMAL,235091800
PRIORITY,NORMAL,235091200
PRIORITY,NORMAL,235090300
PRIORITY,NORMAL,235085400
PRIORITY,NORMAL,235085200
PRIORITY,NORMAL,235180400
PRIORITY,NORMAL,235180900
PRIORITY,NORMAL,235181400
PRIORITY,NORMAL,235183200
PRIORITY,NORMAL,235184400
PRIORITY,NORMAL,235185000
PRIORITY,NORMAL,235186100
PRIORITY,NORMAL,235182100
PRIORITY,NORMAL,235184400
PRIORITY,NORMAL,235149600
PRIORITY,NORMAL,235150700
PRIORITY,NORMAL,235152200
PRIORITY,NORMAL,235153300
PRIORITY,NORMAL,235154600
PRIORITY,NORMAL,235156500
PRIORITY,NORMAL,235157500
PRIORITY,NORMAL,235154100
PRIORITY,NORMAL,235155000
PRIORITY,NORMAL,235155600
PRIORITY,NORMAL,235157500
PRIORITY,NORMAL,235157200
PRIORITY,NORMAL,235159300
PRIORITY,NORMAL,235160800
PRIORITY,NORMAL,235158200
PRIORITY,NORMAL,235157900
PRIORITY,NORMAL,235154400
PRIORITY,NORMAL,235150000
PRIORITY,NORMAL,235146600
PRIORITY,NORMAL,235146300
PRIORITY,NORMAL,235146100
PRIORITY,NORMAL,235146600
PRIORITY,NORMAL,235146000
PRIORITY,NORMAL,235146100
PRIORITY,NORMAL,235147100
PRIORITY,NORMAL,235144500
PRIORITY,NORMAL,235147100
PRIORITY,NORMAL,235148300
PRIORITY,NORMAL,235150800
PRIORITY,NORMAL,235154100
PRIORITY,NORMAL,235156300
PRIORITY,NORMAL,235158800
PRIORITY,NORMAL,235165200
PRIORITY,NORMAL,235168100
PRIORITY,NORMAL,235163900
PRIORITY,NORMAL,235164600
PRIORITY,NORMAL,235065400
PRIORITY,NORMAL,235062200
PRIORITY,NORMAL,235062100
PRIORITY,NORMAL,235062400
PRIORITY,NORMAL,235062600
PRIORITY,NORMAL,235062700
PRIORITY,NORMAL,235062400
PRIORITY,NORMAL,235058300
PRIORITY,NORMAL,235058400
PRIORITY,NORMAL,235058500
PRIORITY,NORMAL,235058900
PRIORITY,NORMAL,235056400
PRIORITY,NORMAL,235057500
PRIORITY,NORMAL,235058600
PRIORITY,NORMAL,235065200
PRIORITY,NORMAL,235066400
PRIORITY,NORMAL,235063200
PRIORITY,NORMAL,235062900
PRIORITY,NORMAL,235061400
PRIORITY,NORMAL,235060300
PRIORITY,NORMAL,235059300
PRIORITY,NORMAL,235056900
PRIORITY,NORMAL,235056300
PRIORITY,NORMAL,235048500
PRIORITY,NORMAL,235045800
PRIORITY,NORMAL,235039300
PRIORITY,NORMAL,235037900
PRIORITY,NORMAL,235037500
PRIORITY,NORMAL,235036500
PRIORITY,NORMAL,235035900
PRIORITY,NORMAL,235034900
PRIORITY,NORMAL,235034100
PRIORITY,NORMAL,235033800
PRIORITY,NORMAL,235033400
PRIORITY,NORMAL,235023900
PRIORITY,NORMAL,235022400
PRIORITY,NORMAL,235019900
PRIORITY,NORMAL,235008500
PRIORITY,NORMAL,235004700
PRIORITY,NORMAL,235004100
PRIORITY,NORMAL,235002100
PRIORITY,NORMAL,235000100
PRIORITY,NORMAL,234999700
PRIORITY,NORMAL,234992400
PRIORITY,NORMAL,234989500
PRIORITY,NORMAL,234987200
PRIORITY,NORMAL,234983400
PRIORITY,NORMAL,234980500
PRIORITY,NORMAL,234976900
PRIORITY,NORMAL,234974600
PRIORITY,NORMAL,234973000
PRIORITY,NORMAL,234972200
PRIORITY,NORMAL,234966400
PRIORITY,NORMAL,234965500
PRIORITY,NORMAL,234958300
PRIORITY,NORMAL,234657100
PRIORITY,NORMAL,234653700
PRIORITY,NORMAL,234649900
PRIORITY,NORMAL,234648700
PRIORITY,NORMAL,234648300
PRIORITY,NORMAL,234647700
PRIORITY,NORMAL,234652900
PRIORITY,NORMAL,234658900
PRIORITY,NORMAL,234659400
PRIORITY,NORMAL,234659600
PRIORITY,NORMAL,234659800
PRIORITY,NORMAL,234659700
PRIORITY,NORMAL,234659200
PRIORITY,NORMAL,234659000
PRIORITY,NORMAL,234658800
PRIORITY,NORMAL,234654900
PRIORITY,NORMAL,234655700
PRIORITY,NORMAL,234657200
PRIORITY,NORMAL,234664300
PRIORITY,NORMAL,234663300
PRIORITY,NORMAL,234661800
PRIORITY,NORMAL,234660400
PRIORITY,NORMAL,234659200
PRIORITY,NORMAL,234658000
PRIORITY,NORMAL,234652200
PRIORITY,NORMAL,234650800
PRIORITY,NORMAL,234649000
PRIORITY,NORMAL,234647400
PRIORITY,NORMAL,234645700
PRIORITY,NORMAL,234644000
PRIORITY,NORMAL,234643000
PRIORITY,NORMAL,234641100
PRIORITY,NORMAL,234640100
PRIORITY,NORMAL,234634500
PRIORITY,NORMAL,234633600
PRIORITY,NORMAL,234632300
PRIORITY,NORMAL,234630800
PRIORITY,NORMAL,234629200
PRIORITY,NORMAL,234627600
PRIORITY,NORMAL,234626700
PRIORITY,NORMAL,234625600
PRIORITY,NORMAL,234624400
PRIORITY,NORMAL,234619000
PRIORITY,NORMAL,234617800
PRIORITY,NORMAL,234616600
PRIORITY,NORMAL,234615100
PRIORITY,NORMAL,234613900
PRIORITY,NORMAL,234612500
PRIORITY,NORMAL,234609400
PRIORITY,NORMAL,234607800
PRIORITY,NORMAL,234606400
PRIORITY,NORMAL,234601300
PRIORITY,NORMAL,234600300
PRIORITY,NORMAL,234599100
PRIORITY,NORMAL,234597600
PRIORITY,NORMAL,234596100
PRIORITY,NORMAL,234594600
PRIORITY,NORMAL,234592600
PRIORITY,NORMAL,234591400
PRIORITY,NORMAL,234590400
PRIORITY,NORMAL,234583800
PRIORITY,NORMAL,234582100
PRIORITY,NORMAL,234580400
PRIORITY,NORMAL,234578600
PRIORITY,NORMAL,234577600
PRIORITY,NORMAL,234576500
PRIORITY,NORMAL,234575900
PRIORITY,NORMAL,234575300
PRIORITY,NORMAL,234574400
PRIORITY,NORMAL,234568300
PRIORITY,NORMAL,234553100
PRIORITY,NORMAL,234551700
PRIORITY,NORMAL,234550500
PRIORITY,NORMAL,234549600
PRIORITY,NORMAL,234548600
PRIORITY,NORMAL,234546900
PRIORITY,NORMAL,234545900
PRIORITY,NORMAL,234544700
PRIORITY,NORMAL,234539300
PRIORITY,NORMAL,234538200
PRIORITY,NORMAL,234537200
PRIORITY,NORMAL,234535900
PRIORITY,NORMAL,234534900
PRIORITY,NORMAL,234533800
PRIORITY,NORMAL,234532600
PRIORITY,NORMAL,234531400
PRIORITY,NORMAL,234530200
PRIORITY,NORMAL,234524100
PRIORITY,NORMAL,234522500
PRIORITY,NORMAL,234521500
PRIORITY,NORMAL,234519900
PRIORITY,NORMAL,234518700
PRIORITY,NORMAL,234517500
PRIORITY,NORMAL,234516200
PRIORITY,NORMAL,234512800
PRIORITY,NORMAL,234511700
PRIORITY,NORMAL,234506200
PRIORITY,NORMAL,234504800
PRIORITY,NORMAL,234503500
PRIORITY,NORMAL,234502100
PRIORITY,NORMAL,234501000
PRIORITY,NORMAL,234500100
PRIORITY,NORMAL,234499100
PRIORITY,NORMAL,234498100
PRIORITY,NORMAL,234496900
PRIORITY,NORMAL,234491200
PRIORITY,NORMAL,234490000
PRIORITY,NORMAL,234488700
PRIORITY,NORMAL,234487100
PRIORITY,NORMAL,234485300
PRIORITY,NORMAL,234483700
PRIORITY,NORMAL,234482500
PRIORITY,NORMAL,234481300
PRIORITY,NORMAL,234480400
PRIORITY,NORMAL,234474500
PRIORITY,NORMAL,234473500
PRIORITY,NORMAL,234472400
PRIORITY,NORMAL,234471300
PRIORITY,NORMAL,234470400
PRIORITY,NORMAL,234469200
PRIORITY,NORMAL,234467500
PRIORITY,NORMAL,234466200
PRIORITY,NORMAL,234464500
PRIORITY,NORMAL,234458500
PRIORITY,NORMAL,234457300
PRIORITY,NORMAL,234456200
PRIORITY,NORMAL,234455000
PRIORITY,NORMAL,234453600
PRIORITY,NORMAL,234452300
PRIORITY,NORMAL,234450900
PRIORITY,NORMAL,234449900
PRIORITY,NORMAL,234448900
PRIORITY,NORMAL,234443400
PRIORITY,NORMAL,234442200
PRIORITY,NORMAL,234441000
PRIORITY,NORMAL,234439800
PRIORITY,NORMAL,234438300
PRIORITY,NORMAL,234437100
PRIORITY,NORMAL,234435700
PRIORITY,NORMAL,234434100
PRIORITY,NORMAL,234430800
PRIORITY,NORMAL,234425100
PRIORITY,NORMAL,234423700
PRIORITY,NORMAL,234422600
PRIORITY,NORMAL,234421300
PRIORITY,NORMAL,234420000
PRIORITY,NORMAL,234419000
PRIORITY,NORMAL,234417800
PRIORITY,NORMAL,234416500
PRIORITY,NORMAL,234415700
PRIORITY,NORMAL,234411300
PRIORITY,NORMAL,234410500
PRIORITY,NORMAL,234409500
PRIORITY,NORMAL,234247200
PRIORITY,NORMAL,234244900
PRIORITY,NORMAL,234243900
PRIORITY,NORMAL,234242600
PRIORITY,NORMAL,234241800
PRIORITY,NORMAL,234240700
PRIORITY,NORMAL,234235300
PRIORITY,NORMAL,234234300
PRIORITY,NORMAL,234233100
PRIORITY,NORMAL,234232200
PRIORITY,NORMAL,234231100
PRIORITY,NORMAL,234230500
PRIORITY,NORMAL,234229400
PRIORITY,NORMAL,234228300
PRIORITY,NORMAL,234227200
PRIORITY,NORMAL,234221400
PRIORITY,NORMAL,234220500
PRIORITY,NORMAL,234218800
PRIORITY,NORMAL,234217700
PRIORITY,NORMAL,234216400
PRIORITY,NORMAL,234215900
PRIORITY,NORMAL,234214300
PRIORITY,NORMAL,234213300
PRIORITY,NORMAL,234211900
PRIORITY,NORMAL,234206200
PRIORITY,NORMAL,234204800
PRIORITY,NORMAL,234203800
PRIORITY,NORMAL,234202800
PRIORITY,NORMAL,234202200
PRIORITY,NORMAL,234200700
PRIORITY,NORMAL,234199300
PRIORITY,NORMAL,234198000
PRIORITY,NORMAL,234196600
PRIORITY,NORMAL,234189100
PRIORITY,NORMAL,234188000
PRIORITY,NORMAL,234187400
PRIORITY,NORMAL,234186000
PRIORITY,NORMAL,234185100
PRIORITY,NORMAL,234184000
PRIORITY,NORMAL,234183000
PRIORITY,NORMAL,234181900
PRIORITY,NORMAL,234180700
PRIORITY,NORMAL,234175300
PRIORITY,NORMAL,234174400
PRIORITY,NORMAL,234173300
PRIORITY,NORMAL,234172100
PRIORITY,NORMAL,234170600
PRIORITY,NORMAL,234169300
PRIORITY,NORMAL,234168000
PRIORITY,NORMAL,234166800
PRIORITY,NORMAL,234166000
PRIORITY,NORMAL,234159800
PRIORITY,NORMAL,234158700
PRIORITY,NORMAL,234157600
PRIORITY,NORMAL,234156200
PRIORITY,NORMAL,234155000
PRIORITY,NORMAL,234154000
PRIORITY,NORMAL,234152600
PRIORITY,NORMAL,234151400
PRIORITY,NORMAL,234150100
PRIORITY,NORMAL,234144100
PRIORITY,NORMAL,234142900
PRIORITY,NORMAL,234141900
PRIORITY,NORMAL,234141000
PRIORITY,NORMAL,234139800
PRIORITY,NORMAL,234138400
PRIORITY,NORMAL,234137600
PRIORITY,NORMAL,234136800
PRIORITY,NORMAL,234135500
PRIORITY,NORMAL,234130100
PRIORITY,NORMAL,234128600
PRIORITY,NORMAL,234127500
PRIORITY,NORMAL,234126100
PRIORITY,NORMAL,234125600
PRIORITY,NORMAL,234122000
PRIORITY,NORMAL,234119600
PRIORITY,NORMAL,234119300
PRIORITY,NORMAL,234117300
PRIORITY,NORMAL,234110100
PRIORITY,NORMAL,234109900
PRIORITY,NORMAL,234108300
PRIORITY,NORMAL,234108000
PRIORITY,NORMAL,234106700
PRIORITY,NORMAL,234106100
PRIORITY,NORMAL,234104900
PRIORITY,NORMAL,234104200
PRIORITY,NORMAL,234103500
PRIORITY,NORMAL,234097500
PRIORITY,NORMAL,234096800
PRIORITY,NORMAL,234095900
PRIORITY,NORMAL,234094600
PRIORITY,NORMAL,234093100
PRIORITY,NORMAL,234091300
PRIORITY,NORMAL,234089800
PRIORITY,NORMAL,234088300
PRIORITY,NORMAL,234086900
PRIORITY,NORMAL,234081300
PRIORITY,NORMAL,234079900
PRIORITY,NORMAL,234078900
PRIORITY,NORMAL,234078000
PRIORITY,NORMAL,234076700
PRIORITY,NORMAL,234075600
PRIORITY,NORMAL,234074600
PRIORITY,NORMAL,234073500
PRIORITY,NORMAL,234072000
PRIORITY,NORMAL,234066500
PRIORITY,NORMAL,234066300
PRIORITY,NORMAL,234065600
PRIORITY,NORMAL,234064200
PRIORITY,NORMAL,234063400
PRIORITY,NORMAL,234062100
PRIORITY,NORMAL,234060800
PRIORITY,NORMAL,234060000
PRIORITY,NORMAL,234059200
PRIORITY,NORMAL,234053700
PRIORITY,NORMAL,234048800
PRIORITY,NORMAL,234047600
PRIORITY,NORMAL,234046500
PRIORITY,NORMAL,234045200
PRIORITY,NORMAL,234043900
PRIORITY,NORMAL,234042500
PRIORITY,NORMAL,234040800
PRIORITY,NORMAL,234040000
PRIORITY,NORMAL,234034300
PRIORITY,NORMAL,234032700
PRIORITY,NORMAL,234029500
PRIORITY,NORMAL,234028200
PRIORITY,NORMAL,234026600
PRIORITY,NORMAL,234025400
PRIORITY,NORMAL,234024300
PRIORITY,NORMAL,234022400
PRIORITY,NORMAL,234020000
PRIORITY,NORMAL,234013400
PRIORITY,NORMAL,234012400
PRIORITY,NORMAL,234010700
PRIORITY,NORMAL,234008800
PRIORITY,NORMAL,234007400
PRIORITY,NORMAL,234006100
PRIORITY,NORMAL,234004100
PRIORITY,NORMAL,234002300
PRIORITY,NORMAL,234000200
PRIORITY,NORMAL,233994400
PRIORITY,NORMAL,233993000
PRIORITY,NORMAL,233990400
PRIORITY,NORMAL,233987100
PRIORITY,NORMAL,233985300
PRIORITY,NORMAL,233984400
PRIORITY,NORMAL,233984800
PRIORITY,NORMAL,233992400
PRIORITY,NORMAL,233992200
PRIORITY,NORMAL,233997100
PRIORITY,NORMAL,233995800
PRIORITY,NORMAL,233994600
PRIORITY,NORMAL,233993000
PRIORITY,NORMAL,233991400
PRIORITY,NORMAL,233989700
PRIORITY,NORMAL,233988500
PRIORITY,NORMAL,233987200
PRIORITY,NORMAL,233985700
PRIORITY,NORMAL,233978800
PRIORITY,NORMAL,233977000
PRIORITY,NORMAL,233975200
PRIORITY,NORMAL,233974200
PRIORITY,NORMAL,233973800
PRIORITY,NORMAL,233972700
PRIORITY,NORMAL,233971200
PRIORITY,NORMAL,233969300
PRIORITY,NORMAL,233967600
PRIORITY,NORMAL,233960500
PRIORITY,NORMAL,233958900
PRIORITY,NORMAL,233957400
PRIORITY,NORMAL,233953500
PRIORITY,NORMAL,233951800
PRIORITY,NORMAL,233949500
PRIORITY,NORMAL,233947800
PRIORITY,NORMAL,233946000
PRIORITY,NORMAL,233944500
PRIORITY,NORMAL,233937600
PRIORITY,NORMAL,233935900
PRIORITY,NORMAL,233934100
PRIORITY,NORMAL,233932400
PRIORITY,NORMAL,233930900
PRIORITY,NORMAL,233930300
PRIORITY,NORMAL,233929200
PRIORITY,NORMAL,233928300
PRIORITY,NORMAL,233926300
PRIORITY,NORMAL,233919700
PRIORITY,NORMAL,233917200
PRIORITY,NORMAL,233915700
PRIORITY,NORMAL,233914500
PRIORITY,NORMAL,233913000
PRIORITY,NORMAL,233911800
PRIORITY,NORMAL,233911100
PRIORITY,NORMAL,233909600
PRIORITY,NORMAL,233875400
PRIORITY,NORMAL,233866000
PRIORITY,NORMAL,233864500
PRIORITY,NORMAL,233863300
PRIORITY,NORMAL,233862300
PRIORITY,NORMAL,233861400
PRIORITY,NORMAL,233858300
PRIORITY,NORMAL,233856000
PRIORITY,NORMAL,233851000
PRIORITY,NORMAL,233846000
PRIORITY,NORMAL,233832900
PRIORITY,NORMAL,233831500
PRIORITY,NORMAL,233830200
PRIORITY,NORMAL,233828400
PRIORITY,NORMAL,233827500
PRIORITY,NORMAL,233825800
PRIORITY,NORMAL,233824300
PRIORITY,NORMAL,233819300
PRIORITY,NORMAL,233789900
PRIORITY,NORMAL,233776400
PRIORITY,NORMAL,233774300
PRIORITY,NORMAL,233772200
PRIORITY,NORMAL,233770100
PRIORITY,NORMAL,233766300
PRIORITY,NORMAL,233764900
PRIORITY,NORMAL,233763800
PRIORITY,NORMAL,233762000
PRIORITY,NORMAL,233760200
PRIORITY,NORMAL,233753400
PRIORITY,NORMAL,233752000
PRIORITY,NORMAL,233750700
PRIORITY,NORMAL,233749200
PRIORITY,NORMAL,233747700
PRIORITY,NORMAL,233746400
PRIORITY,NORMAL,233745100
PRIORITY,NORMAL,233743800
PRIORITY,NORMAL,233742100
PRIORITY,NORMAL,233735300
PRIORITY,NORMAL,233733700
PRIORITY,NORMAL,233732100
PRIORITY,NORMAL,233730600
PRIORITY,NORMAL,233728900
PRIORITY,NORMAL,233726800
PRIORITY,NORMAL,233725100
PRIORITY,NORMAL,233724600
PRIORITY,NORMAL,233723100
PRIORITY,NORMAL,233717200
PRIORITY,NORMAL,233715800
PRIORITY,NORMAL,233714800
PRIORITY,NORMAL,233713800
PRIORITY,NORMAL,233712000
PRIORITY,NORMAL,233710300
PRIORITY,NORMAL,233709000
PRIORITY,NORMAL,233708200
PRIORITY,NORMAL,233707000
PRIORITY,NORMAL,233700700
PRIORITY,NORMAL,233698800
PRIORITY,NORMAL,233697200
PRIORITY,NORMAL,233695600
PRIORITY,NORMAL,233694200
PRIORITY,NORMAL,233692600
PRIORITY,NORMAL,233690800
PRIORITY,NORMAL,233688900
PRIORITY,NORMAL,233687200
PRIORITY,NORMAL,233681000
PRIORITY,NORMAL,233679500
PRIORITY,NORMAL,233677900
PRIORITY,NORMAL,233676000
PRIORITY,NORMAL,233674300
PRIORITY,NORMAL,233670300
PRIORITY,NORMAL,233668700
PRIORITY,NORMAL,233667100
PRIORITY,NORMAL,233665800
PRIORITY,NORMAL,233659800
PRIORITY,NORMAL,233658700
PRIORITY,NORMAL,233657600
PRIORITY,NORMAL,233653000
PRIORITY,NORMAL,233648400
PRIORITY,NORMAL,233646500
PRIORITY,NORMAL,233637300
PRIORITY,NORMAL,233629900
PRIORITY,NORMAL,233625500
PRIORITY,NORMAL,233618200
PRIORITY,NORMAL,233616400
PRIORITY,NORMAL,233614400
PRIORITY,NORMAL,233612600
PRIORITY,NORMAL,233610600
PRIORITY,NORMAL,233608800
PRIORITY,NORMAL,233606900
PRIORITY,NORMAL,233605000
PRIORITY,NORMAL,233603200
PRIORITY,NORMAL,233597400
PRIORITY,NORMAL,233595100
PRIORITY,NORMAL,233586200
PRIORITY,NORMAL,233583300
PRIORITY,NORMAL,233582900
PRIORITY,NORMAL,233583000
PRIORITY,NORMAL,233583000
PRIORITY,NORMAL,233583300
PRIORITY,NORMAL,233583800
PRIORITY,NORMAL,233581200
PRIORITY,NORMAL,233581600
PRIORITY,NORMAL,233582000
PRIORITY,NORMAL,233582500
PRIORITY,NORMAL,233582900
PRIORITY,NORMAL,233583300
PRIORITY,NORMAL,233583700
PRIORITY,NORMAL,233583800
PRIORITY,NORMAL,233584100
PRIORITY,NORMAL,233581500
PRIORITY,NORMAL,233582100
PRIORITY,NORMAL,233582500
PRIORITY,NORMAL,233583000
PRIORITY,NORMAL,233582900
PRIORITY,NORMAL,233581700
PRIORITY,NORMAL,233578600
PRIORITY,NORMAL,233577400
PRIORITY,NORMAL,233575700
PRIORITY,NORMAL,233566500
PRIORITY,NORMAL,233562200
PRIORITY,NORMAL,233560200
PRIORITY,NORMAL,233558500
PRIORITY,NORMAL,233556700
PRIORITY,NORMAL,233555000
PRIORITY,NORMAL,233553200
PRIORITY,NORMAL,233551400
PRIORITY,NORMAL,233549600
PRIORITY,NORMAL,233542600
PRIORITY,NORMAL,233540800
PRIORITY,NORMAL,233539200
PRIORITY,NORMAL,233538200
PRIORITY,NORMAL,233536400
PRIORITY,NORMAL,233534700
PRIORITY,NORMAL,233532900
PRIORITY,NORMAL,233531000
PRIORITY,NORMAL,233529000
PRIORITY,NORMAL,233521900
PRIORITY,NORMAL,233520000
PRIORITY,NORMAL,233518300
PRIORITY,NORMAL,233516600
PRIORITY,NORMAL,233514700
PRIORITY,NORMAL,233512400
PRIORITY,NORMAL,233510900
PRIORITY,NORMAL,233509200
PRIORITY,NORMAL,233507500
PRIORITY,NORMAL,233500600
PRIORITY,NORMAL,233498800
PRIORITY,NORMAL,233497000
PRIORITY,NORMAL,233495300
PRIORITY,NORMAL,233493600
PRIORITY,NORMAL,233491700
PRIORITY,NORMAL,233490000
PRIORITY,NORMAL,233488000
PRIORITY,NORMAL,233486100
PRIORITY,NORMAL,233479100
PRIORITY,NORMAL,233477000
PRIORITY,NORMAL,233475200
PRIORITY,NORMAL,233473500
PRIORITY,NORMAL,233471500
PRIORITY,NORMAL,233469700
PRIORITY,NORMAL,233467800
PRIORITY,NORMAL,233465300
PRIORITY,NORMAL,233461000
PRIORITY,NORMAL,233453100
PRIORITY,NORMAL,233450600
PRIORITY,NORMAL,233448400
PRIORITY,NORMAL,233446500
PRIORITY,NORMAL,233444600
PRIORITY,NORMAL,233443000
PRIORITY,NORMAL,233441200
PRIORITY,NORMAL,233439500
PRIORITY,NORMAL,233437700
PRIORITY,NORMAL,233430800
PRIORITY,NORMAL,233429100
PRIORITY,NORMAL,233427300
PRIORITY,NORMAL,233425500
PRIORITY,NORMAL,233423700
PRIORITY,NORMAL,233422000
PRIORITY,NORMAL,233420000
PRIORITY,NORMAL,233418300
PRIORITY,NORMAL,233416400
PRIORITY,NORMAL,233409900
PRIORITY,NORMAL,233407900
PRIORITY,NORMAL,233406300
PRIORITY,NORMAL,233404400
PRIORITY,NORMAL,233402500
PRIORITY,NORMAL,233400700
PRIORITY,NORMAL,233398900
PRIORITY,NORMAL,233397100
PRIORITY,NORMAL,233395300
PRIORITY,NORMAL,233388600
PRIORITY,NORMAL,233386900
PRIORITY,NORMAL,233385100
PRIORITY,NORMAL,233383200
PRIORITY,NORMAL,233381200
PRIORITY,NORMAL,233379400
PRIORITY,NORMAL,233377500
PRIORITY,NORMAL,233375800
PRIORITY,NORMAL,233372600
PRIORITY,NORMAL,233359200
PRIORITY,NORMAL,233359500
PRIORITY,NORMAL,233359800
PRIORITY,NORMAL,233360100
PRIORITY,NORMAL,233360500
PRIORITY,NORMAL,233360900
PRIORITY,NORMAL,233361400
PRIORITY,NORMAL,233361600
PRIORITY,NORMAL,233362100
PRIORITY,NORMAL,233357500
PRIORITY,NORMAL,233357700
PRIORITY,NORMAL,233358100
PRIORITY,NORMAL,233358300
PRIORITY,NORMAL,233358700
PRIORITY,NORMAL,233358900
PRIORITY,NORMAL,233359100
PRIORITY,NORMAL,233359400
PRIORITY,NORMAL,233359700
PRIORITY,NORMAL,233357300
PRIORITY,NORMAL,233357500
PRIORITY,NORMAL,233357900
PRIORITY,NORMAL,233357900
PRIORITY,NORMAL,233358300
PRIORITY,NORMAL,233358500
PRIORITY,NORMAL,233358600
PRIORITY,NORMAL,233358900
PRIORITY,NORMAL,233359400
PRIORITY,NORMAL,233357100
PRIORITY,NORMAL,233357800
PRIORITY,NORMAL,233358100
PRIORITY,NORMAL,233358500
PRIORITY,NORMAL,233359100
PRIORITY,NORMAL,233359400
PRIORITY,NORMAL,233359900
PRIORITY,NORMAL,233360200
PRIORITY,NORMAL,233360500
PRIORITY,NORMAL,233358200
PRIORITY,NORMAL,233358500
PRIORITY,NORMAL,233359000
PRIORITY,NORMAL,233359400
PRIORITY,NORMAL,233359800
PRIORITY,NORMAL,233360100
PRIORITY,NORMAL,233360800
PRIORITY,NORMAL,233361100
PRIORITY,NORMAL,233361600
PRIORITY,NORMAL,233359200
PRIORITY,NORMAL,233359500
PRIORITY,NORMAL,233359900
PRIORITY,NORMAL,233360300
PRIORITY,NORMAL,233360600
PRIORITY,NORMAL,233360700
PRIORITY,NORMAL,233361000
PRIORITY,NORMAL,233361200
PRIORITY,NORMAL,233361900
PRIORITY,NORMAL,233357600
PRIORITY,NORMAL,233359600
PRIORITY,NORMAL,233367900
PRIORITY,NORMAL,233368800
PRIORITY,NORMAL,233369100
PRIORITY,NORMAL,233369500
PRIORITY,NORMAL,233370300
PRIORITY,NORMAL,233370800
PRIORITY,NORMAL,233371200
PRIORITY,NORMAL,233368900
PRIORITY,NORMAL,233369400
PRIORITY,NORMAL,233369900
PRIORITY,NORMAL,233370400
PRIORITY,NORMAL,233370700
PRIORITY,NORMAL,233371100
PRIORITY,NORMAL,233371400
PRIORITY,NORMAL,233372000
PRIORITY,NORMAL,233372400
PRIORITY,NORMAL,233369900
PRIORITY,NORMAL,233370200
PRIORITY,NORMAL,233370500
PRIORITY,NORMAL,233370600
PRIORITY,NORMAL,233371000
PRIORITY,NORMAL,233371400
PRIORITY,NORMAL,233371500
PRIORITY,NORMAL,233371600
PRIORITY,NORMAL,233371800
PRIORITY,NORMAL,233369600
PRIORITY,NORMAL,233370100
PRIORITY,NORMAL,233370600
PRIORITY,NORMAL,233371000
PRIORITY,NORMAL,233371300
PRIORITY,NORMAL,233371800
PRIORITY,NORMAL,233372200
PRIORITY,NORMAL,233372400
PRIORITY,NORMAL,233372900
PRIORITY,NORMAL,233370600
PRIORITY,NORMAL,233370900
PRIORITY,NORMAL,233371400
PRIORITY,NORMAL,233371700
PRIORITY,NORMAL,233372100
PRIORITY,NORMAL,233372600
PRIORITY,NORMAL,233373100
PRIORITY,NORMAL,233373600
PRIORITY,NORMAL,233374000
PRIORITY,NORMAL,233371600
PRIORITY,NORMAL,233370000
PRIORITY,NORMAL,233370500
PRIORITY,NORMAL,233370700
PRIORITY,NORMAL,233371200
PRIORITY,NORMAL,233371700
PRIORITY,NORMAL,233372100
PRIORITY,NORMAL,233372700
PRIORITY,NORMAL,233372700
PRIORITY,NORMAL,233370000
PRIORITY,NORMAL,233370100
PRIORITY,NORMAL,233370500
PRIORITY,NORMAL,233370900
PRIORITY,NORMAL,233371400
PRIORITY,NORMAL,233371800
PRIORITY,NORMAL,233372300
PRIORITY,NORMAL,233373100
PRIORITY,NORMAL,233373600
PRIORITY,NORMAL,233371400
PRIORITY,NORMAL,233371900
PRIORITY,NORMAL,233372600
PRIORITY,NORMAL,233372800
PRIORITY,NORMAL,233373300
PRIORITY,NORMAL,233374100
PRIORITY,NORMAL,233374700
PRIORITY,NORMAL,233375000
PRIORITY,NORMAL,233375500
PRIORITY,NORMAL,233373000
PRIORITY,NORMAL,233373200
PRIORITY,NORMAL,233373500
PRIORITY,NORMAL,233373800
PRIORITY,NORMAL,233374400
PRIORITY,NORMAL,233374800
PRIORITY,NORMAL,233375400
PRIORITY,NORMAL,233375700
PRIORITY,NORMAL,233376200
PRIORITY,NORMAL,233373200
PRIORITY,NORMAL,233373300
PRIORITY,NORMAL,233373600
PRIORITY,NORMAL,233373800
PRIORITY,NORMAL,233374100
PRIORITY,NORMAL,233374500
PRIORITY,NORMAL,233374800
PRIORITY,NORMAL,233375000
PRIORITY,NORMAL,233375600
PRIORITY,NORMAL,233373300
PRIORITY,NORMAL,233373900
PRIORITY,NORMAL,233372400
PRIORITY,NORMAL,233372900
PRIORITY,NORMAL,233373300
PRIORITY,NORMAL,233373600
PRIORITY,NORMAL,233373900
PRIORITY,NORMAL,233374400
PRIORITY,NORMAL,233375200
PRIORITY,NORMAL,233372600
PRIORITY,NORMAL,233373100
PRIORITY,NORMAL,233373600
PRIORITY,NORMAL,233374000
PRIORITY,NORMAL,233374600
PRIORITY,NORMAL,233375000
PRIORITY,NORMAL,233375400
PRIORITY,NORMAL,233375800
PRIORITY,NORMAL,233376200
PRIORITY,NORMAL,233373600
PRIORITY,NORMAL,233373600
PRIORITY,NORMAL,233374100
PRIORITY,NORMAL,233374700
PRIORITY,NORMAL,233375100
PRIORITY,NORMAL,233375400
PRIORITY,NORMAL,233375800
PRIORITY,NORMAL,233376100
PRIORITY,NORMAL,233376600
PRIORITY,NORMAL,233374200
PRIORITY,NORMAL,233374400
PRIORITY,NORMAL,233375000
PRIORITY,NORMAL,233375300
PRIORITY,NORMAL,233375800
PRIORITY,NORMAL,233376300
PRIORITY,NORMAL,233376800
PRIORITY,NORMAL,233377600
PRIORITY,NORMAL,233378000
PRIORITY,NORMAL,233375700
PRIORITY,NORMAL,233376000
PRIORITY,NORMAL,233376500
PRIORITY,NORMAL,233377000
PRIORITY,NORMAL,233377300
PRIORITY,NORMAL,233377800
PRIORITY,NORMAL,233378200
PRIORITY,NORMAL,233378600
PRIORITY,NORMAL,233378800
PRIORITY,NORMAL,233376400
PRIORITY,NORMAL,233376900
PRIORITY,NORMAL,233377300
PRIORITY,NORMAL,233377800
PRIORITY,NORMAL,233376300
PRIORITY,NORMAL,233376600
PRIORITY,NORMAL,233376900
PRIORITY,NORMAL,233377200
PRIORITY,NORMAL,233378100
PRIORITY,NORMAL,233375900
PRIORITY,NORMAL,233376300
PRIORITY,NORMAL,233376400
PRIORITY,NORMAL,233376600
PRIORITY,NORMAL,233376600
PRIORITY,NORMAL,233376800
PRIORITY,NORMAL,233376900
PRIORITY,NORMAL,233377600
PRIORITY,NORMAL,233377900
PRIORITY,NORMAL,233375500
PRIORITY,NORMAL,233375700
PRIORITY,NORMAL,233375900
PRIORITY,NORMAL,233376300
PRIORITY,NORMAL,233376400
PRIORITY,NORMAL,233241600
PRIORITY,NORMAL,233241300
PRIORITY,NORMAL,233241700
PRIORITY,NORMAL,233242200
PRIORITY,NORMAL,233239700
PRIORITY,NORMAL,233240100
PRIORITY,NORMAL,233240300
PRIORITY,NORMAL,233240600
PRIORITY,NORMAL,233240900
PRIORITY,NORMAL,233241400
PRIORITY,NORMAL,233241900
PRIORITY,NORMAL,233242300
PRIORITY,NORMAL,233242500
PRIORITY,NORMAL,233240300
PRIORITY,NORMAL,233240700
PRIORITY,NORMAL,233241400
PRIORITY,NORMAL,233242000
PRIORITY,NORMAL,233242700
PRIORITY,NORMAL,233243000
PRIORITY,NORMAL,233243500
PRIORITY,NORMAL,233243800
PRIORITY,NORMAL,233244300
PRIORITY,NORMAL,233241900
PRIORITY,NORMAL,233242300
PRIORITY,NORMAL,233242800
PRIORITY,NORMAL,233243300
PRIORITY,NORMAL,233243600
PRIORITY,NORMAL,233242200
PRIORITY,NORMAL,233242600
PRIORITY,NORMAL,233242800
PRIORITY,NORMAL,233243000
PRIORITY,NORMAL,233240400
PRIORITY,NORMAL,233240900
PRIORITY,NORMAL,233241400
PRIORITY,NORMAL,233241700
PRIORITY,NORMAL,233242000
PRIORITY,NORMAL,233242300
PRIORITY,NORMAL,233242500
PRIORITY,NORMAL,233243000
PRIORITY,NORMAL,233243200
PRIORITY,NORMAL,233240800
PRIORITY,NORMAL,233241100
PRIORITY,NORMAL,233241500
PRIORITY,NORMAL,233242100
PRIORITY,NORMAL,233242400
PRIORITY,NORMAL,233242800
PRIORITY,NORMAL,233243200
PRIORITY,NORMAL,233243600
PRIORITY,NORMAL,233244000
PRIORITY,NORMAL,233241600
PRIORITY,NORMAL,233242100
PRIORITY,NORMAL,233242500
PRIORITY,NORMAL,233243000
PRIORITY,NORMAL,233243400
PRIORITY,NORMAL,233243700
PRIORITY,NORMAL,233244300
PRIORITY,NORMAL,233244900
PRIORITY,NORMAL,233245200
PRIORITY,NORMAL,233242900
PRIORITY,NORMAL,233243400
PRIORITY,NORMAL,233243800
PRIORITY,NORMAL,233244200
PRIORITY,NORMAL,233244700
PRIORITY,NORMAL,233245200
PRIORITY,NORMAL,233245500
PRIORITY,NORMAL,233246000
PRIORITY,NORMAL,233246500
PRIORITY,NORMAL,233244200
PRIORITY,NORMAL,233244600
PRIORITY,NORMAL,233245100
PRIORITY,NORMAL,233245700
PRIORITY,NORMAL,233246100
PRIORITY,NORMAL,233246500
PRIORITY,NORMAL,233245300
PRIORITY,NORMAL,233245800
PRIORITY,NORMAL,233246200
PRIORITY,NORMAL,233244000
PRIORITY,NORMAL,233244400
PRIORITY,NORMAL,233244800
PRIORITY,NORMAL,233245300
PRIORITY,NORMAL,233245700
PRIORITY,NORMAL,233246200
PRIORITY,NORMAL,233246700
PRIORITY,NORMAL,233247400
PRIORITY,NORMAL,233248200
PRIORITY,NORMAL,233245900
PRIORITY,NORMAL,233246300
PRIORITY,NORMAL,233246900
PRIORITY,NORMAL,233246900
PRIORITY,NORMAL,233247100
PRIORITY,NORMAL,233247400
PRIORITY,NORMAL,233247800
PRIORITY,NORMAL,233248200
PRIORITY,NORMAL,233248600
PRIORITY,NORMAL,233246400
PRIORITY,NORMAL,233246900
PRIORITY,NORMAL,233247200
PRIORITY,NORMAL,233247800
PRIORITY,NORMAL,233247700
PRIORITY,NORMAL,233248200
PRIORITY,NORMAL,233248700
PRIORITY,NORMAL,233249000
PRIORITY,NORMAL,233249400
PRIORITY,NORMAL,233247100
PRIORITY,NORMAL,233247700
PRIORITY,NORMAL,233248100
PRIORITY,NORMAL,233248500
PRIORITY,NORMAL,233248800
PRIORITY,NORMAL,233249300
PRIORITY,NORMAL,233249800
PRIORITY,NORMAL,233250200
PRIORITY,NORMAL,233250600
PRIORITY,NORMAL,233248300
PRIORITY,NORMAL,233248800
PRIORITY,NORMAL,233249300
PRIORITY,NORMAL,233249800
PRIORITY,NORMAL,233251000
PRIORITY,NORMAL,233251500
PRIORITY,NORMAL,233251900
PRIORITY,NORMAL,233250400
PRIORITY,NORMAL,233250800
PRIORITY,NORMAL,233249100
PRIORITY,NORMAL,233250500
PRIORITY,NORMAL,233251000
PRIORITY,NORMAL,233251600
PRIORITY,NORMAL,233252900
PRIORITY,NORMAL,233253300
PRIORITY,NORMAL,233253800
PRIORITY,NORMAL,233254300
PRIORITY,NORMAL,233254800
PRIORITY,NORMAL,233252500
PRIORITY,NORMAL,233252900
PRIORITY,NORMAL,233253300
PRIORITY,NORMAL,233253800
PRIORITY,NORMAL,233254300
PRIORITY,NORMAL,233254700
PRIORITY,NORMAL,233255100
PRIORITY,NORMAL,233255600
PRIORITY,NORMAL,233256100
PRIORITY,NORMAL,233253800
PRIORITY,NORMAL,233254400
PRIORITY,NORMAL,233254700
PRIORITY,NORMAL,233255400
PRIORITY,NORMAL,233255800
PRIORITY,NORMAL,233256100
PRIORITY,NORMAL,233256600
PRIORITY,NORMAL,233257000
PRIORITY,NORMAL,233257300
PRIORITY,NORMAL,233254700
PRIORITY,NORMAL,233255100
PRIORITY,NORMAL,233257400
PRIORITY,NORMAL,233264000
PRIORITY,NORMAL,233264300
PRIORITY,NORMAL,233264800
PRIORITY,NORMAL,233265100
PRIORITY,NORMAL,233265600
PRIORITY,NORMAL,233266100
PRIORITY,NORMAL,233263600
PRIORITY,NORMAL,233264200
PRIORITY,NORMAL,233264400
PRIORITY,NORMAL,233264800
PRIORITY,NORMAL,233265300
PRIORITY,NORMAL,233265700
PRIORITY,NORMAL,233266000
PRIORITY,NORMAL,233266400
PRIORITY,NORMAL,233265100
PRIORITY,NORMAL,233262700
PRIORITY,NORMAL,233263200
PRIORITY,NORMAL,233263600
PRIORITY,NORMAL,233264100
PRIORITY,NORMAL,233264800
PRIORITY,NORMAL,233265200
PRIORITY,NORMAL,233265700
PRIORITY,NORMAL,233266200
PRIORITY,NORMAL,233266300
PRIORITY,NORMAL,233264000
PRIORITY,NORMAL,233264700
PRIORITY,NORMAL,233265100
PRIORITY,NORMAL,233265600
PRIORITY,NORMAL,233266100
PRIORITY,NORMAL,233266500
PRIORITY,NORMAL,233266900
PRIORITY,NORMAL,233267300
PRIORITY,NORMAL,233267900
PRIORITY,NORMAL,233265500
PRIORITY,NORMAL,233265800
PRIORITY,NORMAL,233266300
PRIORITY,NORMAL,233266900
PRIORITY,NORMAL,233267300
PRIORITY,NORMAL,233267800
PRIORITY,NORMAL,233268200
PRIORITY,NORMAL,233268700
PRIORITY,NORMAL,233269100
PRIORITY,NORMAL,233266800
PRIORITY,NORMAL,233267300
PRIORITY,NORMAL,233267700
PRIORITY,NORMAL,233268100
PRIORITY,NORMAL,233268700
PRIORITY,NORMAL,233269100
PRIORITY,NORMAL,233269600
PRIORITY,NORMAL,233270100
PRIORITY,NORMAL,233270500
PRIORITY,NORMAL,233267900
PRIORITY,NORMAL,233267900
PRIORITY,NORMAL,233268400
PRIORITY,NORMAL,233268900
PRIORITY,NORMAL,233269300
PRIORITY,NORMAL,233269800
PRIORITY,NORMAL,233270200
PRIORITY,NORMAL,233270600
PRIORITY,NORMAL,233270900
PRIORITY,NORMAL,233266500
PRIORITY,NORMAL,233266900
PRIORITY,NORMAL,233267500
PRIORITY,NORMAL,233267800
PRIORITY,NORMAL,233268200
PRIORITY,NORMAL,233268700
PRIORITY,NORMAL,233269100
PRIORITY,NORMAL,233269300
PRIORITY,NORMAL,233269600
PRIORITY,NORMAL,233267400
PRIORITY,NORMAL,233267700
PRIORITY,NORMAL,233268100
PRIORITY,NORMAL,233268600
PRIORITY,NORMAL,233269000
PRIORITY,NORMAL,233269500
PRIORITY,NORMAL,233269800
PRIORITY,NORMAL,233270700
PRIORITY,NORMAL,233271200
PRIORITY,NORMAL,233268900
PRIORITY,NORMAL,233269500
PRIORITY,NORMAL,233270100
PRIORITY,NORMAL,233270500
PRIORITY,NORMAL,233271100
PRIORITY,NORMAL,233271600
PRIORITY,NORMAL,233272000
PRIORITY,NORMAL,233272500
PRIORITY,NORMAL,233273000
PRIORITY,NORMAL,233270600
PRIORITY,NORMAL,233271100
PRIORITY,NORMAL,233271600
PRIORITY,NORMAL,233272100
PRIORITY,NORMAL,233272500
PRIORITY,NORMAL,233273000
PRIORITY,NORMAL,233273500
PRIORITY,NORMAL,233273900
PRIORITY,NORMAL,233274500
PRIORITY,NORMAL,233272200
PRIORITY,NORMAL,233272600
PRIORITY,NORMAL,233273000
PRIORITY,NORMAL,233273400
PRIORITY,NORMAL,233273800
PRIORITY,NORMAL,233274100
PRIORITY,NORMAL,233274600
PRIORITY,NORMAL,233274900
PRIORITY,NORMAL,233275300
PRIORITY,NORMAL,233273600
PRIORITY,NORMAL,233272300
PRIORITY,NORMAL,233272800
PRIORITY,NORMAL,233273100
PRIORITY,NORMAL,233273500
PRIORITY,NORMAL,233274100
PRIORITY,NORMAL,233274400
PRIORITY,NORMAL,233274900
PRIORITY,NORMAL,233275300
PRIORITY,NORMAL,233272900
PRIORITY,NORMAL,233273300
PRIORITY,NORMAL,233273700
PRIORITY,NORMAL,233274300
PRIORITY,NORMAL,233274800
PRIORITY,NORMAL,233275100
PRIORITY,NORMAL,233275600
PRIORITY,NORMAL,233275900
PRIORITY,NORMAL,233276300
PRIORITY,NORMAL,233273900
PRIORITY,NORMAL,233274400
PRIORITY,NORMAL,233274700
PRIORITY,NORMAL,233275000
PRIORITY,NORMAL,233275500
PRIORITY,NORMAL,233275900
PRIORITY,NORMAL,233276400
PRIORITY,NORMAL,233276800
PRIORITY,NORMAL,233277200
PRIORITY,NORMAL,233274900
PRIORITY,NORMAL,233275400
PRIORITY,NORMAL,233275700
PRIORITY,NORMAL,233276300
PRIORITY,NORMAL,233276600
PRIORITY,NORMAL,233277000
PRIORITY,NORMAL,233277400
PRIORITY,NORMAL,233277700
PRIORITY,NORMAL,233278200
PRIORITY,NORMAL,233276000
PRIORITY,NORMAL,233276300
PRIORITY,NORMAL,233276400
PRIORITY,NORMAL,233276900
PRIORITY,NORMAL,233277300
PRIORITY,NORMAL,233277800
PRIORITY,NORMAL,233278200
PRIORITY,NORMAL,233278600
PRIORITY,NORMAL,233279200
PRIORITY,NORMAL,233276900
PRIORITY,NORMAL,233277400
PRIORITY,NORMAL,233276000
PRIORITY,NORMAL,233276500
PRIORITY,NORMAL,233276900
PRIORITY,NORMAL,233277300
PRIORITY,NORMAL,233277700
PRIORITY,NORMAL,233278200
PRIORITY,NORMAL,233278700
PRIORITY,NORMAL,233276400
PRIORITY,NORMAL,233276800
PRIORITY,NORMAL,233276700
PRIORITY,NORMAL,233277400
PRIORITY,NORMAL,233277900
PRIORITY,NORMAL,233278300
PRIORITY,NORMAL,233278800
PRIORITY,NORMAL,233278800
PRIORITY,NORMAL,233279100
PRIORITY,NORMAL,233276800
PRIORITY,NORMAL,233277200
PRIORITY,NORMAL,233277600
PRIORITY,NORMAL,233277900
PRIORITY,NORMAL,233278300
PRIORITY,NORMAL,233278800
PRIORITY,NORMAL,233279100
PRIORITY,NORMAL,233279600
PRIORITY,NORMAL,233280000
PRIORITY,NORMAL,233277600
PRIORITY,NORMAL,233278000
PRIORITY,NORMAL,233278500
PRIORITY,NORMAL,233278800
PRIORITY,NORMAL,233279300
PRIORITY,NORMAL,233279800
PRIORITY,NORMAL,233280200
PRIORITY,NORMAL,233280600
PRIORITY,NORMAL,233281100
PRIORITY,NORMAL,233278900
PRIORITY,NORMAL,233279300
PRIORITY,NORMAL,233279800
PRIORITY,NORMAL,233280200
PRIORITY,NORMAL,233280500
PRIORITY,NORMAL,233280900
PRIORITY,NORMAL,233281400
PRIORITY,NORMAL,233282000
PRIORITY,NORMAL,233282500
PRIORITY,NORMAL,233280700
PRIORITY,NORMAL,233281100
PRIORITY,NORMAL,233281500
PRIORITY,NORMAL,233280100
PRIORITY,NORMAL,233280500
PRIORITY,NORMAL,233280900
PRIORITY,NORMAL,233281300
PRIORITY,NORMAL,233281700
PRIORITY,NORMAL,233282300
PRIORITY,NORMAL,233280100
PRIORITY,NORMAL,233280500
PRIORITY,NORMAL,233281100
PRIORITY,NORMAL,233281600
PRIORITY,NORMAL,233282100
PRIORITY,NORMAL,233282700
PRIORITY,NORMAL,233283300
PRIORITY,NORMAL,233283700
PRIORITY,NORMAL,233284200
PRIORITY,NORMAL,233281900
PRIORITY,NORMAL,233282300
PRIORITY,NORMAL,233282700
PRIORITY,NORMAL,233283200
PRIORITY,NORMAL,233283500
PRIORITY,NORMAL,233284100
PRIORITY,NORMAL,233284400
PRIORITY,NORMAL,233285100
PRIORITY,NORMAL,233285600
PRIORITY,NORMAL,233283300
PRIORITY,NORMAL,233283600
PRIORITY,NORMAL,233284200
PRIORITY,NORMAL,233284400
PRIORITY,NORMAL,233284700
PRIORITY,NORMAL,233285000
PRIORITY,NORMAL,233285500
PRIORITY,NORMAL,233286000
PRIORITY,NORMAL,233286400
PRIORITY,NORMAL,233284000
PRIORITY,NORMAL,233284300
PRIORITY,NORMAL,233284800
PRIORITY,NORMAL,233285100
PRIORITY,NORMAL,233285600
PRIORITY,NORMAL,233286000
PRIORITY,NORMAL,233286400
PRIORITY,NORMAL,233286900
PRIORITY,NORMAL,233287300
PRIORITY,NORMAL,233284700
PRIORITY,NORMAL,233285100
PRIORITY,NORMAL,233285400
PRIORITY,NORMAL,233285900
PRIORITY,NORMAL,233284500
PRIORITY,NORMAL,233284800
PRIORITY,NORMAL,233285200
PRIORITY,NORMAL,233285600
PRIORITY,NORMAL,233286100
PRIORITY,NORMAL,233283800
PRIORITY,NORMAL,233284400
PRIORITY,NORMAL,233284600
PRIORITY,NORMAL,233285100
PRIORITY,NORMAL,233285500
PRIORITY,NORMAL,233285900
PRIORITY,NORMAL,233286500
PRIORITY,NORMAL,233287000
PRIORITY,NORMAL,233287500
PRIORITY,NORMAL,233285500
PRIORITY,NORMAL,233285900
PRIORITY,NORMAL,233286300
PRIORITY,NORMAL,233286800
PRIORITY,NORMAL,233287300
PRIORITY,NORMAL,233287700
PRIORITY,NORMAL,233288100
PRIORITY,NORMAL,233288500
PRIORITY,NORMAL,233288900
PRIORITY,NORMAL,233286700
PRIORITY,NORMAL,233287500
PRIORITY,NORMAL,233287800
PRIORITY,NORMAL,233288100
PRIORITY,NORMAL,233288700
PRIORITY,NORMAL,233289000
PRIORITY,NORMAL,233289500
PRIORITY,NORMAL,233289800
PRIORITY,NORMAL,233290200
PRIORITY,NORMAL,233287800
PRIORITY,NORMAL,233288300
PRIORITY,NORMAL,233288700
PRIORITY,NORMAL,233289100
PRIORITY,NORMAL,233290000
PRIORITY,NORMAL,233290500
PRIORITY,NORMAL,233290900
PRIORITY,NORMAL,233291400
PRIORITY,NORMAL,233291900
PRIORITY,NORMAL,233289500
PRIORITY,NORMAL,233289800
PRIORITY,NORMAL,233289800
PRIORITY,NORMAL,233290100
PRIORITY,NORMAL,233290400
PRIORITY,NORMAL,233288900
PRIORITY,NORMAL,233289300
PRIORITY,NORMAL,233290000
PRIORITY,NORMAL,233290600
PRIORITY,NORMAL,233288100
PRIORITY,NORMAL,233288500
PRIORITY,NORMAL,233288900
PRIORITY,NORMAL,233289300
PRIORITY,NORMAL,233289700
PRIORITY,NORMAL,233290200
PRIORITY,NORMAL,233290600
PRIORITY,NORMAL,233291100
PRIORITY,NORMAL,233291500
PRIORITY,NORMAL,233289100
PRIORITY,NORMAL,233289200
PRIORITY,NORMAL,233289700
PRIORITY,NORMAL,233290200
PRIORITY,NORMAL,233292300
PRIORITY,NORMAL,233299400
PRIORITY,NORMAL,233300100
PRIORITY,NORMAL,233300500
PRIORITY,NORMAL,233300900
PRIORITY,NORMAL,233298700
PRIORITY,NORMAL,233299200
PRIORITY,NORMAL,233299600
PRIORITY,NORMAL,233300100
PRIORITY,NORMAL,233300600
PRIORITY,NORMAL,233301100
PRIORITY,NORMAL,233301500
PRIORITY,NORMAL,233301900
PRIORITY,NORMAL,233302400
PRIORITY,NORMAL,233300700
PRIORITY,NORMAL,233301200
PRIORITY,NORMAL,233301700
PRIORITY,NORMAL,233302200
PRIORITY,NORMAL,233302800
PRIORITY,NORMAL,233303200
PRIORITY,NORMAL,233303600
PRIORITY,NORMAL,233304000
PRIORITY,NORMAL,233304500
PRIORITY,NORMAL,233302000
PRIORITY,NORMAL,233302400
PRIORITY,NORMAL,233302800
PRIORITY,NORMAL,233303200
PRIORITY,NORMAL,233303700
PRIORITY,NORMAL,233304100
PRIORITY,NORMAL,233304500
PRIORITY,NORMAL,233303100
PRIORITY,NORMAL,233304000
PRIORITY,NORMAL,233301300
PRIORITY,NORMAL,233301700
PRIORITY,NORMAL,233302100
PRIORITY,NORMAL,233302800
PRIORITY,NORMAL,233303200
PRIORITY,NORMAL,233303600
PRIORITY,NORMAL,233304000
PRIORITY,NORMAL,233304400
PRIORITY,NORMAL,233304900
PRIORITY,NORMAL,233302500
PRIORITY,NORMAL,233303100
PRIORITY,NORMAL,233303500
PRIORITY,NORMAL,233303900
PRIORITY,NORMAL,233304300
PRIORITY,NORMAL,233304600
PRIORITY,NORMAL,233305100
PRIORITY,NORMAL,233305500
PRIORITY,NORMAL,233305900
PRIORITY,NORMAL,233303700
PRIORITY,NORMAL,233304100
PRIORITY,NORMAL,233304500
PRIORITY,NORMAL,233304900
PRIORITY,NORMAL,233305400
PRIORITY,NORMAL,233305800
PRIORITY,NORMAL,233306300
PRIORITY,NORMAL,233306800
PRIORITY,NORMAL,233307200
PRIORITY,NORMAL,233304900
PRIORITY,NORMAL,233305500
PRIORITY,NORMAL,233305900
PRIORITY,NORMAL,233306400
PRIORITY,NORMAL,233306800
PRIORITY,NORMAL,233307200
PRIORITY,NORMAL,233307500
PRIORITY,NORMAL,233307900
PRIORITY,NORMAL,233308400
PRIORITY,NORMAL,233306100
PRIORITY,NORMAL,233306600
PRIORITY,NORMAL,233307400
PRIORITY,NORMAL,233307900
PRIORITY,NORMAL,233308400
PRIORITY,NORMAL,233308900
PRIORITY,NORMAL,233309300
PRIORITY,NORMAL,233309700
PRIORITY,NORMAL,233308400
PRIORITY,NORMAL,233306100
PRIORITY,NORMAL,233306600
PRIORITY,NORMAL,233306900
PRIORITY,NORMAL,233307300
PRIORITY,NORMAL,233307800
PRIORITY,NORMAL,233307900
PRIORITY,NORMAL,233305800
PRIORITY,NORMAL,233304200
PRIORITY,NORMAL,233302700
PRIORITY,NORMAL,233297100
PRIORITY,NORMAL,233296100
PRIORITY,NORMAL,233291300
PRIORITY,NORMAL,233286500
PRIORITY,NORMAL,233284600
PRIORITY,NORMAL,233282600
PRIORITY,NORMAL,233280700
PRIORITY,NORMAL,233278700
PRIORITY,NORMAL,233277000
PRIORITY,NORMAL,233269900
PRIORITY,NORMAL,233268000
PRIORITY,NORMAL,233265700
PRIORITY,NORMAL,233264200
PRIORITY,NORMAL,233263100
PRIORITY,NORMAL,233261100
PRIORITY,NORMAL,233259200
PRIORITY,NORMAL,233257300
PRIORITY,NORMAL,233255400
PRIORITY,NORMAL,233248900
PRIORITY,NORMAL,233245200
PRIORITY,NORMAL,233236900
PRIORITY,NORMAL,233235900
PRIORITY,NORMAL,233236100
PRIORITY,NORMAL,233236500
PRIORITY,NORMAL,233236700
PRIORITY,NORMAL,233237100
PRIORITY,NORMAL,233237400
PRIORITY,NORMAL,233234900
PRIORITY,NORMAL,233235800
PRIORITY,NORMAL,233236200
PRIORITY,NORMAL,233236500
PRIORITY,NORMAL,233236900
PRIORITY,NORMAL,233237400
PRIORITY,NORMAL,233237800
PRIORITY,NORMAL,233238300
PRIORITY,NORMAL,233238900
PRIORITY,NORMAL,233234600
PRIORITY,NORMAL,233235000
PRIORITY,NORMAL,233235400
PRIORITY,NORMAL,233235900
PRIORITY,NORMAL,233236600
PRIORITY,NORMAL,233237100
PRIORITY,NORMAL,233237400
PRIORITY,NORMAL,233237900
PRIORITY,NORMAL,233238400
PRIORITY,NORMAL,233236100
PRIORITY,NORMAL,233236700
PRIORITY,NORMAL,233237200
PRIORITY,NORMAL,233237600
PRIORITY,NORMAL,233237800
PRIORITY,NORMAL,233238200
PRIORITY,NORMAL,233238600
PRIORITY,NORMAL,233239500
PRIORITY,NORMAL,233239900
PRIORITY,NORMAL,233237600
PRIORITY,NORMAL,233238000
PRIORITY,NORMAL,233238500
PRIORITY,NORMAL,233239000
PRIORITY,NORMAL,233239400
PRIORITY,NORMAL,233240400
PRIORITY,NORMAL,233240800
PRIORITY,NORMAL,233242500
PRIORITY,NORMAL,233242600
PRIORITY,NORMAL,233240300
PRIORITY,NORMAL,233240500
PRIORITY,NORMAL,233241800
PRIORITY,NORMAL,233242800
PRIORITY,NORMAL,233243200
PRIORITY,NORMAL,233243600
PRIORITY,NORMAL,233244500
PRIORITY,NORMAL,233245000
PRIORITY,NORMAL,233245400
PRIORITY,NORMAL,233243000
PRIORITY,NORMAL,233243400
PRIORITY,NORMAL,233243800
PRIORITY,NORMAL,233244200
PRIORITY,NORMAL,233244500
PRIORITY,NORMAL,233245000
PRIORITY,NORMAL,233245300
PRIORITY,NORMAL,233245700
PRIORITY,NORMAL,233245900
PRIORITY,NORMAL,233241400
PRIORITY,NORMAL,233241600
PRIORITY,NORMAL,233242100
PRIORITY,NORMAL,233242400
PRIORITY,NORMAL,233242900
PRIORITY,NORMAL,233243500
PRIORITY,NORMAL,233243900
PRIORITY,NORMAL,233244300
PRIORITY,NORMAL,233244900
PRIORITY,NORMAL,233242700
PRIORITY,NORMAL,233243300
PRIORITY,NORMAL,233243900
PRIORITY,NORMAL,233244300
PRIORITY,NORMAL,233244600
PRIORITY,NORMAL,233245200
PRIORITY,NORMAL,233245600
PRIORITY,NORMAL,233245900
PRIORITY,NORMAL,233246300
PRIORITY,NORMAL,233243900
PRIORITY,NORMAL,233244400
PRIORITY,NORMAL,233244800
PRIORITY,NORMAL,233245400
PRIORITY,NORMAL,233245800
PRIORITY,NORMAL,233246200
PRIORITY,NORMAL,233246500
PRIORITY,NORMAL,233247000
PRIORITY,NORMAL,233247500
PRIORITY,NORMAL,233245100
PRIORITY,NORMAL,233245500
PRIORITY,NORMAL,233245900
PRIORITY,NORMAL,233245700
PRIORITY,NORMAL,233246000
PRIORITY,NORMAL,233246500
PRIORITY,NORMAL,233246900
PRIORITY,NORMAL,233247300
PRIORITY,NORMAL,233103000
PRIORITY,NORMAL,233100700
PRIORITY,NORMAL,233101300
PRIORITY,NORMAL,233101800
PRIORITY,NORMAL,233102200
PRIORITY,NORMAL,233102600
PRIORITY,NORMAL,233103000
PRIORITY,NORMAL,233103400
PRIORITY,NORMAL,233103800
PRIORITY,NORMAL,233104200
PRIORITY,NORMAL,233101900
PRIORITY,NORMAL,233100400
PRIORITY,NORMAL,233100800
PRIORITY,NORMAL,233101100
PRIORITY,NORMAL,233101600
PRIORITY,NORMAL,233102000
PRIORITY,NORMAL,233102500
PRIORITY,NORMAL,233102900
PRIORITY,NORMAL,233103300
PRIORITY,NORMAL,233101100
PRIORITY,NORMAL,233101200
PRIORITY,NORMAL,233101700
PRIORITY,NORMAL,233101800
PRIORITY,NORMAL,233102100
PRIORITY,NORMAL,233102500
PRIORITY,NORMAL,233102700
PRIORITY,NORMAL,233103000
PRIORITY,NORMAL,233103200
PRIORITY,NORMAL,233100800
PRIORITY,NORMAL,233101300
PRIORITY,NORMAL,233101800
PRIORITY,NORMAL,233102400
PRIORITY,NORMAL,233102900
PRIORITY,NORMAL,233103300
PRIORITY,NORMAL,233103800
PRIORITY,NORMAL,233104500
PRIORITY,NORMAL,233105000
PRIORITY,NORMAL,233102700
PRIORITY,NORMAL,233103300
PRIORITY,NORMAL,233103800
PRIORITY,NORMAL,233104400
PRIORITY,NORMAL,233104900
PRIORITY,NORMAL,233105300
PRIORITY,NORMAL,233105800
PRIORITY,NORMAL,233106300
PRIORITY,NORMAL,233106700
PRIORITY,NORMAL,233104300
PRIORITY,NORMAL,233104900
PRIORITY,NORMAL,233105400
PRIORITY,NORMAL,233105500
PRIORITY,NORMAL,233105800
PRIORITY,NORMAL,233106100
PRIORITY,NORMAL,233106600
PRIORITY,NORMAL,233106400
PRIORITY,NORMAL,233106800
PRIORITY,NORMAL,233104600
PRIORITY,NORMAL,233105200
PRIORITY,NORMAL,233103800
PRIORITY,NORMAL,233104100
PRIORITY,NORMAL,233104500
PRIORITY,NORMAL,233104900
PRIORITY,NORMAL,233105400
PRIORITY,NORMAL,233105700
PRIORITY,NORMAL,233106100
PRIORITY,NORMAL,233103800
PRIORITY,NORMAL,233104200
PRIORITY,NORMAL,233104700
PRIORITY,NORMAL,233105200
PRIORITY,NORMAL,233105700
PRIORITY,NORMAL,233106000
PRIORITY,NORMAL,233106400
PRIORITY,NORMAL,233106800
PRIORITY,NORMAL,233107300
PRIORITY,NORMAL,233104900
PRIORITY,NORMAL,233105300
PRIORITY,NORMAL,233105600
PRIORITY,NORMAL,233106000
PRIORITY,NORMAL,233106400
PRIORITY,NORMAL,233106500
PRIORITY,NORMAL,233107000
PRIORITY,NORMAL,233107400
PRIORITY,NORMAL,233107600
PRIORITY,NORMAL,233105200
PRIORITY,NORMAL,233105500
PRIORITY,NORMAL,233105900
PRIORITY,NORMAL,233106600
PRIORITY,NORMAL,233106900
PRIORITY,NORMAL,233107200
PRIORITY,NORMAL,233107500
PRIORITY,NORMAL,233107900
PRIORITY,NORMAL,233108100
PRIORITY,NORMAL,233105300
PRIORITY,NORMAL,233105300
PRIORITY,NORMAL,233105700
PRIORITY,NORMAL,233105900
PRIORITY,NORMAL,233106200
PRIORITY,NORMAL,233106600
PRIORITY,NORMAL,233106600
PRIORITY,NORMAL,233105700
PRIORITY,NORMAL,232980700
PRIORITY,LOW,278683000
PRIORITY,LOW,278658500
PRIORITY,LOW,278633900
PRIORITY,LOW,278583700
PRIORITY,LOW,278559500
PRIORITY,LOW,278521300
PRIORITY,LOW,278505000
PRIORITY,LOW,278476500
PRIORITY,LOW,278435400
PRIORITY,LOW,278377900
PRIORITY,LOW,278339100
PRIORITY,LOW,278314300
PRIORITY,LOW,278283300
PRIORITY,LOW,278259100
PRIORITY,LOW,278215200
PRIORITY,LOW,278190800
PRIORITY,LOW,278166000
PRIORITY,LOW,278120600
PRIORITY,LOW,278063600
PRIORITY,LOW,278038600
PRIORITY,LOW,278013900
PRIORITY,LOW,277969400
PRIORITY,LOW,277940400
PRIORITY,LOW,277915600
PRIORITY,LOW,277890900
PRIORITY,LOW,277866000
PRIORITY,LOW,277810000
PRIORITY,LOW,277757400
PRIORITY,LOW,277733100
PRIORITY,LOW,277699900
PRIORITY,LOW,277654300
PRIORITY,LOW,277630000
PRIORITY,LOW,277605600
PRIORITY,LOW,277580400
PRIORITY,LOW,277555700
PRIORITY,LOW,277513900
PRIORITY,LOW,277452900
PRIORITY,LOW,277428500
PRIORITY,LOW,277404000
PRIORITY,LOW,277352000
PRIORITY,LOW,277327700
PRIORITY,LOW,277303600
PRIORITY,LOW,277279000
PRIORITY,LOW,277254700
PRIORITY,LOW,277228400
PRIORITY,LOW,277127500
PRIORITY,LOW,277095000
PRIORITY,LOW,277038600
PRIORITY,LOW,276953800
PRIORITY,LOW,276909300
PRIORITY,LOW,276833300
PRIORITY,LOW,276759700
PRIORITY,LOW,276702900
PRIORITY,LOW,276679000
PRIORITY,LOW,276624400
PRIORITY,LOW,276600500
PRIORITY,LOW,276576600
PRIORITY,LOW,276528000
PRIORITY,LOW,276501900
PRIORITY,LOW,276456700
PRIORITY,LOW,276432500
PRIORITY,LOW,276408600
PRIORITY,LOW,276384500
PRIORITY,LOW,276330700
PRIORITY,LOW,276306400
PRIORITY,LOW,276282500
PRIORITY,LOW,276236200
PRIORITY,LOW,276209800
PRIORITY,LOW,276185700
PRIORITY,LOW,276161400
PRIORITY,LOW,276137200
PRIORITY,LOW,276113300
PRIORITY,LOW,276059400
PRIORITY,LOW,276034800
PRIORITY,LOW,275994400
PRIORITY,LOW,275969900
PRIORITY,LOW,275904700
PRIORITY,LOW,275880700
PRIORITY,LOW,275856500
PRIORITY,LOW,275832300
PRIORITY,LOW,275808200
PRIORITY,LOW,275754800
PRIORITY,LOW,275730600
PRIORITY,LOW,275706600
PRIORITY,LOW,275682300
PRIORITY,LOW,275656800
PRIORITY,LOW,275632400
PRIORITY,LOW,275608400
PRIORITY,LOW,275584200
PRIORITY,LOW,275559900
PRIORITY,LOW,275485100
PRIORITY,LOW,275460800
PRIORITY,LOW,275436900
PRIORITY,LOW,275412600
PRIORITY,LOW,275351500
PRIORITY,LOW,275327200
PRIORITY,LOW,275303100
PRIORITY,LOW,275278900
PRIORITY,LOW,275254700
PRIORITY,LOW,275201500
PRIORITY,LOW,275177600
PRIORITY,LOW,275153600
PRIORITY,LOW,275129100
PRIORITY,LOW,275104900
PRIORITY,LOW,275078700
PRIORITY,LOW,275033300
PRIORITY,LOW,275009200
PRIORITY,LOW,274985100
PRIORITY,LOW,274931900
PRIORITY,LOW,274907800
PRIORITY,LOW,274883800
PRIORITY,LOW,274859700
PRIORITY,LOW,274800300
PRIORITY,LOW,274774100
PRIORITY,LOW,274749900
PRIORITY,LOW,274725600
PRIORITY,LOW,274701100
PRIORITY,LOW,274648100
PRIORITY,LOW,274624000
PRIORITY,LOW,274600500
PRIORITY,LOW,274541400
PRIORITY,LOW,274517200
PRIORITY,LOW,274491400
PRIORITY,LOW,274467700
PRIORITY,LOW,274443600
PRIORITY,LOW,274419400
PRIORITY,LOW,274365700
PRIORITY,LOW,274341400
PRIORITY,LOW,274317800
PRIORITY,LOW,274293600
PRIORITY,LOW,274269600
PRIORITY,LOW,274208100
PRIORITY,LOW,274183900
PRIORITY,LOW,274159100
PRIORITY,LOW,274134600
PRIORITY,LOW,274081500
PRIORITY,LOW,274057200
PRIORITY,LOW,274033400
PRIORITY,LOW,274009100
PRIORITY,LOW,273985000
PRIORITY,LOW,273960800
PRIORITY,LOW,273934700
PRIORITY,LOW,273910500
PRIORITY,LOW,273886400
PRIORITY,LOW,273834800
PRIORITY,LOW,273808200
PRIORITY,LOW,273784200
PRIORITY,LOW,273759700
PRIORITY,LOW,273735600
PRIORITY,LOW,273648000
PRIORITY,LOW,273622000
PRIORITY,LOW,273570000
PRIORITY,LOW,273545600
PRIORITY,LOW,273493700
PRIORITY,LOW,273467800
PRIORITY,LOW,273443700
PRIORITY,LOW,273419400
PRIORITY,LOW,273395300
PRIORITY,LOW,273371000
PRIORITY,LOW,273344900
PRIORITY,LOW,273321000
PRIORITY,LOW,273296700
PRIORITY,LOW,273245400
PRIORITY,LOW,273219500
PRIORITY,LOW,273195300
PRIORITY,LOW,273171100
PRIORITY,LOW,273146800
PRIORITY,LOW,273122500
PRIORITY,LOW,273096600
PRIORITY,LOW,273072600
PRIORITY,LOW,273048500
PRIORITY,LOW,272997100
PRIORITY,LOW,272971300
PRIORITY,LOW,272947100
PRIORITY,LOW,272922600
PRIORITY,LOW,272898100
PRIORITY,LOW,272873800
PRIORITY,LOW,272849900
PRIORITY,LOW,272768200
PRIORITY,LOW,272744100
PRIORITY,LOW,272692300
PRIORITY,LOW,272628400
PRIORITY,LOW,272602300
PRIORITY,LOW,272578000
PRIORITY,LOW,272553800
PRIORITY,LOW,272529300
PRIORITY,LOW,272439300
PRIORITY,LOW,272413300
PRIORITY,LOW,272389200
PRIORITY,LOW,272337800
PRIORITY,LOW,272313500
PRIORITY,LOW,272287500
PRIORITY,LOW,272263500
PRIORITY,LOW,272239500
PRIORITY,LOW,272215600
PRIORITY,LOW,272191300
PRIORITY,LOW,272164900
PRIORITY,LOW,272140800
PRIORITY,LOW,272089200
PRIORITY,LOW,272065200
PRIORITY,LOW,272039000
PRIORITY,LOW,272015300
PRIORITY,LOW,271991100
PRIORITY,LOW,271967100
PRIORITY,LOW,271943000
PRIORITY,LOW,271916900
PRIORITY,LOW,271892700
PRIORITY,LOW,271841000
PRIORITY,LOW,271816700
PRIORITY,LOW,271790700
PRIORITY,LOW,271766500
PRIORITY,LOW,271742400
PRIORITY,LOW,271680800
PRIORITY,LOW,271656600
PRIORITY,LOW,271630200
PRIORITY,LOW,271606000
PRIORITY,LOW,271554200
PRIORITY,LOW,271529900
PRIORITY,LOW,271505800
PRIORITY,LOW,271479500
PRIORITY,LOW,271455300
PRIORITY,LOW,271431200
PRIORITY,LOW,271406700
PRIORITY,LOW,271302800
PRIORITY,LOW,271276200
PRIORITY,LOW,271224500
PRIORITY,LOW,271200000
PRIORITY,LOW,271177300
PRIORITY,LOW,271151400
PRIORITY,LOW,271127500
PRIORITY,LOW,271103700
PRIORITY,LOW,271079700
PRIORITY,LOW,271055700
PRIORITY,LOW,271029700
PRIORITY,LOW,270978000
PRIORITY,LOW,270953700
PRIORITY,LOW,270929500
PRIORITY,LOW,270903300
PRIORITY,LOW,270879200
PRIORITY,LOW,270866600
PRIORITY,LOW,270842300
PRIORITY,LOW,270817700
PRIORITY,LOW,270791200
PRIORITY,LOW,270699200
PRIORITY,LOW,270674800
PRIORITY,LOW,270650700
PRIORITY,LOW,270624500
PRIORITY,LOW,270600900
PRIORITY,LOW,270576600
PRIORITY,LOW,270552400
PRIORITY,LOW,270528300
PRIORITY,LOW,270501700
PRIORITY,LOW,270450200
PRIORITY,LOW,270426200
PRIORITY,LOW,270401800
PRIORITY,LOW,270375500
PRIORITY,LOW,270351100
PRIORITY,LOW,270326300
PRIORITY,LOW,270302100
PRIORITY,LOW,270277400
PRIORITY,LOW,270187700
PRIORITY,LOW,270133800
PRIORITY,LOW,270109900
PRIORITY,LOW,270085900
PRIORITY,LOW,270061800
PRIORITY,LOW,270035600
PRIORITY,LOW,270011300
PRIORITY,LOW,269987200
PRIORITY,LOW,269962900
PRIORITY,LOW,269938800
PRIORITY,LOW,269885000
PRIORITY,LOW,269860800
PRIORITY,LOW,269836900
PRIORITY,LOW,269742300
PRIORITY,LOW,269716300
PRIORITY,LOW,269692100
PRIORITY,LOW,269668200
PRIORITY,LOW,269643800
PRIORITY,LOW,269619700
PRIORITY,LOW,269565600
PRIORITY,LOW,269541200
PRIORITY,LOW,269517300
PRIORITY,LOW,269493200
PRIORITY,LOW,269466900
PRIORITY,LOW,269442700
PRIORITY,LOW,269418500
PRIORITY,LOW,269394300
PRIORITY,LOW,269370000
PRIORITY,LOW,269316400
PRIORITY,LOW,269291700
PRIORITY,LOW,269268600
PRIORITY,LOW,269251800
PRIORITY,LOW,269225900
PRIORITY,LOW,269201500
PRIORITY,LOW,269176600
PRIORITY,LOW,269152400
PRIORITY,LOW,269127800
PRIORITY,LOW,268932900
PRIORITY,LOW,268908700
PRIORITY,LOW,268884900
PRIORITY,LOW,268861000
PRIORITY,LOW,268837100
PRIORITY,LOW,268810800
PRIORITY,LOW,268787100
PRIORITY,LOW,268763200
PRIORITY,LOW,268740100
PRIORITY,LOW,268685800
PRIORITY,LOW,268662100
PRIORITY,LOW,268638800
PRIORITY,LOW,268614400
PRIORITY,LOW,268591100
PRIORITY,LOW,268566600
PRIORITY,LOW,268543300
PRIORITY,LOW,268520200
PRIORITY,LOW,268495800
PRIORITY,LOW,268442800
PRIORITY,LOW,268419100
PRIORITY,LOW,268395200
PRIORITY,LOW,268370900
PRIORITY,LOW,268346400
PRIORITY,LOW,268320200
PRIORITY,LOW,268296200
PRIORITY,LOW,268272200
PRIORITY,LOW,268248100
PRIORITY,LOW,268194000
PRIORITY,LOW,268169600
PRIORITY,LOW,268145600
PRIORITY,LOW,268121300
PRIORITY,LOW,268096900
PRIORITY,LOW,268070300
PRIORITY,LOW,268046100
PRIORITY,LOW,268022000
PRIORITY,LOW,267998100
PRIORITY,LOW,267944600
PRIORITY,LOW,267853800
PRIORITY,LOW,267829700
PRIORITY,LOW,267805400
PRIORITY,LOW,267781300
PRIORITY,LOW,267757200
PRIORITY,LOW,267730800
PRIORITY,LOW,267706500
PRIORITY,LOW,267682300
PRIORITY,LOW,267631000
PRIORITY,LOW,267604400
PRIORITY,LOW,267580000
PRIORITY,LOW,267555200
PRIORITY,LOW,267531000
PRIORITY,LOW,267506200
PRIORITY,LOW,267480000
PRIORITY,LOW,267455900
PRIORITY,LOW,267431900
PRIORITY,LOW,267380200
PRIORITY,LOW,267354100
PRIORITY,LOW,267329600
PRIORITY,LOW,267305600
PRIORITY,LOW,267281600
PRIORITY,LOW,267257300
PRIORITY,LOW,267231000
PRIORITY,LOW,267206900
PRIORITY,LOW,267182500
PRIORITY,LOW,267131000
PRIORITY,LOW,267103300
PRIORITY,LOW,267078700
PRIORITY,LOW,267054400
PRIORITY,LOW,267030300
PRIORITY,LOW,267013600
PRIORITY,LOW,266987300
PRIORITY,LOW,266963000
PRIORITY,LOW,266938800
PRIORITY,LOW,266751800
PRIORITY,LOW,266725400
PRIORITY,LOW,266701100
PRIORITY,LOW,266677000
PRIORITY,LOW,266652700
PRIORITY,LOW,266628300
PRIORITY,LOW,266602100
PRIORITY,LOW,266577800
PRIORITY,LOW,266553800
PRIORITY,LOW,266502900
PRIORITY,LOW,266478900
PRIORITY,LOW,266452400
PRIORITY,LOW,266428200
PRIORITY,LOW,266403500
PRIORITY,LOW,266379400
PRIORITY,LOW,266355100
PRIORITY,LOW,266328700
PRIORITY,LOW,266304600
PRIORITY,LOW,266253100
PRIORITY,LOW,266228800
PRIORITY,LOW,266202400
PRIORITY,LOW,266178800
PRIORITY,LOW,266154600
PRIORITY,LOW,266130600
PRIORITY,LOW,266106400
PRIORITY,LOW,266079700
PRIORITY,LOW,266055200
PRIORITY,LOW,265935100
PRIORITY,LOW,265911300
PRIORITY,LOW,265885200
PRIORITY,LOW,265861100
PRIORITY,LOW,265836800
PRIORITY,LOW,265812600
PRIORITY,LOW,265788400
PRIORITY,LOW,265762300
PRIORITY,LOW,265738100
PRIORITY,LOW,265686100
PRIORITY,LOW,265661900
PRIORITY,LOW,265635700
PRIORITY,LOW,265611800
PRIORITY,LOW,265587600
PRIORITY,LOW,265563700
PRIORITY,LOW,265539600
PRIORITY,LOW,265513600
PRIORITY,LOW,265489100
PRIORITY,LOW,265437600
PRIORITY,LOW,265413600
PRIORITY,LOW,265389600
PRIORITY,LOW,265363300
PRIORITY,LOW,265339100
PRIORITY,LOW,265315000
PRIORITY,LOW,265290800
PRIORITY,LOW,265266800
PRIORITY,LOW,265240700
PRIORITY,LOW,265189300
PRIORITY,LOW,265165400
PRIORITY,LOW,265140900
PRIORITY,LOW,265114900
PRIORITY,LOW,265090400
PRIORITY,LOW,265066200
PRIORITY,LOW,265041700
PRIORITY,LOW,265017300
PRIORITY,LOW,264991500
PRIORITY,LOW,264940100
PRIORITY,LOW,264916200
PRIORITY,LOW,264892300
PRIORITY,LOW,264865900
PRIORITY,LOW,264841700
PRIORITY,LOW,264817500
PRIORITY,LOW,264793400
PRIORITY,LOW,264769200
PRIORITY,LOW,264743400
PRIORITY,LOW,264691400
PRIORITY,LOW,264667600
PRIORITY,LOW,264643100
PRIORITY,LOW,264616200
PRIORITY,LOW,264590900
PRIORITY,LOW,264433800
PRIORITY,LOW,264409800
PRIORITY,LOW,264385700
PRIORITY,LOW,264359300
PRIORITY,LOW,264307000
PRIORITY,LOW,264283000
PRIORITY,LOW,264258700
PRIORITY,LOW,264232500
PRIORITY,LOW,264374700
PRIORITY,LOW,264351700
PRIORITY,LOW,264327500
PRIORITY,LOW,264238700
PRIORITY,LOW,264214000
PRIORITY,LOW,264160100
PRIORITY,LOW,264135900
PRIORITY,LOW,264111700
PRIORITY,LOW,264087300
PRIORITY,LOW,264061000
PRIORITY,LOW,264037100
PRIORITY,LOW,264013000
PRIORITY,LOW,263988500
PRIORITY,LOW,263964100
PRIORITY,LOW,263910300
PRIORITY,LOW,263886200
PRIORITY,LOW,263861700
PRIORITY,LOW,263837400
PRIORITY,LOW,263810800
PRIORITY,LOW,263786900
PRIORITY,LOW,263762800
PRIORITY,LOW,263738800
PRIORITY,LOW,263714800
PRIORITY,LOW,263660700
PRIORITY,LOW,263636400
PRIORITY,LOW,263612000
PRIORITY,LOW,263587800
PRIORITY,LOW,263561700
PRIORITY,LOW,263537500
PRIORITY,LOW,263513300
PRIORITY,LOW,263489100
PRIORITY,LOW,263464600
PRIORITY,LOW,263411200
PRIORITY,LOW,263387000
PRIORITY,LOW,263362500
PRIORITY,LOW,263338500
PRIORITY,LOW,263290500
PRIORITY,LOW,263233300
PRIORITY,LOW,263200200
PRIORITY,LOW,263167800
PRIORITY,LOW,263134300
PRIORITY,LOW,263058700
PRIORITY,LOW,263013400
PRIORITY,LOW,262962700
PRIORITY,LOW,262912200
PRIORITY,LOW,262850100
PRIORITY,LOW,262789600
PRIORITY,LOW,262715700
PRIORITY,LOW,262655900
PRIORITY,LOW,262605200
PRIORITY,LOW,262469900
PRIORITY,LOW,262368600
PRIORITY,LOW,262306100
PRIORITY,LOW,262258700
PRIORITY,LOW,262210300
PRIORITY,LOW,262162300
PRIORITY,LOW,262100800
PRIORITY,LOW,262024100
PRIORITY,LOW,261975600
PRIORITY,LOW,261813800
PRIORITY,LOW,261754800
PRIORITY,LOW,261695900
PRIORITY,LOW,261619700
PRIORITY,LOW,261284200
PRIORITY,LOW,261080400
PRIORITY,LOW,261043900
PRIORITY,LOW,261004100
PRIORITY,LOW,260966000
PRIORITY,LOW,260318800
PRIORITY,LOW,260259200
PRIORITY,LOW,260179600
PRIORITY,LOW,260102900
PRIORITY,LOW,260032500
PRIORITY,LOW,259962300
PRIORITY,LOW,259890900
PRIORITY,LOW,259830700
PRIORITY,LOW,259763500
PRIORITY,LOW,259617800
PRIORITY,LOW,259524700
PRIORITY,LOW,259447000
PRIORITY,LOW,259362900
PRIORITY,LOW,259280500
PRIORITY,LOW,259197800
PRIORITY,LOW,259114700
PRIORITY,LOW,259042700
PRIORITY,LOW,258995300
PRIORITY,LOW,258899400
PRIORITY,LOW,258851300
PRIORITY,LOW,258791700
PRIORITY,LOW,258698100
PRIORITY,LOW,258601000
PRIORITY,LOW,258522300
PRIORITY,LOW,258467800
PRIORITY,LOW,258374300
PRIORITY,LOW,258284300
PRIORITY,LOW,258093200
PRIORITY,LOW,258019200
PRIORITY,LOW,257947200
PRIORITY,LOW,257876100
PRIORITY,LOW,257803700
PRIORITY,LOW,257730900
PRIORITY,LOW,257641900
PRIORITY,LOW,257568000
PRIORITY,LOW,257492500
PRIORITY,LOW,257391800
PRIORITY,LOW,257318800
PRIORITY,LOW,257143500
PRIORITY,LOW,257060100
PRIORITY,LOW,257004500
PRIORITY,LOW,256964500
PRIORITY,LOW,256827600
PRIORITY,LOW,256762700
PRIORITY,LOW,256677700
PRIORITY,LOW,256536600
PRIORITY,LOW,256456900
PRIORITY,LOW,256389600
PRIORITY,LOW,256317400
PRIORITY,LOW,256244300
PRIORITY,LOW,256177500
PRIORITY,LOW,256095900
PRIORITY,LOW,256025600
PRIORITY,LOW,255902000
PRIORITY,LOW,255716400
PRIORITY,LOW,255649000
PRIORITY,LOW,255572800
PRIORITY,LOW,255502000
PRIORITY,LOW,255431700
PRIORITY,LOW,255361300
PRIORITY,LOW,251632700
PRIORITY,LOW,251555300
PRIORITY,LOW,251482000
PRIORITY,LOW,251322400
PRIORITY,LOW,251280200
PRIORITY,LOW,251109100
PRIORITY,LOW,251074800
PRIORITY,LOW,251012400
PRIORITY,LOW,250954700
PRIORITY,LOW,250903100
PRIORITY,LOW,250859900
PRIORITY,LOW,250825000
PRIORITY,LOW,250734500
PRIORITY,LOW,250603100
PRIORITY,LOW,250557200
PRIORITY,LOW,250307700
PRIORITY,LOW,250239600
PRIORITY,LOW,250185700
PRIORITY,LOW,250139900
PRIORITY,LOW,250093200
PRIORITY,LOW,250048500
PRIORITY,LOW,249925800
PRIORITY,LOW,249850100
PRIORITY,LOW,249774800
PRIORITY,LOW,249719200
PRIORITY,LOW,249631700
PRIORITY,LOW,249578900
PRIORITY,LOW,249534200
PRIORITY,LOW,249485200
PRIORITY,LOW,249437800
PRIORITY,LOW,249339000
PRIORITY,LOW,249292700
PRIORITY,LOW,249245200
PRIORITY,LOW,249196100
PRIORITY,LOW,249148900
PRIORITY,LOW,249101100
PRIORITY,LOW,249162000
PRIORITY,LOW,249115200
PRIORITY,LOW,249066300
PRIORITY,LOW,248953500
PRIORITY,LOW,248905700
PRIORITY,LOW,248858800
PRIORITY,LOW,248798300
PRIORITY,LOW,248748900
PRIORITY,LOW,248723400
PRIORITY,LOW,248699000
PRIORITY,LOW,248674600
PRIORITY,LOW,248646700
PRIORITY,LOW,248594400
PRIORITY,LOW,248569000
PRIORITY,LOW,248544800
PRIORITY,LOW,248518200
PRIORITY,LOW,248492700
PRIORITY,LOW,248467100
PRIORITY,LOW,248414800
PRIORITY,LOW,248386300
PRIORITY,LOW,248359800
PRIORITY,LOW,248307000
PRIORITY,LOW,248282400
PRIORITY,LOW,248128000
PRIORITY,LOW,248101700
PRIORITY,LOW,248077300
PRIORITY,LOW,248053500
PRIORITY,LOW,248029200
PRIORITY,LOW,248000900
PRIORITY,LOW,247974900
PRIORITY,LOW,247921900
PRIORITY,LOW,247897700
PRIORITY,LOW,247873500
PRIORITY,LOW,247848200
PRIORITY,LOW,247822100
PRIORITY,LOW,247797800
PRIORITY,LOW,247772800
PRIORITY,LOW,247748600
PRIORITY,LOW,247724100
PRIORITY,LOW,247669900
PRIORITY,LOW,247645700
PRIORITY,LOW,247620800
PRIORITY,LOW,247596400
PRIORITY,LOW,247570300
PRIORITY,LOW,247546000
PRIORITY,LOW,247520700
PRIORITY,LOW,247496300
PRIORITY,LOW,247471900
PRIORITY,LOW,247417800
PRIORITY,LOW,247393800
PRIORITY,LOW,247368800
PRIORITY,LOW,247344500
PRIORITY,LOW,247318900
PRIORITY,LOW,247294300
PRIORITY,LOW,247268700
PRIORITY,LOW,247114800
PRIORITY,LOW,247090700
PRIORITY,LOW,247037100
PRIORITY,LOW,247012700
PRIORITY,LOW,246990200
PRIORITY,LOW,246966700
PRIORITY,LOW,246940900
PRIORITY,LOW,246916700
PRIORITY,LOW,246893200
PRIORITY,LOW,246870200
PRIORITY,LOW,246846300
PRIORITY,LOW,246793700
PRIORITY,LOW,246770000
PRIORITY,LOW,246746500
PRIORITY,LOW,246722400
PRIORITY,LOW,246696400
PRIORITY,LOW,246672500
PRIORITY,LOW,246648300
PRIORITY,LOW,246624200
PRIORITY,LOW,246600200
PRIORITY,LOW,246545800
PRIORITY,LOW,246521600
PRIORITY,LOW,246497600
PRIORITY,LOW,246473400
PRIORITY,LOW,246449600
PRIORITY,LOW,246423100
PRIORITY,LOW,246397500
PRIORITY,LOW,246348900
PRIORITY,LOW,246173300
PRIORITY,LOW,246079800
PRIORITY,LOW,246041200
PRIORITY,LOW,245998000
PRIORITY,LOW,245957800
PRIORITY,LOW,245918800
PRIORITY,LOW,245877800
PRIORITY,LOW,245840200
PRIORITY,LOW,245800200
PRIORITY,LOW,245753100
PRIORITY,LOW,245620000
PRIORITY,LOW,245561300
PRIORITY,LOW,245497400
PRIORITY,LOW,245467900
PRIORITY,LOW,245440600
PRIORITY,LOW,245386100
PRIORITY,LOW,245344900
PRIORITY,LOW,245299700
PRIORITY,LOW,245214300
PRIORITY,LOW,245118700
PRIORITY,LOW,245077600
PRIORITY,LOW,245033900
PRIORITY,LOW,244992900
PRIORITY,LOW,244946700
PRIORITY,LOW,244850100
PRIORITY,LOW,244813100
PRIORITY,LOW,244777400
PRIORITY,LOW,244741300
PRIORITY,LOW,244660700
PRIORITY,LOW,244621500
PRIORITY,LOW,244255800
PRIORITY,LOW,244189600
PRIORITY,LOW,244092100
PRIORITY,LOW,244018200
PRIORITY,LOW,243956800
PRIORITY,LOW,243908200
PRIORITY,LOW,243717700
PRIORITY,LOW,243513000
PRIORITY,LOW,243430000
PRIORITY,LOW,243376400
PRIORITY,LOW,243325200
PRIORITY,LOW,243283500
PRIORITY,LOW,243134900
PRIORITY,LOW,243175500
PRIORITY,LOW,243126300
PRIORITY,LOW,243086400
PRIORITY,LOW,242971300
PRIORITY,LOW,242620100
PRIORITY,LOW,242579200
PRIORITY,LOW,242537400
PRIORITY,LOW,242494100
PRIORITY,LOW,242452300
PRIORITY,LOW,242409600
PRIORITY,LOW,242374100
PRIORITY,LOW,242332900
PRIORITY,LOW,242233400
PRIORITY,LOW,242189700
PRIORITY,LOW,242148600
PRIORITY,LOW,242106300
PRIORITY,LOW,242064300
PRIORITY,LOW,242023200
PRIORITY,LOW,241979600
PRIORITY,LOW,241939000
PRIORITY,LOW,241738300
PRIORITY,LOW,241653800
PRIORITY,LOW,241611100
PRIORITY,LOW,241571700
PRIORITY,LOW,241531200
PRIORITY,LOW,241490500
PRIORITY,LOW,241450100
PRIORITY,LOW,241406400
PRIORITY,LOW,241365800
PRIORITY,LOW,241324000
PRIORITY,LOW,241241600
PRIORITY,LOW,241196900
PRIORITY,LOW,241151000
PRIORITY,LOW,241105800
PRIORITY,LOW,241058400
PRIORITY,LOW,241014100
PRIORITY,LOW,240970100
PRIORITY,LOW,240921700
PRIORITY,LOW,240878300
PRIORITY,LOW,240739600
PRIORITY,LOW,240654600
PRIORITY,LOW,240606100
PRIORITY,LOW,240562500
PRIORITY,LOW,240517600
PRIORITY,LOW,240473000
PRIORITY,LOW,240427800
PRIORITY,LOW,240381400
PRIORITY,LOW,240314600
PRIORITY,LOW,240221400
PRIORITY,LOW,240196500
PRIORITY,LOW,240161000
PRIORITY,LOW,240108600
PRIORITY,LOW,240062200
PRIORITY,LOW,240015200
PRIORITY,LOW,239968300
PRIORITY,LOW,239918000
PRIORITY,LOW,239869100
PRIORITY,LOW,239772500
PRIORITY,LOW,239716900
PRIORITY,LOW,239687800
PRIORITY,LOW,239662400
PRIORITY,LOW,239636300
PRIORITY,LOW,239611600
PRIORITY,LOW,239587500
PRIORITY,LOW,239562100
PRIORITY,LOW,239535800
PRIORITY,LOW,239482200
PRIORITY,LOW,239457600
PRIORITY,LOW,239433200
PRIORITY,LOW,239406800
PRIORITY,LOW,239381700
PRIORITY,LOW,239357600
PRIORITY,LOW,239332500
PRIORITY,LOW,239306600
PRIORITY,LOW,239280100
PRIORITY,LOW,239227500
PRIORITY,LOW,239202600
PRIORITY,LOW,239177400
PRIORITY,LOW,239150900
PRIORITY,LOW,239124500
PRIORITY,LOW,238963600
PRIORITY,LOW,238938800
PRIORITY,LOW,238914500
PRIORITY,LOW,238887800
PRIORITY,LOW,238835200
PRIORITY,LOW,238810900
PRIORITY,LOW,238786900
PRIORITY,LOW,238761100
PRIORITY,LOW,238747200
PRIORITY,LOW,238722100
PRIORITY,LOW,238697600
PRIORITY,LOW,238673700
PRIORITY,LOW,238647600
PRIORITY,LOW,238596200
PRIORITY,LOW,238571600
PRIORITY,LOW,238546700
PRIORITY,LOW,238520200
PRIORITY,LOW,238495800
PRIORITY,LOW,238471600
PRIORITY,LOW,238447400
PRIORITY,LOW,238423100
PRIORITY,LOW,238395900
PRIORITY,LOW,238343600
PRIORITY,LOW,238319600
PRIORITY,LOW,238295500
PRIORITY,LOW,238271300
PRIORITY,LOW,238244900
PRIORITY,LOW,238220500
PRIORITY,LOW,238196000
PRIORITY,LOW,238171700
PRIORITY,LOW,238147500
PRIORITY,LOW,238093000
PRIORITY,LOW,238068300
PRIORITY,LOW,238044000
PRIORITY,LOW,238019800
PRIORITY,LOW,237994000
PRIORITY,LOW,237970200
PRIORITY,LOW,237946000
PRIORITY,LOW,237920900
PRIORITY,LOW,237896600
PRIORITY,LOW,237842600
PRIORITY,LOW,237818500
PRIORITY,LOW,237794300
PRIORITY,LOW,237770000
PRIORITY,LOW,237743300
PRIORITY,LOW,237719000
PRIORITY,LOW,237694400
PRIORITY,LOW,237670500
PRIORITY,LOW,237646500
PRIORITY,LOW,237592400
PRIORITY,LOW,237568400
PRIORITY,LOW,237544400
PRIORITY,LOW,237520500
PRIORITY,LOW,237494500
PRIORITY,LOW,237462100
PRIORITY,LOW,237410200
PRIORITY,LOW,237363800
PRIORITY,LOW,237322600
PRIORITY,LOW,237268300
PRIORITY,LOW,237243900
PRIORITY,LOW,237219200
PRIORITY,LOW,237194700
PRIORITY,LOW,237169900
PRIORITY,LOW,237143700
PRIORITY,LOW,237119700
PRIORITY,LOW,237095400
PRIORITY,LOW,236925400
PRIORITY,LOW,236871800
PRIORITY,LOW,236846600
PRIORITY,LOW,236822500
PRIORITY,LOW,236798500
PRIORITY,LOW,236773400
PRIORITY,LOW,236747500
PRIORITY,LOW,236723200
PRIORITY,LOW,236698400
PRIORITY,LOW,236673200
